{"type":"FeatureCollection","features":[{"type":"Feature","properties":{"borough":"Staten Island","boro_code":5},"geometry":{"type":"MultiPolygon","coordinates":[[[[-74.05051,40.56643],[-74.04998,40.5664],[-74.04932,40.5659],[-74.04924,40.56537],[-74.05003,40.56533],[-74.05075,40.5659],[-74.05074,40.56604],[-74.05091,40.5661],[-74.05088,40.56619],[-74.05071,40.5662],[-74.05068,40.56632],[-74.05074,40.5664],[-74.05104,40.56663],[-74.05107,40.56673],[-74.05092,40.5667],[-74.05051,40.56643]]],[[[-74.05314,40.57771],[-74.05406,40.57712],[-74.0549,40.57779],[-74.05469,40.5797],[-74.05485,40.57972],[-74.05485,40.57995],[-74.05369,40.58056],[-74.05293,40.57991],[-74.05314,40.57771]]],[[[-74.15946,40.64146],[-74.15975,40.64142],[-74.15998,40.64145],[-74.16047,40.64165],[-74.1607,40.6417],[-74.16111,40.64184],[-74.16118,40.642],[-74.16123,40.64263],[-74.16154,40.64398],[-74.16154,40.64416],[-74.1581,40.64377],[-74.15803,40.64366],[-74.15756,40.64325],[-74.15768,40.64318],[-74.15781,40.64316],[-74.15801,40.64303],[-74.15813,40.64283],[-74.1582,40.6426],[-74.15833,40.64254],[-74.15853,40.64251],[-74.15859,40.64247],[-74.15869,40.64229],[-74.15881,40.64177],[-74.1592,40.64166],[-74.15946,40.64146]]],[[[-74.08221,40.64829],[-74.08213,40.64829],[-74.08142,40.64851],[-74.08073,40.64828],[-74.08052,40.64825],[-74.07981,40.64839],[-74.07923,40.64819],[-74.079,40.64815],[-74.07709,40.64721],[-74.07699,40.64721],[-74.07683,40.64709],[-74.07651,40.64698],[-74.07599,40.64656],[-74.07445,40.64508],[-74.07408,40.64509],[-74.07396,40.6452],[-74.07359,40.64501],[-74.0735,40.64509],[-74.07376,40.64532],[-74.0738,40.64529],[-74.07383,40.64532],[-74.07378,40.64536],[-74.07386,40.64543],[-74.07334,40.64579],[-74.07325,40.64571],[-74.07349,40.64556],[-74.07342,40.6455],[-74.07369,40.64531],[-74.07347,40.64512],[-74.07324,40.64497],[-74.07306,40.64515],[-74.07303,40.64514],[-74.0732,40.64495],[-74.07301,40.64485],[-74.07306,40.64482],[-74.07343,40.64501],[-74.07327,40.64492],[-74.07335,40.64486],[-74.07312,40.64472],[-74.07293,40.64487],[-74.07288,40.64485],[-74.0728,40.64492],[-74.07259,40.6448],[-74.0727,40.64465],[-74.0726,40.64474],[-74.07257,40.64473],[-74.07261,40.64468],[-74.07257,40.6447],[-74.07253,40.64468],[-74.07258,40.64463],[-74.07262,40.64466],[-74.07267,40.64463],[-74.07253,40.64457],[-74.07259,40.64454],[-74.07273,40.64463],[-74.07279,40.64456],[-74.07275,40.64453],[-74.07278,40.6445],[-74.0727,40.64445],[-74.07233,40.64461],[-74.07172,40.64504],[-74.07166,40.64504],[-74.07231,40.64459],[-74.07226,40.64455],[-74.07216,40.64459],[-74.07202,40.64442],[-74.07211,40.64437],[-74.0721,40.64435],[-74.07229,40.64427],[-74.07219,40.64412],[-74.07186,40.64421],[-74.07176,40.64402],[-74.07206,40.64391],[-74.072,40.64379],[-74.07179,40.64382],[-74.07177,40.64378],[-74.07165,40.6438],[-74.07159,40.6436],[-74.07163,40.64359],[-74.0716,40.64347],[-74.07136,40.64351],[-74.07134,40.64346],[-74.07149,40.64344],[-74.07147,40.64337],[-74.0715,40.64336],[-74.07142,40.6432],[-74.07114,40.64326],[-74.07113,40.64321],[-74.0715,40.64314],[-74.07148,40.64282],[-74.07165,40.64281],[-74.07165,40.64269],[-74.0717,40.64269],[-74.0717,40.6428],[-74.07219,40.64272],[-74.07211,40.64247],[-74.07038,40.6427],[-74.07033,40.64253],[-74.07324,40.64219],[-74.07315,40.64186],[-74.07025,40.64222],[-74.0702,40.64202],[-74.07309,40.64165],[-74.07289,40.64093],[-74.07196,40.641],[-74.07198,40.64102],[-74.07181,40.64104],[-74.07181,40.64113],[-74.07002,40.64129],[-74.06999,40.64108],[-74.07178,40.64093],[-74.07182,40.6409],[-74.07285,40.64081],[-74.07278,40.64054],[-74.07308,40.64052],[-74.07309,40.63863],[-74.07293,40.6386],[-74.07293,40.63845],[-74.07302,40.63842],[-74.07293,40.63842],[-74.07292,40.63838],[-74.07267,40.63838],[-74.07259,40.63831],[-74.07261,40.63824],[-74.07239,40.63825],[-74.07238,40.63817],[-74.07261,40.63814],[-74.07257,40.63788],[-74.07349,40.6378],[-74.07346,40.63766],[-74.07354,40.63765],[-74.07337,40.63662],[-74.07211,40.63673],[-74.0721,40.63666],[-74.07336,40.63654],[-74.07304,40.63481],[-74.07291,40.63364],[-74.07333,40.63207],[-74.07299,40.63032],[-74.06802,40.6288],[-74.06813,40.62855],[-74.07291,40.63],[-74.07293,40.62996],[-74.07251,40.62778],[-74.07246,40.62772],[-74.07246,40.62765],[-74.0724,40.62764],[-74.0723,40.62715],[-74.07298,40.62712],[-74.07319,40.62708],[-74.0735,40.62698],[-74.07355,40.62693],[-74.07353,40.62687],[-74.07288,40.62694],[-74.07271,40.62688],[-74.07226,40.62462],[-74.07124,40.6231],[-74.07106,40.6228],[-74.07092,40.62266],[-74.07072,40.62259],[-74.07059,40.62239],[-74.07057,40.62229],[-74.07045,40.6221],[-74.07034,40.62199],[-74.07024,40.6218],[-74.07009,40.62162],[-74.07003,40.62146],[-74.06998,40.62143],[-74.06991,40.62145],[-74.06988,40.62141],[-74.0699,40.62136],[-74.06977,40.62128],[-74.06976,40.62122],[-74.06946,40.6211],[-74.06669,40.61909],[-74.06666,40.61902],[-74.06649,40.61891],[-74.06596,40.61937],[-74.06591,40.61932],[-74.06641,40.61887],[-74.0662,40.61873],[-74.06557,40.61928],[-74.06545,40.61921],[-74.06668,40.61808],[-74.06642,40.61788],[-74.06605,40.6182],[-74.0657,40.61796],[-74.06547,40.61812],[-74.06496,40.61778],[-74.06436,40.61825],[-74.06426,40.61818],[-74.0651,40.61752],[-74.06444,40.61707],[-74.06401,40.61741],[-74.06391,40.61734],[-74.06433,40.617],[-74.0642,40.61691],[-74.06387,40.61687],[-74.06376,40.61681],[-74.06373,40.61674],[-74.06377,40.61661],[-74.06356,40.61645],[-74.06288,40.61575],[-74.06183,40.6148],[-74.06144,40.61439],[-74.06104,40.6136],[-74.06081,40.61304],[-74.06074,40.61305],[-74.06065,40.61282],[-74.06068,40.61259],[-74.0606,40.61226],[-74.06034,40.61191],[-74.05986,40.61211],[-74.06005,40.61273],[-74.06001,40.61273],[-74.06002,40.61277],[-74.0602,40.61279],[-74.06,40.61279],[-74.05977,40.61206],[-74.06027,40.61183],[-74.06008,40.61184],[-74.0599,40.61176],[-74.05948,40.6117],[-74.05892,40.61106],[-74.0589,40.61101],[-74.05893,40.61095],[-74.05912,40.61083],[-74.05909,40.61064],[-74.05858,40.61006],[-74.05848,40.61002],[-74.05848,40.60994],[-74.05833,40.60978],[-74.05776,40.60933],[-74.05717,40.60875],[-74.05697,40.60828],[-74.05677,40.60791],[-74.05666,40.60756],[-74.0565,40.60726],[-74.05601,40.60679],[-74.05552,40.60649],[-74.05538,40.6065],[-74.05529,40.60655],[-74.05516,40.60674],[-74.05499,40.60667],[-74.05504,40.60667],[-74.05505,40.60664],[-74.05502,40.60663],[-74.05506,40.60658],[-74.05511,40.6066],[-74.05518,40.60648],[-74.05515,40.60634],[-74.05506,40.60627],[-74.05381,40.60592],[-74.05361,40.60525],[-74.05402,40.60494],[-74.0537,40.60416],[-74.05354,40.60364],[-74.05321,40.60207],[-74.05309,40.60181],[-74.05303,40.60147],[-74.0531,40.60122],[-74.05332,40.60102],[-74.05339,40.60088],[-74.05343,40.60071],[-74.05342,40.60052],[-74.05319,40.60029],[-74.0524,40.59988],[-74.05226,40.59986],[-74.05223,40.59983],[-74.05225,40.59976],[-74.05233,40.59972],[-74.05249,40.59975],[-74.05272,40.59986],[-74.05287,40.59988],[-74.0531,40.59974],[-74.05434,40.59883],[-74.05431,40.59879],[-74.05448,40.59876],[-74.0572,40.5964],[-74.05973,40.59392],[-74.05975,40.59386],[-74.05964,40.59372],[-74.05977,40.59384],[-74.06055,40.59339],[-74.06215,40.59203],[-74.06503,40.589],[-74.06503,40.58892],[-74.06436,40.58828],[-74.06441,40.58825],[-74.06459,40.58841],[-74.06478,40.5885],[-74.06594,40.58761],[-74.06722,40.58674],[-74.06934,40.58478],[-74.06981,40.58431],[-74.07021,40.58399],[-74.07096,40.58319],[-74.07145,40.58244],[-74.07149,40.58218],[-74.0706,40.5817],[-74.07066,40.58163],[-74.07147,40.58204],[-74.07178,40.58188],[-74.07336,40.58069],[-74.075,40.57924],[-74.07482,40.57911],[-74.07459,40.57903],[-74.07441,40.57889],[-74.07415,40.5788],[-74.07397,40.57865],[-74.07371,40.57857],[-74.07351,40.57841],[-74.07345,40.57839],[-74.07338,40.57847],[-74.07332,40.57847],[-74.0733,40.57843],[-74.07336,40.57828],[-74.07355,40.57821],[-74.07358,40.57824],[-74.0735,40.57834],[-74.07508,40.57917],[-74.0758,40.57832],[-74.07524,40.57801],[-74.07535,40.5779],[-74.07602,40.57825],[-74.0764,40.578],[-74.07641,40.57798],[-74.0763,40.57791],[-74.07649,40.57797],[-74.07672,40.57774],[-74.07688,40.57765],[-74.07692,40.57759],[-74.07674,40.57738],[-74.07694,40.57754],[-74.07738,40.57729],[-74.07878,40.57602],[-74.07926,40.57568],[-74.07868,40.57509],[-74.07875,40.57505],[-74.07934,40.57564],[-74.0805,40.57499],[-74.08091,40.5747],[-74.08134,40.57433],[-74.08301,40.57279],[-74.0836,40.57238],[-74.08469,40.57149],[-74.08595,40.57031],[-74.08655,40.56964],[-74.08691,40.56899],[-74.08619,40.56857],[-74.08622,40.56854],[-74.08725,40.56909],[-74.08831,40.56834],[-74.0892,40.56718],[-74.08914,40.56714],[-74.08925,40.56702],[-74.08998,40.56739],[-74.09055,40.56709],[-74.091,40.56675],[-74.09124,40.56651],[-74.09405,40.56299],[-74.094,40.56281],[-74.09407,40.56274],[-74.09511,40.56318],[-74.09543,40.56316],[-74.09568,40.56293],[-74.09567,40.56278],[-74.09576,40.56274],[-74.09589,40.56273],[-74.09612,40.5626],[-74.09662,40.5621],[-74.09687,40.56173],[-74.09703,40.56134],[-74.09742,40.56089],[-74.09799,40.55998],[-74.0982,40.55984],[-74.09827,40.55956],[-74.09829,40.55934],[-74.09809,40.55921],[-74.09783,40.55913],[-74.0978,40.5591],[-74.09782,40.55906],[-74.09793,40.55905],[-74.09866,40.55942],[-74.09877,40.55943],[-74.0991,40.55927],[-74.09933,40.55911],[-74.0993,40.55901],[-74.09938,40.55897],[-74.09987,40.5591],[-74.10021,40.55888],[-74.1008,40.55833],[-74.10125,40.55767],[-74.10185,40.55623],[-74.10184,40.55595],[-74.10138,40.5557],[-74.10136,40.55559],[-74.10141,40.55555],[-74.10148,40.55554],[-74.10265,40.55614],[-74.1031,40.55591],[-74.10386,40.55513],[-74.10466,40.55413],[-74.10509,40.55324],[-74.10486,40.55309],[-74.10485,40.55303],[-74.10492,40.55302],[-74.10643,40.55386],[-74.10644,40.55398],[-74.1064,40.55407],[-74.10641,40.55412],[-74.10648,40.55417],[-74.10657,40.5542],[-74.10705,40.5542],[-74.10735,40.55416],[-74.10769,40.55398],[-74.10854,40.55327],[-74.10923,40.55261],[-74.11029,40.5515],[-74.11279,40.54789],[-74.11301,40.54779],[-74.11338,40.54808],[-74.11375,40.54803],[-74.11388,40.5481],[-74.11474,40.548],[-74.11497,40.5479],[-74.11527,40.54758],[-74.11546,40.54752],[-74.11562,40.54755],[-74.11581,40.54775],[-74.11608,40.54787],[-74.11631,40.54791],[-74.11655,40.54788],[-74.1173,40.54747],[-74.11766,40.54736],[-74.11804,40.54731],[-74.11863,40.54679],[-74.11935,40.54586],[-74.11955,40.54564],[-74.11978,40.54548],[-74.12005,40.54537],[-74.12047,40.54529],[-74.12107,40.54533],[-74.1216,40.54529],[-74.1221,40.54513],[-74.1225,40.54487],[-74.12425,40.54312],[-74.12638,40.54053],[-74.12763,40.53873],[-74.13071,40.53454],[-74.13357,40.53152],[-74.13619,40.52963],[-74.13691,40.52929],[-74.13729,40.52975],[-74.13744,40.52968],[-74.13825,40.5297],[-74.13865,40.52981],[-74.13883,40.5299],[-74.13888,40.52997],[-74.13902,40.53028],[-74.13904,40.53044],[-74.139,40.53093],[-74.13907,40.53129],[-74.13915,40.53153],[-74.14027,40.53331],[-74.14061,40.53414],[-74.14061,40.5346],[-74.14048,40.53509],[-74.14042,40.53524],[-74.14026,40.53545],[-74.1401,40.53549],[-74.13999,40.53549],[-74.13948,40.53537],[-74.13886,40.53527],[-74.13801,40.53521],[-74.13577,40.53524],[-74.1353,40.53527],[-74.13483,40.53531],[-74.1341,40.5355],[-74.13341,40.53591],[-74.13303,40.53625],[-74.13338,40.53633],[-74.13337,40.53636],[-74.13301,40.53626],[-74.13297,40.5363],[-74.13317,40.53636],[-74.13316,40.53638],[-74.13309,40.53636],[-74.13308,40.53641],[-74.13294,40.53633],[-74.1312,40.53788],[-74.13128,40.53794],[-74.13153,40.53773],[-74.13129,40.53796],[-74.13182,40.53832],[-74.13211,40.53806],[-74.13177,40.53783],[-74.1317,40.53789],[-74.1317,40.53787],[-74.13185,40.53774],[-74.13179,40.53781],[-74.13214,40.53804],[-74.13243,40.53778],[-74.132,40.53749],[-74.13191,40.53754],[-74.13208,40.5374],[-74.13202,40.53747],[-74.13245,40.53777],[-74.13276,40.53751],[-74.13232,40.53721],[-74.13224,40.53727],[-74.1324,40.53713],[-74.13234,40.5372],[-74.13278,40.53749],[-74.13308,40.53724],[-74.13265,40.53695],[-74.13256,40.537],[-74.13274,40.53686],[-74.13267,40.53693],[-74.1331,40.53722],[-74.13339,40.53697],[-74.13296,40.53667],[-74.13288,40.53673],[-74.13304,40.53658],[-74.13297,40.53665],[-74.13341,40.53695],[-74.13369,40.53671],[-74.13367,40.5367],[-74.13381,40.53657],[-74.13386,40.53661],[-74.13105,40.53901],[-74.12997,40.53998],[-74.12994,40.53996],[-74.13021,40.53971],[-74.12977,40.53942],[-74.12969,40.53948],[-74.12985,40.53934],[-74.12979,40.53941],[-74.13023,40.53969],[-74.13052,40.53943],[-74.13009,40.53913],[-74.13,40.53918],[-74.13017,40.53904],[-74.13011,40.53911],[-74.13054,40.53942],[-74.13084,40.53916],[-74.13041,40.53886],[-74.13032,40.53891],[-74.13049,40.53877],[-74.13043,40.53884],[-74.13086,40.53914],[-74.13115,40.53888],[-74.13072,40.53859],[-74.13065,40.53865],[-74.13066,40.53863],[-74.1308,40.5385],[-74.13074,40.53857],[-74.13118,40.53886],[-74.13148,40.53861],[-74.13104,40.53831],[-74.13097,40.53838],[-74.13098,40.53835],[-74.13112,40.53823],[-74.13106,40.5383],[-74.1315,40.53859],[-74.13179,40.53833],[-74.13117,40.53791],[-74.12882,40.53999],[-74.12879,40.53997],[-74.12845,40.54026],[-74.12799,40.54072],[-74.12771,40.54116],[-74.12756,40.54146],[-74.12746,40.54175],[-74.12741,40.54203],[-74.12741,40.54258],[-74.1276,40.54323],[-74.12767,40.54339],[-74.1277,40.54338],[-74.12773,40.54343],[-74.1279,40.54337],[-74.12789,40.54332],[-74.12793,40.54338],[-74.12757,40.54351],[-74.12763,40.54362],[-74.12799,40.54349],[-74.12803,40.54356],[-74.12798,40.54352],[-74.12782,40.54357],[-74.12838,40.54435],[-74.12902,40.54507],[-74.12955,40.54558],[-74.12987,40.54584],[-74.13026,40.54606],[-74.13073,40.54626],[-74.13133,40.54647],[-74.13201,40.54665],[-74.13275,40.5468],[-74.13326,40.54686],[-74.13364,40.54686],[-74.13418,40.54682],[-74.13542,40.54658],[-74.13641,40.54626],[-74.13649,40.54608],[-74.13646,40.54598],[-74.13652,40.54592],[-74.13697,40.54598],[-74.13707,40.54597],[-74.13702,40.54589],[-74.1371,40.54596],[-74.13713,40.54594],[-74.13706,40.54587],[-74.13718,40.5458],[-74.13626,40.54497],[-74.13614,40.54505],[-74.13612,40.54503],[-74.13639,40.54486],[-74.1364,40.54488],[-74.13629,40.54496],[-74.13719,40.54579],[-74.13751,40.54559],[-74.13674,40.54481],[-74.13661,40.54487],[-74.13659,40.54485],[-74.13687,40.54469],[-74.13689,40.54471],[-74.13675,40.54479],[-74.13743,40.54547],[-74.13742,40.54545],[-74.1375,40.54543],[-74.13753,40.54546],[-74.13745,40.5455],[-74.13789,40.5459],[-74.13795,40.54601],[-74.13823,40.5458],[-74.13841,40.54561],[-74.13869,40.54544],[-74.13882,40.54527],[-74.13887,40.54514],[-74.1387,40.545],[-74.13874,40.54495],[-74.13872,40.54494],[-74.13811,40.54451],[-74.13804,40.54456],[-74.13763,40.54426],[-74.13776,40.54415],[-74.13778,40.54417],[-74.13768,40.54427],[-74.13803,40.54451],[-74.1381,40.54447],[-74.13876,40.54494],[-74.13902,40.54472],[-74.13799,40.544],[-74.1379,40.54408],[-74.13787,40.54406],[-74.13804,40.54391],[-74.13807,40.54393],[-74.13801,40.54398],[-74.13903,40.54471],[-74.13954,40.5443],[-74.13943,40.54423],[-74.13911,40.54448],[-74.13915,40.54452],[-74.13903,40.54444],[-74.13909,40.54447],[-74.13942,40.54421],[-74.13929,40.54412],[-74.13898,40.54438],[-74.13891,40.54434],[-74.13897,40.54436],[-74.13916,40.54421],[-74.13925,40.54413],[-74.1392,40.54409],[-74.13922,40.54407],[-74.13908,40.54398],[-74.13884,40.54418],[-74.1389,40.54423],[-74.13888,40.54425],[-74.13873,40.54414],[-74.13883,40.54417],[-74.13908,40.54397],[-74.13884,40.5438],[-74.13854,40.54405],[-74.13859,40.54411],[-74.13842,40.54399],[-74.13851,40.54403],[-74.13882,40.54379],[-74.13854,40.5436],[-74.13845,40.54369],[-74.13846,40.54372],[-74.13836,40.54366],[-74.13821,40.54378],[-74.13828,40.54387],[-74.13815,40.54378],[-74.13837,40.54361],[-74.13844,40.54365],[-74.13853,40.54359],[-74.13851,40.54357],[-74.13844,40.54363],[-74.13841,40.54361],[-74.13848,40.54355],[-74.13845,40.54352],[-74.13838,40.54358],[-74.13834,40.54356],[-74.13852,40.54341],[-74.13856,40.54343],[-74.13846,40.54351],[-74.13849,40.54354],[-74.13859,40.54346],[-74.13862,40.54348],[-74.13853,40.54355],[-74.13957,40.54428],[-74.13984,40.54406],[-74.13895,40.54342],[-74.13891,40.54344],[-74.13871,40.5433],[-74.13891,40.54314],[-74.13893,40.54316],[-74.13877,40.5433],[-74.13886,40.54337],[-74.13904,40.54324],[-74.13906,40.54325],[-74.13895,40.54335],[-74.13899,40.54339],[-74.13968,40.5439],[-74.13987,40.54375],[-74.13989,40.54376],[-74.1397,40.54392],[-74.13987,40.54404],[-74.14004,40.54389],[-74.14,40.54385],[-74.14001,40.54384],[-74.14031,40.54406],[-74.14036,40.54402],[-74.14039,40.54404],[-74.14046,40.54394],[-74.14031,40.54383],[-74.14033,40.54381],[-74.14024,40.54383],[-74.14029,40.54378],[-74.13935,40.5431],[-74.13924,40.54319],[-74.13922,40.54317],[-74.13941,40.54302],[-74.13944,40.54304],[-74.13939,40.5431],[-74.14023,40.5437],[-74.1403,40.54365],[-74.14013,40.54352],[-74.14029,40.54339],[-74.13946,40.54279],[-74.13939,40.54285],[-74.13936,40.54283],[-74.13954,40.54269],[-74.13957,40.54271],[-74.13948,40.54278],[-74.14031,40.54338],[-74.14063,40.54312],[-74.13976,40.54249],[-74.13966,40.54257],[-74.13963,40.54255],[-74.13986,40.54237],[-74.13989,40.54238],[-74.13978,40.54247],[-74.14065,40.5431],[-74.14085,40.54295],[-74.14105,40.5431],[-74.14109,40.54306],[-74.14097,40.54297],[-74.14099,40.54296],[-74.14126,40.54316],[-74.14133,40.5431],[-74.14039,40.54243],[-74.14044,40.54239],[-74.14041,40.54237],[-74.14029,40.54246],[-74.14017,40.54237],[-74.14034,40.54224],[-74.14036,40.54225],[-74.14021,40.54237],[-74.14029,40.54243],[-74.14041,40.54234],[-74.14048,40.54239],[-74.14043,40.54243],[-74.1413,40.54307],[-74.14134,40.54309],[-74.14141,40.54303],[-74.14108,40.5428],[-74.14116,40.54273],[-74.14107,40.54266],[-74.14109,40.54265],[-74.1413,40.54278],[-74.14133,40.54276],[-74.14113,40.54261],[-74.14114,40.5426],[-74.14125,40.54267],[-74.14134,40.5426],[-74.14129,40.54261],[-74.14122,40.54256],[-74.14125,40.54254],[-74.14057,40.54206],[-74.14047,40.54214],[-74.14026,40.54197],[-74.1403,40.54194],[-74.1405,40.54207],[-74.14068,40.54192],[-74.14071,40.54193],[-74.1406,40.54202],[-74.14062,40.54206],[-74.14135,40.54259],[-74.14146,40.54249],[-74.14128,40.54236],[-74.1413,40.54234],[-74.14148,40.54248],[-74.14153,40.54243],[-74.14135,40.5423],[-74.14155,40.54242],[-74.1418,40.54221],[-74.1409,40.54158],[-74.14085,40.54156],[-74.14066,40.54172],[-74.14064,40.5417],[-74.14096,40.54144],[-74.14098,40.54146],[-74.1409,40.54155],[-74.14181,40.54219],[-74.14185,40.54216],[-74.14187,40.54217],[-74.14167,40.54234],[-74.14169,40.54236],[-74.14186,40.54236],[-74.14214,40.54225],[-74.14224,40.54232],[-74.1423,40.54226],[-74.14218,40.54203],[-74.14235,40.54169],[-74.14234,40.54152],[-74.14246,40.5414],[-74.14248,40.54134],[-74.14241,40.54121],[-74.14221,40.54097],[-74.1422,40.5409],[-74.14227,40.54082],[-74.14204,40.54066],[-74.14203,40.5406],[-74.14208,40.54052],[-74.14199,40.54041],[-74.14191,40.54037],[-74.14191,40.54022],[-74.14178,40.5401],[-74.14179,40.54006],[-74.14186,40.54004],[-74.14189,40.54],[-74.14184,40.53975],[-74.14189,40.5397],[-74.14199,40.53967],[-74.14201,40.53958],[-74.14173,40.53935],[-74.14177,40.53928],[-74.14189,40.53922],[-74.14222,40.53915],[-74.1423,40.53908],[-74.14224,40.53904],[-74.14234,40.53896],[-74.14177,40.53855],[-74.14227,40.53815],[-74.14187,40.53845],[-74.14184,40.53843],[-74.14223,40.53812],[-74.14208,40.53801],[-74.14217,40.53794],[-74.14122,40.53726],[-74.14107,40.53737],[-74.14104,40.53736],[-74.1413,40.53715],[-74.14132,40.53716],[-74.14124,40.53724],[-74.14219,40.53793],[-74.14239,40.53776],[-74.14158,40.5371],[-74.14174,40.53705],[-74.14305,40.53725],[-74.14384,40.53715],[-74.14418,40.5368],[-74.14428,40.53664],[-74.1443,40.53654],[-74.14456,40.53596],[-74.14474,40.53581],[-74.14544,40.53583],[-74.14602,40.53556],[-74.14595,40.53544],[-74.146,40.5354],[-74.14619,40.53537],[-74.1467,40.53542],[-74.14702,40.53525],[-74.14794,40.53493],[-74.14922,40.53425],[-74.14978,40.5339],[-74.14972,40.5335],[-74.14976,40.53343],[-74.14986,40.53331],[-74.1503,40.53293],[-74.15022,40.53291],[-74.15027,40.53287],[-74.15032,40.53292],[-74.15047,40.53274],[-74.1507,40.53255],[-74.15112,40.53275],[-74.15145,40.5326],[-74.15176,40.53241],[-74.15177,40.53238],[-74.15168,40.53228],[-74.15185,40.53217],[-74.15212,40.53219],[-74.15246,40.53208],[-74.154,40.53084],[-74.1539,40.53068],[-74.15394,40.53067],[-74.15411,40.53077],[-74.15431,40.5306],[-74.15427,40.53054],[-74.1545,40.53033],[-74.15463,40.53036],[-74.1547,40.53026],[-74.1545,40.53011],[-74.15455,40.53007],[-74.15493,40.53023],[-74.15527,40.53001],[-74.15565,40.52965],[-74.15547,40.52949],[-74.15551,40.52945],[-74.15573,40.52961],[-74.15599,40.52943],[-74.15633,40.52912],[-74.15643,40.52901],[-74.15645,40.52894],[-74.15614,40.52866],[-74.15619,40.52862],[-74.15667,40.529],[-74.15677,40.52903],[-74.15702,40.52899],[-74.15721,40.52885],[-74.1579,40.52854],[-74.15826,40.52831],[-74.15795,40.52809],[-74.15797,40.52808],[-74.15833,40.52829],[-74.15868,40.52811],[-74.1589,40.52794],[-74.15917,40.52768],[-74.15928,40.52752],[-74.1594,40.52744],[-74.1597,40.5273],[-74.15988,40.52738],[-74.16006,40.52735],[-74.16023,40.52754],[-74.16031,40.52756],[-74.16158,40.52702],[-74.16227,40.5272],[-74.16313,40.52677],[-74.16372,40.52636],[-74.16389,40.52633],[-74.16554,40.52543],[-74.16624,40.5252],[-74.16658,40.52502],[-74.16885,40.5236],[-74.16945,40.52334],[-74.17,40.52305],[-74.17015,40.52302],[-74.17051,40.52306],[-74.17109,40.52344],[-74.17129,40.52347],[-74.17196,40.52327],[-74.1727,40.52298],[-74.17343,40.52258],[-74.17601,40.52088],[-74.17762,40.51934],[-74.17755,40.51928],[-74.17758,40.51924],[-74.17779,40.51937],[-74.17827,40.51993],[-74.17832,40.51995],[-74.17886,40.52005],[-74.17925,40.51999],[-74.17927,40.52002],[-74.1793,40.52017],[-74.17939,40.52029],[-74.17981,40.52056],[-74.18051,40.52059],[-74.18105,40.52067],[-74.18182,40.52049],[-74.18192,40.52043],[-74.18204,40.52044],[-74.18244,40.52033],[-74.18288,40.52013],[-74.18317,40.51991],[-74.18332,40.51986],[-74.18343,40.5199],[-74.18381,40.51976],[-74.18404,40.51963],[-74.18429,40.51959],[-74.18483,40.51935],[-74.18589,40.51864],[-74.18657,40.51812],[-74.18762,40.51711],[-74.18817,40.51665],[-74.1885,40.51632],[-74.18895,40.51581],[-74.18927,40.51535],[-74.18884,40.5151],[-74.18945,40.51536],[-74.18959,40.51537],[-74.18971,40.51533],[-74.19158,40.51335],[-74.19179,40.51306],[-74.19194,40.51294],[-74.19221,40.5128],[-74.19344,40.51158],[-74.19381,40.51113],[-74.1941,40.51065],[-74.19521,40.50999],[-74.19594,40.50986],[-74.19622,40.50987],[-74.1965,40.50993],[-74.19692,40.51014],[-74.19798,40.51088],[-74.19861,40.51121],[-74.19908,40.51136],[-74.19956,40.51139],[-74.19967,40.51144],[-74.19982,40.51161],[-74.19993,40.51184],[-74.19995,40.51212],[-74.20007,40.51239],[-74.20006,40.51263],[-74.20004,40.51269],[-74.1999,40.51273],[-74.19893,40.51279],[-74.19907,40.51309],[-74.19919,40.5131],[-74.19929,40.513],[-74.19959,40.51302],[-74.19996,40.51294],[-74.20046,40.51304],[-74.20083,40.51304],[-74.20268,40.51275],[-74.2048,40.5123],[-74.20491,40.51229],[-74.20531,40.51233],[-74.20757,40.51186],[-74.208,40.51173],[-74.20861,40.51147],[-74.20917,40.51116],[-74.20969,40.51081],[-74.20928,40.51049],[-74.20922,40.51053],[-74.20919,40.51051],[-74.20932,40.51041],[-74.20936,40.51043],[-74.2093,40.51047],[-74.20972,40.51079],[-74.20985,40.51068],[-74.21014,40.51042],[-74.21052,40.51],[-74.21084,40.50954],[-74.21111,40.50905],[-74.21131,40.50892],[-74.2118,40.5083],[-74.21179,40.50818],[-74.21189,40.50818],[-74.21199,40.50811],[-74.21223,40.50782],[-74.21227,40.50774],[-74.21227,40.50768],[-74.21241,40.50764],[-74.21263,40.50737],[-74.21338,40.50677],[-74.21353,40.5066],[-74.21353,40.50641],[-74.21386,40.50662],[-74.21434,40.50653],[-74.21482,40.50627],[-74.21511,40.50607],[-74.21566,40.50562],[-74.21591,40.50538],[-74.21624,40.50498],[-74.21642,40.5047],[-74.21736,40.50365],[-74.21753,40.50339],[-74.21758,40.50335],[-74.21795,40.50337],[-74.21829,40.50319],[-74.21902,40.503],[-74.21977,40.50275],[-74.22004,40.50273],[-74.22064,40.50276],[-74.22127,40.50266],[-74.22166,40.50255],[-74.22184,40.50255],[-74.22211,40.50261],[-74.22247,40.50251],[-74.22272,40.50254],[-74.22305,40.50249],[-74.22336,40.50232],[-74.22368,40.50231],[-74.22399,40.50223],[-74.22445,40.50197],[-74.225,40.50178],[-74.22521,40.50178],[-74.22549,40.50185],[-74.22662,40.50223],[-74.22702,40.50229],[-74.2273,40.50231],[-74.22795,40.50225],[-74.22844,40.50226],[-74.22972,40.50209],[-74.23033,40.50187],[-74.23034,40.50181],[-74.23041,40.50192],[-74.23056,40.50196],[-74.23125,40.50184],[-74.23215,40.50151],[-74.23305,40.50111],[-74.23321,40.5011],[-74.2336,40.50092],[-74.23527,40.50061],[-74.23573,40.50041],[-74.23596,40.50035],[-74.23643,40.50009],[-74.23647,40.50012],[-74.23679,40.50001],[-74.23701,40.49986],[-74.23741,40.49951],[-74.23769,40.49918],[-74.23767,40.49913],[-74.23775,40.49911],[-74.23777,40.49919],[-74.23799,40.49917],[-74.23851,40.4989],[-74.23967,40.49771],[-74.23985,40.49759],[-74.23998,40.49758],[-74.24025,40.49765],[-74.24064,40.49762],[-74.24096,40.49765],[-74.24163,40.49762],[-74.24214,40.49753],[-74.24279,40.49764],[-74.24341,40.49759],[-74.24398,40.49759],[-74.24433,40.49755],[-74.24466,40.49746],[-74.24549,40.49705],[-74.24591,40.49679],[-74.24631,40.49645],[-74.24676,40.49614],[-74.24758,40.49619],[-74.24818,40.49629],[-74.24894,40.49652],[-74.24964,40.49685],[-74.24993,40.49709],[-74.25033,40.49755],[-74.25086,40.49801],[-74.25098,40.4983],[-74.251,40.49863],[-74.25111,40.49894],[-74.25147,40.4992],[-74.2526,40.49965],[-74.25291,40.49987],[-74.25316,40.50013],[-74.25341,40.50052],[-74.25385,40.50164],[-74.25406,40.50196],[-74.25428,40.50217],[-74.25528,40.50406],[-74.25537,40.50456],[-74.25531,40.50654],[-74.25535,40.50687],[-74.25558,40.50759],[-74.25559,40.50772],[-74.25545,40.50804],[-74.25525,40.50825],[-74.25504,40.50841],[-74.2549,40.50844],[-74.25463,40.50868],[-74.25473,40.50873],[-74.25498,40.50878],[-74.25497,40.50881],[-74.25462,40.50869],[-74.25449,40.50881],[-74.25435,40.5088],[-74.25412,40.509],[-74.25404,40.50896],[-74.254,40.50898],[-74.25398,40.50903],[-74.25411,40.50918],[-74.25404,40.50926],[-74.25431,40.50938],[-74.25435,40.50934],[-74.25439,40.50935],[-74.25432,40.50942],[-74.25402,40.50928],[-74.25389,40.50943],[-74.25374,40.50939],[-74.25369,40.50943],[-74.25369,40.50949],[-74.25457,40.50989],[-74.25462,40.50982],[-74.25465,40.50983],[-74.25453,40.50998],[-74.2545,40.50997],[-74.25455,40.5099],[-74.25365,40.50948],[-74.2535,40.50961],[-74.25348,40.50968],[-74.25332,40.50987],[-74.25315,40.5104],[-74.25307,40.51106],[-74.25326,40.5111],[-74.25306,40.51108],[-74.25301,40.5112],[-74.25302,40.51129],[-74.25308,40.5114],[-74.25344,40.51164],[-74.25349,40.5116],[-74.25346,40.51164],[-74.25349,40.51166],[-74.25353,40.51163],[-74.2535,40.51166],[-74.25353,40.51169],[-74.2535,40.51171],[-74.25309,40.51142],[-74.25304,40.51144],[-74.253,40.51187],[-74.25302,40.51195],[-74.2531,40.51205],[-74.25309,40.51213],[-74.25217,40.51279],[-74.25195,40.51301],[-74.25193,40.51322],[-74.25215,40.51356],[-74.25213,40.51372],[-74.25176,40.51405],[-74.25149,40.51422],[-74.25135,40.5144],[-74.2511,40.51446],[-74.25061,40.51469],[-74.25043,40.51481],[-74.25019,40.51502],[-74.25011,40.51505],[-74.25006,40.51515],[-74.25008,40.51523],[-74.25056,40.51572],[-74.25046,40.51578],[-74.2502,40.51552],[-74.25028,40.51547],[-74.25016,40.51537],[-74.24989,40.51553],[-74.25048,40.51613],[-74.25054,40.51609],[-74.25056,40.51611],[-74.25042,40.5162],[-74.2504,40.51617],[-74.25045,40.51614],[-74.24936,40.51501],[-74.24928,40.51506],[-74.24936,40.51514],[-74.24934,40.51515],[-74.24926,40.51507],[-74.24922,40.51509],[-74.24963,40.51555],[-74.2495,40.51565],[-74.24953,40.51569],[-74.24952,40.5157],[-74.24994,40.51615],[-74.2499,40.51617],[-74.24943,40.5157],[-74.24906,40.51591],[-74.24903,40.51589],[-74.24865,40.51612],[-74.24884,40.51631],[-74.24868,40.51619],[-74.24863,40.51622],[-74.24876,40.51636],[-74.24874,40.51637],[-74.24855,40.51618],[-74.24851,40.51623],[-74.2486,40.51632],[-74.24829,40.5165],[-74.24895,40.5172],[-74.24938,40.51696],[-74.24941,40.51699],[-74.24852,40.51748],[-74.24849,40.51746],[-74.24892,40.51722],[-74.24752,40.51574],[-74.24693,40.51607],[-74.24687,40.51605],[-74.2466,40.51608],[-74.24644,40.51597],[-74.24613,40.51615],[-74.24618,40.51617],[-74.2463,40.51615],[-74.24653,40.51639],[-74.2466,40.51637],[-74.24675,40.5165],[-74.24651,40.51668],[-74.247,40.51719],[-74.24697,40.51721],[-74.24648,40.5167],[-74.24638,40.51675],[-74.24657,40.51695],[-74.24654,40.51697],[-74.24635,40.51676],[-74.24521,40.5173],[-74.24567,40.5178],[-74.2456,40.51787],[-74.24571,40.51799],[-74.24564,40.51808],[-74.24557,40.5181],[-74.24531,40.51804],[-74.24509,40.51808],[-74.24486,40.51816],[-74.24451,40.51843],[-74.2443,40.51852],[-74.24419,40.51852],[-74.244,40.51845],[-74.24382,40.51834],[-74.24365,40.5183],[-74.24282,40.51832],[-74.24264,40.51825],[-74.24233,40.51833],[-74.24209,40.51849],[-74.24187,40.51875],[-74.24126,40.51919],[-74.24109,40.51935],[-74.24103,40.51955],[-74.24087,40.5195],[-74.24076,40.51933],[-74.2406,40.51922],[-74.24049,40.5192],[-74.2404,40.51929],[-74.24025,40.51953],[-74.2401,40.51988],[-74.23992,40.52002],[-74.23985,40.52001],[-74.23982,40.5201],[-74.23992,40.52012],[-74.23992,40.52017],[-74.24003,40.52032],[-74.24056,40.52046],[-74.24073,40.52058],[-74.24094,40.52076],[-74.24092,40.52082],[-74.24098,40.5209],[-74.24117,40.52107],[-74.24122,40.52104],[-74.24124,40.52096],[-74.24133,40.5209],[-74.24189,40.52099],[-74.24293,40.52124],[-74.2429,40.52147],[-74.2426,40.52207],[-74.24259,40.52221],[-74.24272,40.52266],[-74.24276,40.52274],[-74.24275,40.52281],[-74.24262,40.52296],[-74.24262,40.52309],[-74.2427,40.52316],[-74.24274,40.52328],[-74.24276,40.52371],[-74.24282,40.52381],[-74.2428,40.52402],[-74.24299,40.52426],[-74.24311,40.52452],[-74.24336,40.52483],[-74.24349,40.52487],[-74.24361,40.52485],[-74.24397,40.52491],[-74.24397,40.52501],[-74.24334,40.52586],[-74.24308,40.5267],[-74.24304,40.52708],[-74.24289,40.52731],[-74.24288,40.52759],[-74.24295,40.52773],[-74.24284,40.52801],[-74.24289,40.52806],[-74.24289,40.52821],[-74.24261,40.52843],[-74.24251,40.52845],[-74.24253,40.52854],[-74.24249,40.52867],[-74.24242,40.52874],[-74.24241,40.52884],[-74.24246,40.52896],[-74.24238,40.52904],[-74.24219,40.52945],[-74.24217,40.52971],[-74.24225,40.52983],[-74.24203,40.53007],[-74.24182,40.53043],[-74.24171,40.53055],[-74.24155,40.53088],[-74.24151,40.53105],[-74.24153,40.53148],[-74.24172,40.53162],[-74.24167,40.53193],[-74.24181,40.53257],[-74.24218,40.53258],[-74.24228,40.5334],[-74.24207,40.53349],[-74.24197,40.53364],[-74.24202,40.53378],[-74.24199,40.53408],[-74.24205,40.53435],[-74.24221,40.53461],[-74.2424,40.53476],[-74.24263,40.53479],[-74.24263,40.53494],[-74.24287,40.53518],[-74.24296,40.53532],[-74.24296,40.53541],[-74.24308,40.53547],[-74.24309,40.53552],[-74.24322,40.53563],[-74.24333,40.53566],[-74.24341,40.53583],[-74.24365,40.53602],[-74.2437,40.53609],[-74.24389,40.53618],[-74.24413,40.5362],[-74.244,40.53637],[-74.24398,40.53647],[-74.24399,40.53655],[-74.24415,40.53689],[-74.24426,40.53694],[-74.24448,40.53692],[-74.24459,40.53694],[-74.24473,40.53688],[-74.2448,40.53676],[-74.24494,40.53667],[-74.24522,40.53677],[-74.24534,40.53691],[-74.24536,40.53702],[-74.24526,40.53715],[-74.24496,40.53725],[-74.2448,40.53739],[-74.24459,40.53772],[-74.24449,40.53781],[-74.24443,40.53802],[-74.24447,40.53817],[-74.24468,40.53835],[-74.24466,40.53844],[-74.24469,40.53851],[-74.24491,40.5387],[-74.24512,40.53895],[-74.24532,40.53939],[-74.2453,40.53945],[-74.2454,40.53956],[-74.24536,40.53964],[-74.24543,40.53981],[-74.24543,40.54039],[-74.24548,40.54064],[-74.2456,40.54096],[-74.24583,40.54106],[-74.24599,40.54129],[-74.24626,40.54194],[-74.24649,40.54222],[-74.24676,40.54238],[-74.24686,40.54252],[-74.24768,40.54313],[-74.24792,40.54306],[-74.24804,40.5431],[-74.24771,40.54353],[-74.24762,40.54352],[-74.24614,40.5457],[-74.24364,40.54767],[-74.2436,40.54765],[-74.24337,40.54782],[-74.2434,40.54784],[-74.24336,40.54787],[-74.2433,40.54784],[-74.24359,40.54763],[-74.24294,40.54712],[-74.24267,40.54702],[-74.2422,40.54696],[-74.2418,40.54701],[-74.24039,40.54767],[-74.23939,40.54837],[-74.23929,40.54852],[-74.23915,40.54857],[-74.23902,40.54874],[-74.23877,40.54895],[-74.23853,40.54903],[-74.23837,40.54915],[-74.23815,40.5494],[-74.23777,40.54998],[-74.23762,40.55013],[-74.23747,40.55021],[-74.23723,40.55022],[-74.23713,40.55027],[-74.23688,40.55031],[-74.23669,40.55039],[-74.2365,40.55044],[-74.23642,40.55052],[-74.23629,40.5507],[-74.23629,40.55086],[-74.23617,40.55144],[-74.23629,40.55176],[-74.23651,40.55204],[-74.2365,40.55222],[-74.2364,40.55234],[-74.2349,40.55301],[-74.23467,40.55295],[-74.23452,40.55294],[-74.23435,40.55284],[-74.23415,40.55279],[-74.23399,40.55263],[-74.23378,40.55252],[-74.23351,40.55247],[-74.23333,40.55252],[-74.23292,40.55283],[-74.2327,40.55294],[-74.23229,40.55337],[-74.23197,40.55397],[-74.23193,40.55416],[-74.23122,40.55487],[-74.23099,40.55516],[-74.23084,40.55546],[-74.23071,40.55557],[-74.23056,40.55557],[-74.23043,40.55547],[-74.23025,40.55539],[-74.22979,40.55552],[-74.22932,40.5555],[-74.22925,40.55557],[-74.22925,40.55562],[-74.22935,40.55576],[-74.22925,40.55588],[-74.22914,40.55588],[-74.22907,40.55597],[-74.22905,40.55612],[-74.22873,40.55631],[-74.22847,40.55632],[-74.22833,40.5564],[-74.22811,40.55637],[-74.22802,40.55628],[-74.2277,40.55619],[-74.22744,40.55605],[-74.22724,40.55604],[-74.22677,40.55612],[-74.22658,40.55617],[-74.22654,40.55624],[-74.22641,40.55626],[-74.22633,40.55622],[-74.22612,40.55626],[-74.22607,40.55622],[-74.2239,40.55591],[-74.22387,40.55611],[-74.22344,40.55605],[-74.22347,40.55595],[-74.22376,40.55599],[-74.22379,40.55589],[-74.22316,40.5558],[-74.22311,40.55575],[-74.2231,40.55565],[-74.223,40.55558],[-74.22297,40.55551],[-74.22258,40.55541],[-74.22237,40.5555],[-74.22201,40.55541],[-74.2218,40.55543],[-74.22157,40.55566],[-74.22145,40.55554],[-74.22146,40.55546],[-74.22143,40.55539],[-74.2213,40.55537],[-74.22122,40.55544],[-74.22118,40.55569],[-74.22105,40.55571],[-74.22098,40.55592],[-74.22087,40.55595],[-74.22055,40.55589],[-74.22042,40.55572],[-74.22041,40.55564],[-74.2203,40.55561],[-74.22027,40.55551],[-74.22019,40.55543],[-74.22018,40.55522],[-74.22011,40.55494],[-74.21992,40.55471],[-74.21975,40.55462],[-74.2196,40.55466],[-74.21953,40.55473],[-74.21918,40.55477],[-74.21908,40.55486],[-74.21909,40.55494],[-74.21926,40.55516],[-74.2192,40.5554],[-74.21921,40.55546],[-74.21931,40.55552],[-74.21934,40.5557],[-74.21929,40.5558],[-74.21922,40.55581],[-74.21918,40.55576],[-74.21918,40.55554],[-74.21908,40.55552],[-74.21896,40.55487],[-74.21892,40.55479],[-74.21878,40.55468],[-74.21859,40.55468],[-74.21853,40.55475],[-74.21857,40.55483],[-74.21854,40.55494],[-74.21882,40.55588],[-74.21876,40.5559],[-74.2188,40.55596],[-74.21875,40.55604],[-74.21867,40.55606],[-74.21842,40.55574],[-74.21827,40.5557],[-74.21818,40.55561],[-74.21812,40.55552],[-74.21807,40.5553],[-74.21792,40.5551],[-74.21775,40.55501],[-74.21719,40.55517],[-74.21604,40.55555],[-74.21474,40.55625],[-74.21502,40.55676],[-74.21499,40.5568],[-74.21462,40.55692],[-74.21459,40.55691],[-74.21448,40.5567],[-74.21435,40.55673],[-74.21423,40.55657],[-74.21412,40.55663],[-74.21396,40.55667],[-74.21387,40.5566],[-74.21389,40.55652],[-74.21377,40.55641],[-74.21363,40.55652],[-74.2134,40.55657],[-74.21328,40.55663],[-74.21314,40.55705],[-74.21294,40.55721],[-74.21278,40.55724],[-74.21264,40.5573],[-74.21263,40.55735],[-74.21268,40.55748],[-74.21267,40.55766],[-74.21252,40.55781],[-74.21226,40.55799],[-74.21197,40.55845],[-74.21176,40.55913],[-74.21179,40.5592],[-74.21193,40.55925],[-74.21197,40.55931],[-74.21188,40.55961],[-74.21176,40.55977],[-74.21159,40.55993],[-74.21142,40.56019],[-74.21123,40.56037],[-74.21117,40.56049],[-74.21117,40.56074],[-74.2113,40.56087],[-74.21134,40.56124],[-74.21131,40.56136],[-74.21119,40.56155],[-74.2111,40.56191],[-74.2111,40.56214],[-74.21111,40.56226],[-74.21135,40.56293],[-74.21138,40.5635],[-74.21096,40.5643],[-74.21074,40.56524],[-74.21062,40.56553],[-74.21048,40.56577],[-74.21034,40.5661],[-74.21012,40.56642],[-74.20954,40.56752],[-74.20953,40.56761],[-74.20957,40.5678],[-74.20954,40.56794],[-74.20939,40.56797],[-74.20932,40.56803],[-74.20924,40.56842],[-74.20906,40.56858],[-74.20887,40.56892],[-74.20884,40.5691],[-74.20889,40.56924],[-74.20888,40.56948],[-74.20893,40.56963],[-74.20876,40.56982],[-74.20862,40.56987],[-74.20844,40.57019],[-74.20826,40.5703],[-74.20802,40.57053],[-74.20802,40.57063],[-74.20817,40.57073],[-74.20784,40.57262],[-74.20726,40.57412],[-74.20708,40.57427],[-74.20708,40.57438],[-74.20723,40.5745],[-74.20709,40.57461],[-74.20707,40.57475],[-74.20727,40.57516],[-74.20729,40.57526],[-74.20711,40.57536],[-74.20698,40.57553],[-74.20688,40.57569],[-74.20681,40.57593],[-74.20685,40.57616],[-74.20689,40.57623],[-74.2071,40.57629],[-74.20709,40.57631],[-74.20704,40.57642],[-74.20694,40.57648],[-74.20693,40.57655],[-74.20683,40.57653],[-74.2067,40.57655],[-74.20658,40.57666],[-74.20653,40.57691],[-74.20669,40.577],[-74.20675,40.5771],[-74.20682,40.57713],[-74.20681,40.57719],[-74.20672,40.57724],[-74.20664,40.5774],[-74.20651,40.57742],[-74.2064,40.57753],[-74.20632,40.57755],[-74.20618,40.57791],[-74.20615,40.57808],[-74.20618,40.57817],[-74.20598,40.57845],[-74.20592,40.57862],[-74.20607,40.57961],[-74.20596,40.58006],[-74.20601,40.58026],[-74.20599,40.58042],[-74.20592,40.58048],[-74.20589,40.58056],[-74.20577,40.58066],[-74.20578,40.58082],[-74.20573,40.58097],[-74.20542,40.58108],[-74.20539,40.58115],[-74.20529,40.58121],[-74.20527,40.58138],[-74.20508,40.58161],[-74.20507,40.58167],[-74.20512,40.58173],[-74.20513,40.58179],[-74.20507,40.58192],[-74.20513,40.58207],[-74.20509,40.58222],[-74.20497,40.58257],[-74.20487,40.58268],[-74.20477,40.5827],[-74.20476,40.58277],[-74.20471,40.58281],[-74.20475,40.58296],[-74.2047,40.58302],[-74.20476,40.5831],[-74.20474,40.58318],[-74.20463,40.58321],[-74.2045,40.58358],[-74.2044,40.58372],[-74.2044,40.58386],[-74.20447,40.58405],[-74.20464,40.58433],[-74.20442,40.58453],[-74.20437,40.58464],[-74.20444,40.58506],[-74.20441,40.58514],[-74.20442,40.58553],[-74.20432,40.58561],[-74.20435,40.58569],[-74.20434,40.58576],[-74.20414,40.58584],[-74.20412,40.5859],[-74.20428,40.58612],[-74.20426,40.58631],[-74.2042,40.58642],[-74.20427,40.58733],[-74.20438,40.58757],[-74.20439,40.58794],[-74.20454,40.588],[-74.20458,40.58823],[-74.2045,40.58835],[-74.20427,40.58849],[-74.20426,40.58864],[-74.20418,40.58867],[-74.20413,40.58878],[-74.20412,40.58889],[-74.20421,40.5891],[-74.20432,40.58914],[-74.20458,40.58873],[-74.20471,40.58878],[-74.20444,40.58923],[-74.20465,40.58929],[-74.20441,40.58971],[-74.2042,40.58965],[-74.20386,40.59026],[-74.2037,40.59021],[-74.20394,40.58982],[-74.20389,40.58979],[-74.20266,40.59073],[-74.20254,40.59066],[-74.20238,40.59065],[-74.20228,40.5907],[-74.20202,40.5909],[-74.20247,40.59085],[-74.20259,40.59088],[-74.20305,40.59115],[-74.20296,40.59124],[-74.20246,40.59096],[-74.20203,40.59101],[-74.20213,40.59126],[-74.20207,40.59133],[-74.2019,40.5914],[-74.20183,40.59155],[-74.20184,40.59164],[-74.20201,40.59179],[-74.2023,40.59148],[-74.20229,40.59152],[-74.20232,40.59153],[-74.20228,40.59152],[-74.20202,40.59179],[-74.20206,40.59182],[-74.20201,40.59187],[-74.20195,40.59183],[-74.20176,40.59203],[-74.20183,40.59206],[-74.20178,40.5921],[-74.20172,40.59206],[-74.2013,40.59254],[-74.20093,40.59287],[-74.20075,40.59276],[-74.20047,40.59282],[-74.20043,40.59285],[-74.20041,40.59298],[-74.20033,40.5931],[-74.20005,40.59329],[-74.19974,40.59357],[-74.19949,40.59388],[-74.19936,40.5941],[-74.1995,40.59425],[-74.19948,40.59433],[-74.1994,40.59442],[-74.19903,40.59468],[-74.19888,40.59495],[-74.1988,40.59496],[-74.19873,40.59502],[-74.19863,40.59523],[-74.19863,40.59539],[-74.19856,40.59556],[-74.1984,40.5958],[-74.19825,40.59592],[-74.19801,40.59627],[-74.19795,40.59648],[-74.19764,40.59678],[-74.19752,40.59681],[-74.19752,40.59737],[-74.19746,40.59745],[-74.19745,40.59757],[-74.1975,40.59773],[-74.19739,40.59781],[-74.19731,40.59807],[-74.19742,40.59821],[-74.19744,40.59847],[-74.19838,40.60087],[-74.19876,40.60172],[-74.19918,40.60237],[-74.20015,40.60369],[-74.20139,40.60465],[-74.20222,40.60598],[-74.20282,40.60828],[-74.20274,40.60884],[-74.20267,40.60984],[-74.2023,40.61188],[-74.20245,40.61329],[-74.20045,40.61634],[-74.20059,40.61704],[-74.20076,40.61706],[-74.20083,40.6171],[-74.20092,40.61781],[-74.20087,40.61789],[-74.2009,40.61801],[-74.20088,40.61811],[-74.20078,40.61812],[-74.2007,40.61799],[-74.20054,40.61801],[-74.20044,40.61808],[-74.20036,40.61824],[-74.20035,40.61835],[-74.20052,40.61864],[-74.20077,40.61875],[-74.20084,40.61881],[-74.20082,40.61887],[-74.2007,40.61896],[-74.20068,40.61918],[-74.20082,40.61958],[-74.20097,40.61978],[-74.20098,40.61992],[-74.20104,40.6201],[-74.20098,40.62018],[-74.20099,40.62033],[-74.20107,40.62039],[-74.20078,40.6204],[-74.20051,40.62031],[-74.20046,40.62036],[-74.2005,40.62047],[-74.20043,40.6205],[-74.20044,40.62054],[-74.20053,40.62058],[-74.20087,40.6206],[-74.20088,40.62067],[-74.20099,40.62079],[-74.201,40.6209],[-74.20112,40.62108],[-74.20126,40.62156],[-74.20129,40.62159],[-74.20143,40.62162],[-74.2014,40.62166],[-74.20131,40.62167],[-74.20123,40.62208],[-74.20123,40.62219],[-74.20133,40.62252],[-74.20128,40.6227],[-74.20155,40.62271],[-74.20163,40.62313],[-74.20163,40.62336],[-74.20159,40.62351],[-74.20152,40.62355],[-74.20135,40.62356],[-74.20134,40.6236],[-74.20141,40.62367],[-74.2014,40.62374],[-74.20108,40.62409],[-74.20115,40.62448],[-74.20098,40.62537],[-74.20106,40.62557],[-74.20106,40.6259],[-74.2011,40.62601],[-74.20118,40.62612],[-74.20121,40.62612],[-74.20122,40.62606],[-74.20142,40.62608],[-74.20099,40.62935],[-74.20081,40.62934],[-74.20076,40.6296],[-74.20062,40.6296],[-74.20048,40.62967],[-74.20043,40.62983],[-74.20041,40.63026],[-74.20073,40.63029],[-74.20077,40.63026],[-74.2008,40.63028],[-74.20079,40.63036],[-74.20075,40.63038],[-74.20072,40.63033],[-74.2004,40.6303],[-74.20032,40.63083],[-74.20019,40.63134],[-74.20036,40.63139],[-74.20043,40.63137],[-74.2004,40.63147],[-74.20036,40.63147],[-74.20035,40.63142],[-74.20017,40.63137],[-74.20014,40.63149],[-74.20002,40.63163],[-74.19958,40.63195],[-74.19862,40.63275],[-74.19844,40.63279],[-74.19817,40.63272],[-74.19803,40.63278],[-74.19798,40.63282],[-74.19805,40.63303],[-74.19803,40.63304],[-74.1979,40.63295],[-74.19778,40.63298],[-74.19776,40.63306],[-74.19773,40.63307],[-74.19767,40.63306],[-74.1976,40.633],[-74.19735,40.63301],[-74.19731,40.63306],[-74.19708,40.63314],[-74.19706,40.63324],[-74.19689,40.63331],[-74.19679,40.6334],[-74.19674,40.63346],[-74.19674,40.63352],[-74.19684,40.63364],[-74.19683,40.63371],[-74.19688,40.63377],[-74.19671,40.63388],[-74.19656,40.63393],[-74.19651,40.6339],[-74.19631,40.63406],[-74.19621,40.63424],[-74.19618,40.63439],[-74.1962,40.63474],[-74.19603,40.63489],[-74.19603,40.635],[-74.19589,40.63508],[-74.19558,40.63501],[-74.19543,40.63518],[-74.19531,40.63524],[-74.19531,40.6353],[-74.19518,40.63545],[-74.19522,40.63552],[-74.19518,40.63556],[-74.19523,40.63564],[-74.1952,40.63572],[-74.1945,40.63646],[-74.19455,40.63652],[-74.19442,40.63659],[-74.19445,40.63681],[-74.19454,40.63708],[-74.19462,40.6371],[-74.19468,40.63704],[-74.19474,40.63705],[-74.19479,40.63714],[-74.19474,40.63728],[-74.19462,40.6374],[-74.19443,40.63743],[-74.19437,40.6374],[-74.19434,40.63732],[-74.19424,40.63735],[-74.19397,40.63732],[-74.19378,40.63738],[-74.19358,40.63748],[-74.19372,40.63758],[-74.18653,40.6434],[-74.18623,40.6432],[-74.1861,40.64328],[-74.18606,40.64346],[-74.18598,40.64352],[-74.18591,40.64364],[-74.18558,40.64381],[-74.1855,40.64382],[-74.1853,40.64377],[-74.18512,40.64381],[-74.18509,40.64384],[-74.18511,40.64387],[-74.18525,40.64395],[-74.18514,40.64398],[-74.18498,40.64408],[-74.18489,40.64408],[-74.18484,40.64414],[-74.18477,40.64405],[-74.18475,40.64395],[-74.18466,40.64392],[-74.18459,40.6438],[-74.18447,40.64378],[-74.18443,40.64366],[-74.18418,40.64359],[-74.18411,40.64354],[-74.18407,40.64333],[-74.18419,40.64318],[-74.18424,40.64324],[-74.18433,40.64323],[-74.18431,40.6432],[-74.18436,40.64318],[-74.18433,40.64313],[-74.18437,40.64311],[-74.18422,40.64313],[-74.1842,40.64302],[-74.18415,40.64296],[-74.18396,40.6425],[-74.18373,40.64232],[-74.18373,40.64228],[-74.18365,40.64225],[-74.18361,40.64233],[-74.18364,40.6424],[-74.18381,40.64262],[-74.18379,40.64273],[-74.18395,40.64289],[-74.18403,40.64311],[-74.1839,40.64327],[-74.18385,40.64327],[-74.18348,40.64296],[-74.18333,40.64292],[-74.18324,40.64297],[-74.18346,40.64334],[-74.18346,40.64348],[-74.18338,40.64353],[-74.18339,40.6436],[-74.18349,40.64371],[-74.18354,40.64386],[-74.18353,40.64389],[-74.1838,40.64444],[-74.18367,40.64462],[-74.18329,40.64469],[-74.18318,40.64474],[-74.18289,40.64481],[-74.18222,40.64476],[-74.1819,40.64469],[-74.18167,40.64472],[-74.1813,40.6446],[-74.18119,40.64459],[-74.18109,40.64464],[-74.18096,40.64482],[-74.18087,40.64486],[-74.18081,40.64483],[-74.18079,40.64459],[-74.18053,40.64449],[-74.18048,40.64429],[-74.18004,40.6443],[-74.18005,40.64438],[-74.17991,40.64439],[-74.17997,40.64528],[-74.1799,40.64528],[-74.17989,40.64512],[-74.17985,40.64512],[-74.17985,40.64517],[-74.17978,40.64517],[-74.17973,40.64439],[-74.17933,40.64441],[-74.1793,40.64459],[-74.17934,40.64473],[-74.17928,40.64487],[-74.17934,40.64498],[-74.17925,40.64505],[-74.17916,40.64502],[-74.17908,40.64465],[-74.17906,40.64408],[-74.179,40.64373],[-74.17904,40.6434],[-74.17912,40.64331],[-74.17934,40.64324],[-74.17941,40.64314],[-74.17937,40.64306],[-74.17944,40.64302],[-74.17939,40.64281],[-74.1796,40.64216],[-74.17959,40.64193],[-74.17956,40.64193],[-74.17954,40.64216],[-74.17932,40.64273],[-74.17931,40.64289],[-74.17925,40.64298],[-74.17919,40.643],[-74.17904,40.64296],[-74.17879,40.64251],[-74.17864,40.64258],[-74.17848,40.64253],[-74.17837,40.64229],[-74.17826,40.64214],[-74.17824,40.64219],[-74.17837,40.64255],[-74.17834,40.6426],[-74.17829,40.64261],[-74.17811,40.64254],[-74.17801,40.64255],[-74.17793,40.64263],[-74.17781,40.64261],[-74.17776,40.64286],[-74.17769,40.64296],[-74.17746,40.64304],[-74.17739,40.64302],[-74.17721,40.64313],[-74.17714,40.6431],[-74.17715,40.64302],[-74.17706,40.64307],[-74.17683,40.64287],[-74.17671,40.64243],[-74.17668,40.64248],[-74.17636,40.64234],[-74.17669,40.64256],[-74.17673,40.64298],[-74.17671,40.64329],[-74.17667,40.6434],[-74.17659,40.64344],[-74.1765,40.64341],[-74.17634,40.64347],[-74.17598,40.64347],[-74.17578,40.64342],[-74.17571,40.64339],[-74.17567,40.64332],[-74.1756,40.64332],[-74.17549,40.64347],[-74.17551,40.6437],[-74.17559,40.64379],[-74.17549,40.64392],[-74.17547,40.64413],[-74.1755,40.64418],[-74.17555,40.64418],[-74.17571,40.64458],[-74.17569,40.64472],[-74.17556,40.64462],[-74.17547,40.64465],[-74.17538,40.6448],[-74.1753,40.64508],[-74.1749,40.64515],[-74.17459,40.64503],[-74.17452,40.64505],[-74.17445,40.64513],[-74.17437,40.64514],[-74.17406,40.64503],[-74.17294,40.64421],[-74.17288,40.64402],[-74.173,40.64384],[-74.17303,40.64372],[-74.173,40.64359],[-74.17285,40.64346],[-74.17272,40.64351],[-74.17245,40.64343],[-74.17236,40.64326],[-74.17242,40.64321],[-74.17255,40.6432],[-74.17249,40.64316],[-74.17255,40.64314],[-74.17257,40.64307],[-74.17272,40.64301],[-74.17272,40.64296],[-74.17257,40.643],[-74.17254,40.6429],[-74.17244,40.64282],[-74.17233,40.64287],[-74.17196,40.64287],[-74.17175,40.6431],[-74.17151,40.64314],[-74.17143,40.64305],[-74.17149,40.64299],[-74.17143,40.64298],[-74.17134,40.64286],[-74.17186,40.64253],[-74.17175,40.64252],[-74.17185,40.64239],[-74.1718,40.64232],[-74.17172,40.64229],[-74.17177,40.64221],[-74.1717,40.64215],[-74.17167,40.64205],[-74.17172,40.64195],[-74.17161,40.64187],[-74.17156,40.64189],[-74.17148,40.64171],[-74.17145,40.64146],[-74.17149,40.64142],[-74.17149,40.64126],[-74.1716,40.64115],[-74.17159,40.64104],[-74.17202,40.641],[-74.17239,40.6408],[-74.17251,40.64069],[-74.17294,40.64059],[-74.173,40.64053],[-74.17298,40.64049],[-74.1728,40.64061],[-74.17246,40.64068],[-74.17231,40.64081],[-74.17206,40.64095],[-74.17157,40.64102],[-74.17155,40.64108],[-74.17157,40.64116],[-74.17146,40.64122],[-74.17144,40.64137],[-74.17139,40.64143],[-74.17138,40.64209],[-74.17133,40.64209],[-74.17116,40.64241],[-74.17118,40.64241],[-74.17105,40.6426],[-74.17099,40.64258],[-74.17128,40.64212],[-74.17121,40.64208],[-74.17119,40.64175],[-74.17029,40.64178],[-74.17008,40.64209],[-74.16915,40.64188],[-74.16907,40.64214],[-74.1684,40.642],[-74.16824,40.64195],[-74.16821,40.64188],[-74.16813,40.64183],[-74.16802,40.64185],[-74.16774,40.64174],[-74.16758,40.64185],[-74.16678,40.64159],[-74.16672,40.64149],[-74.16654,40.64143],[-74.16648,40.64144],[-74.16622,40.64243],[-74.1661,40.64241],[-74.16632,40.64144],[-74.16612,40.64138],[-74.16605,40.64131],[-74.1658,40.64123],[-74.16564,40.64122],[-74.16544,40.64229],[-74.16494,40.64222],[-74.16519,40.64065],[-74.16474,40.6404],[-74.16457,40.64143],[-74.16442,40.64141],[-74.1646,40.64032],[-74.16424,40.64011],[-74.16417,40.64],[-74.164,40.64107],[-74.16386,40.64106],[-74.16405,40.63995],[-74.16385,40.6399],[-74.16346,40.63986],[-74.16325,40.64097],[-74.16287,40.64095],[-74.16286,40.64104],[-74.16281,40.64105],[-74.16207,40.6408],[-74.16207,40.64074],[-74.16168,40.64062],[-74.16229,40.63877],[-74.16182,40.63865],[-74.16145,40.63944],[-74.1613,40.6394],[-74.16166,40.63867],[-74.16124,40.6386],[-74.16116,40.6387],[-74.16091,40.63939],[-74.16074,40.63936],[-74.16107,40.63869],[-74.16108,40.63858],[-74.16089,40.63855],[-74.16081,40.63864],[-74.16076,40.63863],[-74.16075,40.63853],[-74.16035,40.63845],[-74.15995,40.63995],[-74.15987,40.63994],[-74.16021,40.63862],[-74.16023,40.63835],[-74.16017,40.63857],[-74.16006,40.63873],[-74.15986,40.63874],[-74.15973,40.63859],[-74.15972,40.63846],[-74.15964,40.63842],[-74.15958,40.638],[-74.15945,40.63794],[-74.15932,40.63782],[-74.15923,40.6378],[-74.15917,40.63786],[-74.15906,40.63805],[-74.15899,40.63859],[-74.15903,40.63859],[-74.15901,40.63883],[-74.1589,40.63882],[-74.15893,40.63827],[-74.15865,40.63826],[-74.15864,40.63814],[-74.15815,40.63812],[-74.15815,40.63798],[-74.15789,40.63797],[-74.15784,40.63888],[-74.15774,40.63889],[-74.15778,40.63797],[-74.15637,40.63791],[-74.15637,40.63796],[-74.1561,40.63795],[-74.15612,40.63754],[-74.1557,40.63753],[-74.15569,40.6378],[-74.15559,40.63779],[-74.15559,40.63774],[-74.15483,40.63773],[-74.15476,40.6392],[-74.15469,40.6392],[-74.15478,40.63773],[-74.1546,40.63735],[-74.15438,40.6372],[-74.15425,40.63718],[-74.15342,40.63728],[-74.15328,40.63728],[-74.15292,40.63715],[-74.1528,40.63714],[-74.1527,40.6372],[-74.15273,40.63758],[-74.1527,40.63765],[-74.15222,40.6377],[-74.1523,40.63828],[-74.15214,40.6383],[-74.15205,40.63768],[-74.1512,40.63774],[-74.15126,40.6385],[-74.1514,40.6394],[-74.15125,40.63942],[-74.15113,40.63851],[-74.15056,40.63857],[-74.15039,40.63835],[-74.15031,40.63829],[-74.15012,40.63828],[-74.14997,40.63816],[-74.1498,40.6379],[-74.14968,40.63753],[-74.14945,40.63741],[-74.14936,40.63743],[-74.14931,40.63753],[-74.14945,40.63789],[-74.14942,40.6383],[-74.14932,40.6384],[-74.14928,40.63858],[-74.1492,40.63868],[-74.14888,40.63871],[-74.14856,40.63745],[-74.14853,40.63745],[-74.14852,40.63756],[-74.14878,40.63888],[-74.14761,40.63905],[-74.1475,40.63892],[-74.14602,40.6391],[-74.14606,40.63924],[-74.14519,40.63939],[-74.14484,40.63936],[-74.14467,40.63931],[-74.14459,40.63921],[-74.14409,40.63897],[-74.14403,40.63891],[-74.14386,40.6389],[-74.14375,40.63897],[-74.14384,40.6391],[-74.14382,40.63922],[-74.14357,40.63924],[-74.14349,40.63933],[-74.14343,40.63947],[-74.14346,40.63949],[-74.14336,40.63972],[-74.14326,40.63972],[-74.14294,40.63964],[-74.14286,40.63958],[-74.14258,40.63954],[-74.14239,40.63965],[-74.14232,40.6398],[-74.14241,40.64021],[-74.14238,40.64026],[-74.1423,40.64031],[-74.14216,40.64035],[-74.14206,40.6403],[-74.14156,40.64038],[-74.14148,40.6401],[-74.14129,40.64015],[-74.14119,40.6404],[-74.14103,40.64051],[-74.14076,40.6406],[-74.13994,40.64074],[-74.1393,40.64081],[-74.13926,40.64074],[-74.13921,40.64075],[-74.13918,40.64086],[-74.13758,40.64101],[-74.13744,40.64106],[-74.13735,40.64115],[-74.13737,40.6413],[-74.135,40.64179],[-74.135,40.64177],[-74.13435,40.6419],[-74.1343,40.64176],[-74.1335,40.64173],[-74.13347,40.6416],[-74.13342,40.64156],[-74.13323,40.64147],[-74.13299,40.64143],[-74.13283,40.64143],[-74.13256,40.64154],[-74.13252,40.6416],[-74.13242,40.64163],[-74.1324,40.64171],[-74.13126,40.64161],[-74.13146,40.64132],[-74.13108,40.64103],[-74.13074,40.64094],[-74.13033,40.64079],[-74.13018,40.64104],[-74.13012,40.64102],[-74.13028,40.64077],[-74.13019,40.64073],[-74.12968,40.64139],[-74.12949,40.64136],[-74.12998,40.64074],[-74.12988,40.6407],[-74.12992,40.64064],[-74.12931,40.64035],[-74.12923,40.64049],[-74.12893,40.64042],[-74.12892,40.64051],[-74.129,40.6412],[-74.12891,40.6412],[-74.12881,40.64024],[-74.12813,40.64026],[-74.12811,40.64015],[-74.12753,40.64016],[-74.1274,40.63998],[-74.12739,40.63984],[-74.12725,40.63978],[-74.12715,40.63932],[-74.12703,40.63933],[-74.12713,40.63987],[-74.12706,40.64025],[-74.12645,40.64039],[-74.12622,40.64035],[-74.12607,40.64026],[-74.1262,40.64127],[-74.12634,40.64126],[-74.12637,40.64134],[-74.12564,40.64143],[-74.12563,40.64135],[-74.12613,40.64127],[-74.126,40.64024],[-74.12558,40.64016],[-74.1247,40.64025],[-74.12416,40.64014],[-74.12364,40.64035],[-74.12355,40.64041],[-74.12355,40.6405],[-74.12341,40.6406],[-74.12286,40.64083],[-74.12261,40.64061],[-74.12257,40.64063],[-74.12291,40.64103],[-74.12283,40.6413],[-74.12278,40.64135],[-74.12196,40.64146],[-74.1219,40.64141],[-74.12184,40.64141],[-74.12187,40.64156],[-74.12195,40.64155],[-74.12194,40.64151],[-74.12198,40.64151],[-74.12199,40.64156],[-74.12185,40.64159],[-74.12181,40.64142],[-74.12176,40.64143],[-74.12178,40.6416],[-74.12155,40.64162],[-74.12176,40.64158],[-74.12173,40.64144],[-74.12145,40.64151],[-74.12139,40.64149],[-74.12133,40.64161],[-74.12131,40.64161],[-74.12137,40.64148],[-74.12131,40.64146],[-74.1212,40.64168],[-74.12117,40.64168],[-74.12128,40.64144],[-74.12122,40.64141],[-74.1211,40.64162],[-74.12108,40.64162],[-74.12118,40.64139],[-74.12071,40.64105],[-74.11994,40.64121],[-74.11997,40.64132],[-74.11961,40.64139],[-74.11996,40.64222],[-74.11986,40.64224],[-74.11953,40.64148],[-74.11947,40.64149],[-74.11943,40.64143],[-74.1191,40.64148],[-74.11948,40.64236],[-74.1194,40.64239],[-74.119,40.64147],[-74.11862,40.64154],[-74.11869,40.64181],[-74.11865,40.64182],[-74.11888,40.6424],[-74.1189,40.64239],[-74.11896,40.64251],[-74.11884,40.64255],[-74.11865,40.64205],[-74.11859,40.64201],[-74.1184,40.64154],[-74.11816,40.6416],[-74.11821,40.64176],[-74.11792,40.64183],[-74.1178,40.64179],[-74.1177,40.64155],[-74.11712,40.64168],[-74.11723,40.64185],[-74.11672,40.64204],[-74.11723,40.64304],[-74.11715,40.64306],[-74.11667,40.64212],[-74.1163,40.64221],[-74.11633,40.64228],[-74.11631,40.64229],[-74.11675,40.64317],[-74.11667,40.6432],[-74.11625,40.64236],[-74.11622,40.64236],[-74.11614,40.64222],[-74.11535,40.64248],[-74.11512,40.64279],[-74.11481,40.64299],[-74.11478,40.64297],[-74.1138,40.64362],[-74.11404,40.64405],[-74.11395,40.64414],[-74.11289,40.64454],[-74.11285,40.64448],[-74.11386,40.64408],[-74.11387,40.64405],[-74.11366,40.6437],[-74.11344,40.64383],[-74.11333,40.64373],[-74.11181,40.64462],[-74.1119,40.64471],[-74.11116,40.6451],[-74.11112,40.64506],[-74.11177,40.64471],[-74.11173,40.64467],[-74.11092,40.64509],[-74.10974,40.64547],[-74.10887,40.64559],[-74.10472,40.64557],[-74.10465,40.64564],[-74.1044,40.64568],[-74.10434,40.64573],[-74.10413,40.64575],[-74.10402,40.64565],[-74.10392,40.64562],[-74.10377,40.64562],[-74.10365,40.64566],[-74.10307,40.64565],[-74.10232,40.64555],[-74.10061,40.64514],[-74.10013,40.64507],[-74.0988,40.64506],[-74.0985,40.64538],[-74.09605,40.64538],[-74.09469,40.64556],[-74.09363,40.64585],[-74.09299,40.64598],[-74.09301,40.64608],[-74.09136,40.64671],[-74.08992,40.64718],[-74.0894,40.64732],[-74.08836,40.64792],[-74.08824,40.64791],[-74.08768,40.64824],[-74.08635,40.64871],[-74.08571,40.64889],[-74.08523,40.64893],[-74.08485,40.6489],[-74.0839,40.64859],[-74.08257,40.64832],[-74.08221,40.64829]]]]}},{"type":"Feature","properties":{"borough":"Brooklyn","boro_code":3},"geometry":{"type":"MultiPolygon","coordinates":[[[[-73.86328,40.58389],[-73.86381,40.58361],[-73.86449,40.58362],[-73.86558,40.58304],[-73.86638,40.58255],[-73.867,40.58199],[-73.86773,40.58167],[-73.86895,40.58172],[-73.86896,40.5817],[-73.86926,40.58192],[-73.87,40.58264],[-73.87035,40.58307],[-73.87051,40.58335],[-73.87052,40.58409],[-73.87062,40.58492],[-73.87085,40.58543],[-73.87116,40.58688],[-73.86981,40.58947],[-73.8685,40.5901],[-73.86759,40.59101],[-73.8669,40.59148],[-73.86635,40.5919],[-73.86476,40.5915],[-73.86431,40.59142],[-73.86327,40.59092],[-73.86274,40.59037],[-73.86272,40.59008],[-73.86232,40.58953],[-73.86193,40.58891],[-73.8615,40.58855],[-73.86125,40.588],[-73.86138,40.58738],[-73.86151,40.58699],[-73.86168,40.58615],[-73.86192,40.58568],[-73.86219,40.58526],[-73.86283,40.58442],[-73.86318,40.58407],[-73.86328,40.58389]]],[[[-73.86953,40.59872],[-73.86967,40.5967],[-73.87021,40.59696],[-73.86953,40.59872]]],[[[-73.9199,40.59961],[-73.91998,40.59954],[-73.91967,40.59953],[-73.91946,40.59961],[-73.91916,40.59962],[-73.91913,40.59959],[-73.91906,40.5996],[-73.91893,40.59956],[-73.91894,40.59952],[-73.91889,40.59947],[-73.91882,40.5995],[-73.91866,40.59948],[-73.9186,40.59945],[-73.91846,40.59928],[-73.91852,40.59928],[-73.91844,40.59917],[-73.91835,40.59917],[-73.91819,40.59909],[-73.91706,40.59848],[-73.91672,40.59836],[-73.91658,40.59827],[-73.91636,40.59824],[-73.91627,40.59817],[-73.91619,40.59781],[-73.91602,40.59752],[-73.91591,40.59742],[-73.91582,40.59739],[-73.91586,40.59737],[-73.91584,40.59732],[-73.91567,40.59715],[-73.91554,40.59709],[-73.91542,40.59687],[-73.91508,40.5965],[-73.91492,40.59638],[-73.9148,40.59633],[-73.91473,40.59623],[-73.91461,40.59619],[-73.91442,40.59605],[-73.91435,40.59589],[-73.91401,40.5954],[-73.91382,40.59505],[-73.9137,40.59491],[-73.9136,40.59486],[-73.91352,40.59486],[-73.91338,40.59473],[-73.91326,40.59435],[-73.91318,40.59423],[-73.91309,40.59417],[-73.91306,40.59408],[-73.91311,40.59396],[-73.91309,40.59379],[-73.91312,40.5936],[-73.9131,40.59349],[-73.91321,40.59332],[-73.91317,40.5932],[-73.91323,40.593],[-73.91316,40.59268],[-73.91323,40.59249],[-73.91326,40.59224],[-73.91319,40.59211],[-73.91293,40.5921],[-73.91295,40.59206],[-73.9131,40.59199],[-73.91346,40.5919],[-73.91412,40.5916],[-73.9144,40.59152],[-73.91479,40.59152],[-73.9152,40.59163],[-73.91525,40.5916],[-73.91525,40.59166],[-73.91552,40.59179],[-73.91597,40.59211],[-73.91597,40.59217],[-73.91605,40.59221],[-73.9161,40.59233],[-73.91601,40.59244],[-73.91626,40.59259],[-73.91625,40.59266],[-73.91637,40.59276],[-73.91644,40.59314],[-73.91705,40.5939],[-73.91753,40.59435],[-73.91788,40.59473],[-73.91812,40.59488],[-73.91838,40.59499],[-73.91853,40.59517],[-73.91875,40.5952],[-73.91883,40.59527],[-73.91879,40.59532],[-73.9188,40.59534],[-73.91891,40.59539],[-73.91899,40.59536],[-73.91901,40.59545],[-73.91989,40.59599],[-73.92,40.596],[-73.92007,40.59604],[-73.92007,40.5961],[-73.9202,40.59619],[-73.92028,40.59622],[-73.92037,40.59621],[-73.92058,40.59637],[-73.92076,40.59632],[-73.92083,40.59634],[-73.92087,40.59657],[-73.9209,40.59662],[-73.92103,40.59669],[-73.9212,40.59687],[-73.92131,40.59689],[-73.92145,40.59706],[-73.92162,40.59715],[-73.92169,40.59728],[-73.92182,40.59734],[-73.92176,40.59745],[-73.92187,40.59781],[-73.92209,40.59815],[-73.92221,40.59817],[-73.92227,40.59839],[-73.92226,40.59848],[-73.92213,40.59867],[-73.92163,40.59907],[-73.92089,40.59944],[-73.92086,40.59947],[-73.92088,40.59953],[-73.92085,40.59955],[-73.92067,40.59951],[-73.92031,40.59953],[-73.92024,40.5996],[-73.92009,40.59958],[-73.91993,40.59963],[-73.9199,40.59961]]],[[[-73.8702,40.599],[-73.87108,40.59891],[-73.8705,40.60261],[-73.87026,40.60169],[-73.8702,40.599]]],[[[-73.85243,40.59734],[-73.85269,40.59718],[-73.85286,40.59725],[-73.854,40.59669],[-73.85437,40.5967],[-73.85466,40.59659],[-73.85493,40.59631],[-73.85674,40.59608],[-73.85716,40.59605],[-73.86045,40.59648],[-73.86055,40.59707],[-73.86142,40.59776],[-73.86177,40.59831],[-73.86275,40.59908],[-73.86329,40.59982],[-73.86336,40.60033],[-73.86298,40.60103],[-73.86187,40.60217],[-73.86154,40.60239],[-73.86118,40.60249],[-73.86113,40.60256],[-73.86078,40.60262],[-73.86049,40.60235],[-73.85906,40.60207],[-73.85483,40.60188],[-73.85471,40.60166],[-73.85428,40.60144],[-73.85372,40.60141],[-73.85277,40.60096],[-73.85258,40.60058],[-73.85205,40.60021],[-73.85176,40.59971],[-73.85077,40.59885],[-73.85153,40.59844],[-73.85201,40.59776],[-73.85243,40.59734]]],[[[-73.86703,40.60375],[-73.86768,40.60308],[-73.86831,40.60315],[-73.86794,40.60397],[-73.86703,40.60418],[-73.86703,40.60375]]],[[[-73.84674,40.60486],[-73.84668,40.60483],[-73.84665,40.60478],[-73.84666,40.60474],[-73.8466,40.60473],[-73.84641,40.60449],[-73.84623,40.60456],[-73.84608,40.60455],[-73.84622,40.60438],[-73.84633,40.60436],[-73.84642,40.6043],[-73.84642,40.6042],[-73.84626,40.60429],[-73.84607,40.60432],[-73.84609,40.6044],[-73.84598,40.60454],[-73.84598,40.60463],[-73.84582,40.60474],[-73.84578,40.60483],[-73.84545,40.60472],[-73.84534,40.60476],[-73.84527,40.60486],[-73.84498,40.60476],[-73.84495,40.60478],[-73.84489,40.60472],[-73.84493,40.60471],[-73.84523,40.60478],[-73.84526,40.60476],[-73.84527,40.60464],[-73.84545,40.60466],[-73.84542,40.60459],[-73.84557,40.60455],[-73.84554,40.60452],[-73.84541,40.60453],[-73.84526,40.60458],[-73.84519,40.60448],[-73.84518,40.60471],[-73.84486,40.60469],[-73.84479,40.60479],[-73.84459,40.60483],[-73.84446,40.6047],[-73.84469,40.6047],[-73.84482,40.60463],[-73.84496,40.60438],[-73.84493,40.60428],[-73.84502,40.60415],[-73.84501,40.60412],[-73.84493,40.60413],[-73.84489,40.60409],[-73.84488,40.60385],[-73.84492,40.60381],[-73.84489,40.60377],[-73.84492,40.60369],[-73.84502,40.60366],[-73.84514,40.60383],[-73.84522,40.60387],[-73.8455,40.60386],[-73.84554,40.60376],[-73.84526,40.60382],[-73.84517,40.6038],[-73.84516,40.60374],[-73.84522,40.60368],[-73.84538,40.60363],[-73.84547,40.60356],[-73.84551,40.60359],[-73.84562,40.60353],[-73.84565,40.60355],[-73.84562,40.60361],[-73.84565,40.60365],[-73.84585,40.6038],[-73.84594,40.60376],[-73.84602,40.60382],[-73.84599,40.60391],[-73.84602,40.60394],[-73.84602,40.60407],[-73.84619,40.60414],[-73.8462,40.60419],[-73.84633,40.60418],[-73.84627,40.60412],[-73.84629,40.60406],[-73.84645,40.60408],[-73.84654,40.60417],[-73.84667,40.60419],[-73.84661,40.60426],[-73.84661,40.60434],[-73.84648,40.60434],[-73.84638,40.60442],[-73.84662,40.60449],[-73.84665,40.60452],[-73.84665,40.60459],[-73.84676,40.60454],[-73.84681,40.60457],[-73.84691,40.60452],[-73.84704,40.60454],[-73.84714,40.60462],[-73.84714,40.60455],[-73.84726,40.6046],[-73.84733,40.60457],[-73.84737,40.60449],[-73.84745,40.60446],[-73.84761,40.60456],[-73.84767,40.60465],[-73.84772,40.60467],[-73.84775,40.60462],[-73.84786,40.60471],[-73.84784,40.60484],[-73.84786,40.60485],[-73.84777,40.60492],[-73.84772,40.6049],[-73.84768,40.60482],[-73.84765,40.60487],[-73.84746,40.60485],[-73.84716,40.60489],[-73.84708,40.60486],[-73.84704,40.60491],[-73.84684,40.60497],[-73.84683,40.60493],[-73.84674,40.60489],[-73.84674,40.60486]]],[[[-73.84828,40.60544],[-73.84821,40.60545],[-73.84821,40.60539],[-73.84815,40.60537],[-73.84806,40.60541],[-73.84795,40.60536],[-73.84787,40.60527],[-73.84784,40.60509],[-73.84789,40.60509],[-73.84796,40.60515],[-73.84799,40.60514],[-73.84798,40.6051],[-73.84809,40.60508],[-73.84825,40.60515],[-73.8483,40.6052],[-73.84825,40.6052],[-73.84824,40.60526],[-73.8483,40.60526],[-73.84832,40.60531],[-73.84836,40.60533],[-73.84835,40.60538],[-73.84831,40.6054],[-73.84836,40.60545],[-73.84828,40.60544]]],[[[-73.8484,40.60593],[-73.84843,40.60591],[-73.84835,40.60591],[-73.84827,40.60584],[-73.84826,40.60579],[-73.84839,40.6058],[-73.84841,40.60586],[-73.84847,40.60587],[-73.84851,40.6058],[-73.84859,40.60579],[-73.84854,40.60587],[-73.84858,40.60588],[-73.84858,40.60592],[-73.84867,40.60588],[-73.84872,40.6059],[-73.84854,40.60597],[-73.84844,40.60596],[-73.8484,40.60593]]],[[[-73.86703,40.60808],[-73.86874,40.60704],[-73.86869,40.60825],[-73.86778,40.60855],[-73.86703,40.60808]]],[[[-73.86967,40.60655],[-73.87109,40.6047],[-73.87106,40.60629],[-73.87246,40.60819],[-73.873,40.61056],[-73.8718,40.61029],[-73.87104,40.60973],[-73.87076,40.60871],[-73.86967,40.60655]]],[[[-73.85048,40.61235],[-73.85023,40.61221],[-73.8501,40.61221],[-73.85002,40.61215],[-73.84967,40.61212],[-73.84984,40.61203],[-73.84986,40.61197],[-73.84984,40.61192],[-73.84979,40.61191],[-73.84964,40.61175],[-73.84976,40.6116],[-73.8497,40.61154],[-73.84957,40.61154],[-73.84955,40.61147],[-73.84959,40.61144],[-73.84963,40.61128],[-73.84974,40.61122],[-73.84966,40.61111],[-73.84982,40.61108],[-73.84986,40.61102],[-73.84979,40.6109],[-73.84961,40.61089],[-73.84959,40.61077],[-73.84972,40.61069],[-73.84971,40.61062],[-73.8496,40.61049],[-73.84968,40.61041],[-73.84966,40.61035],[-73.84957,40.61039],[-73.8495,40.61034],[-73.84954,40.61031],[-73.84962,40.61033],[-73.84974,40.61026],[-73.84998,40.61026],[-73.85009,40.61023],[-73.85009,40.61017],[-73.85004,40.6101],[-73.84998,40.61009],[-73.84995,40.61011],[-73.84996,40.6102],[-73.84977,40.61],[-73.84953,40.60992],[-73.84943,40.60986],[-73.84942,40.60983],[-73.84963,40.60982],[-73.84972,40.60977],[-73.84978,40.60984],[-73.84987,40.60983],[-73.84996,40.60972],[-73.84987,40.60967],[-73.84993,40.60944],[-73.8502,40.60955],[-73.85032,40.60954],[-73.85033,40.60962],[-73.85039,40.60966],[-73.85053,40.60957],[-73.85058,40.60949],[-73.85069,40.60941],[-73.85086,40.60936],[-73.85094,40.60939],[-73.85116,40.6093],[-73.85119,40.60926],[-73.85127,40.60924],[-73.85135,40.60928],[-73.85145,40.60916],[-73.85143,40.60911],[-73.85147,40.60907],[-73.85158,40.60907],[-73.85162,40.6089],[-73.85172,40.60878],[-73.85167,40.60875],[-73.8517,40.60862],[-73.85188,40.60869],[-73.85198,40.60864],[-73.85208,40.6087],[-73.85211,40.60865],[-73.85219,40.60864],[-73.85215,40.60851],[-73.85235,40.60844],[-73.85236,40.60832],[-73.85246,40.60825],[-73.85271,40.60822],[-73.85273,40.60827],[-73.85269,40.60829],[-73.85269,40.60833],[-73.85277,40.6083],[-73.85279,40.60823],[-73.85292,40.60811],[-73.85291,40.60804],[-73.85295,40.60797],[-73.85307,40.60796],[-73.85321,40.608],[-73.85329,40.60805],[-73.85337,40.60802],[-73.85336,40.60797],[-73.85325,40.60786],[-73.85324,40.60774],[-73.8533,40.60774],[-73.85335,40.60779],[-73.85334,40.60786],[-73.85345,40.60793],[-73.85349,40.6079],[-73.85365,40.6079],[-73.85371,40.60783],[-73.85379,40.60787],[-73.85394,40.60789],[-73.85391,40.60781],[-73.85398,40.6078],[-73.85406,40.60781],[-73.85411,40.60786],[-73.85427,40.60784],[-73.85429,40.60791],[-73.85446,40.6079],[-73.85442,40.60774],[-73.85415,40.60755],[-73.85383,40.60753],[-73.85373,40.60749],[-73.85369,40.60739],[-73.85361,40.60729],[-73.85363,40.60727],[-73.85375,40.60729],[-73.85382,40.6072],[-73.85422,40.60722],[-73.85432,40.60717],[-73.85442,40.60718],[-73.85451,40.60724],[-73.85456,40.60724],[-73.85465,40.60735],[-73.85481,40.60736],[-73.85481,40.60741],[-73.85474,40.60746],[-73.85478,40.6075],[-73.85507,40.60747],[-73.85503,40.60758],[-73.85477,40.6076],[-73.85464,40.6077],[-73.85466,40.60773],[-73.85474,40.60771],[-73.85481,40.60779],[-73.8548,40.60793],[-73.8547,40.60807],[-73.8548,40.6086],[-73.85492,40.60876],[-73.85506,40.60886],[-73.85512,40.60883],[-73.8553,40.60892],[-73.85543,40.60892],[-73.85555,40.60899],[-73.85555,40.60908],[-73.85536,40.60915],[-73.85524,40.60927],[-73.85525,40.60955],[-73.8553,40.6096],[-73.85536,40.60961],[-73.85565,40.60953],[-73.85595,40.60955],[-73.85599,40.60964],[-73.85589,40.60977],[-73.85589,40.60992],[-73.85593,40.60994],[-73.85607,40.60991],[-73.85606,40.60998],[-73.85609,40.61002],[-73.8562,40.61008],[-73.85617,40.61012],[-73.85628,40.61027],[-73.85625,40.61033],[-73.85629,40.61038],[-73.85628,40.61046],[-73.8563,40.61048],[-73.85634,40.61043],[-73.85638,40.61047],[-73.85633,40.61053],[-73.85638,40.61054],[-73.85638,40.61059],[-73.85635,40.6106],[-73.85633,40.61066],[-73.85647,40.6107],[-73.85645,40.61074],[-73.8566,40.61084],[-73.85651,40.61088],[-73.85648,40.61093],[-73.85644,40.61091],[-73.85631,40.61094],[-73.85634,40.61101],[-73.85629,40.61106],[-73.85619,40.61105],[-73.85608,40.61092],[-73.85592,40.61087],[-73.85588,40.61077],[-73.8557,40.61071],[-73.85559,40.61049],[-73.85536,40.61042],[-73.85538,40.61036],[-73.85545,40.61034],[-73.85547,40.61028],[-73.85551,40.61026],[-73.85551,40.61015],[-73.85542,40.61012],[-73.85523,40.61014],[-73.85513,40.6102],[-73.85503,40.61013],[-73.85494,40.61021],[-73.85486,40.61019],[-73.85481,40.61022],[-73.85459,40.61014],[-73.85452,40.61016],[-73.85446,40.61013],[-73.85442,40.61019],[-73.85438,40.61019],[-73.85425,40.61015],[-73.85407,40.61017],[-73.85401,40.61013],[-73.85398,40.61019],[-73.85389,40.61019],[-73.85391,40.61022],[-73.85385,40.61019],[-73.85381,40.6102],[-73.85382,40.61024],[-73.85378,40.61022],[-73.85373,40.61025],[-73.85367,40.6102],[-73.85361,40.61024],[-73.85345,40.61021],[-73.85335,40.61024],[-73.85329,40.61019],[-73.85328,40.61015],[-73.85322,40.61015],[-73.85319,40.61019],[-73.8531,40.6102],[-73.85314,40.61028],[-73.85291,40.6103],[-73.85289,40.61034],[-73.85271,40.61043],[-73.85244,40.61034],[-73.85237,40.61038],[-73.85227,40.61037],[-73.85211,40.61026],[-73.85197,40.61025],[-73.85193,40.61035],[-73.85199,40.61057],[-73.85213,40.61064],[-73.85212,40.61071],[-73.85219,40.61082],[-73.8524,40.61086],[-73.85263,40.61099],[-73.85265,40.61118],[-73.85256,40.61114],[-73.85245,40.61095],[-73.85234,40.61096],[-73.85216,40.61105],[-73.85205,40.61106],[-73.85204,40.61096],[-73.85198,40.61092],[-73.85188,40.61091],[-73.85172,40.61096],[-73.85167,40.61106],[-73.85176,40.61113],[-73.85195,40.61113],[-73.85197,40.6112],[-73.85185,40.61134],[-73.85177,40.61137],[-73.85171,40.61148],[-73.85174,40.61158],[-73.8514,40.61166],[-73.85137,40.61169],[-73.85143,40.61176],[-73.85142,40.61178],[-73.85116,40.61172],[-73.85112,40.6115],[-73.85106,40.61148],[-73.85104,40.61151],[-73.85106,40.61155],[-73.85099,40.61153],[-73.85101,40.61162],[-73.85097,40.61168],[-73.85098,40.61179],[-73.85087,40.6118],[-73.85091,40.61184],[-73.85088,40.61187],[-73.85097,40.61193],[-73.85096,40.61197],[-73.85092,40.61199],[-73.85079,40.61195],[-73.85069,40.61199],[-73.85064,40.61204],[-73.85069,40.6121],[-73.85069,40.61222],[-73.85055,40.61235],[-73.85048,40.61235]]],[[[-73.84474,40.61398],[-73.84463,40.61391],[-73.84446,40.61388],[-73.84426,40.6138],[-73.8442,40.61374],[-73.84405,40.61378],[-73.84385,40.61373],[-73.84384,40.61375],[-73.84379,40.61371],[-73.84374,40.61374],[-73.84357,40.61368],[-73.84347,40.61357],[-73.84351,40.61351],[-73.84366,40.61344],[-73.84369,40.61337],[-73.84364,40.61331],[-73.84364,40.61324],[-73.84356,40.61308],[-73.84343,40.61298],[-73.84264,40.61318],[-73.84204,40.6127],[-73.84184,40.6127],[-73.84162,40.61251],[-73.84156,40.61237],[-73.84151,40.61233],[-73.84152,40.61215],[-73.84157,40.61209],[-73.8416,40.61186],[-73.84158,40.61183],[-73.84133,40.61185],[-73.84102,40.61162],[-73.84094,40.61161],[-73.84084,40.61165],[-73.84071,40.61164],[-73.84068,40.61145],[-73.84063,40.6115],[-73.8406,40.61175],[-73.84034,40.61205],[-73.83998,40.61229],[-73.8398,40.61237],[-73.83932,40.61247],[-73.83911,40.61247],[-73.83894,40.61238],[-73.83886,40.61226],[-73.83877,40.612],[-73.83872,40.612],[-73.83876,40.61221],[-73.83882,40.61231],[-73.83888,40.61253],[-73.83887,40.61263],[-73.8388,40.6128],[-73.83869,40.6129],[-73.83843,40.61302],[-73.83818,40.61309],[-73.83784,40.61311],[-73.83738,40.61302],[-73.83678,40.61273],[-73.83636,40.61243],[-73.83624,40.61228],[-73.83623,40.6122],[-73.83636,40.61196],[-73.83665,40.61152],[-73.83697,40.61112],[-73.83735,40.61104],[-73.83752,40.61087],[-73.83746,40.61016],[-73.83756,40.61009],[-73.83781,40.61006],[-73.83789,40.60994],[-73.83793,40.60976],[-73.83799,40.60971],[-73.83812,40.60949],[-73.83826,40.60953],[-73.83832,40.60952],[-73.83852,40.60924],[-73.83852,40.60914],[-73.83864,40.60897],[-73.83878,40.60808],[-73.83887,40.60791],[-73.83898,40.60787],[-73.83901,40.60791],[-73.83897,40.60806],[-73.83898,40.60823],[-73.83901,40.60829],[-73.8391,40.60832],[-73.8396,40.60807],[-73.83978,40.60829],[-73.84,40.60821],[-73.84004,40.60824],[-73.84008,40.60842],[-73.84002,40.60847],[-73.84007,40.6086],[-73.84015,40.60864],[-73.84017,40.60871],[-73.84009,40.60877],[-73.84006,40.60884],[-73.8401,40.60897],[-73.84014,40.60897],[-73.84013,40.6089],[-73.84025,40.60871],[-73.8405,40.60856],[-73.84053,40.60839],[-73.84044,40.60828],[-73.84015,40.60823],[-73.84007,40.60806],[-73.83984,40.60801],[-73.83968,40.60784],[-73.83947,40.60782],[-73.83936,40.60762],[-73.83941,40.60759],[-73.83953,40.60761],[-73.83988,40.60758],[-73.84,40.60754],[-73.84002,40.60746],[-73.83994,40.6074],[-73.84015,40.60729],[-73.84041,40.60709],[-73.84042,40.60703],[-73.84051,40.60697],[-73.84101,40.60704],[-73.84123,40.60696],[-73.84136,40.6068],[-73.84141,40.60645],[-73.84127,40.60626],[-73.84097,40.60609],[-73.84061,40.60628],[-73.84057,40.60625],[-73.84062,40.60616],[-73.84061,40.60607],[-73.84058,40.60608],[-73.84056,40.60618],[-73.84046,40.60622],[-73.84043,40.6062],[-73.84043,40.60603],[-73.84045,40.606],[-73.84053,40.60598],[-73.84053,40.60595],[-73.84046,40.60589],[-73.84042,40.60578],[-73.84046,40.60558],[-73.8406,40.60541],[-73.84066,40.60543],[-73.84067,40.60555],[-73.84075,40.60565],[-73.84099,40.60563],[-73.84111,40.60554],[-73.84123,40.60554],[-73.84128,40.6054],[-73.84127,40.60534],[-73.84119,40.60536],[-73.84107,40.60531],[-73.84106,40.60522],[-73.8411,40.60516],[-73.84134,40.6051],[-73.84133,40.60503],[-73.84121,40.60497],[-73.84116,40.6049],[-73.84113,40.6047],[-73.84127,40.6047],[-73.84136,40.60466],[-73.84138,40.60457],[-73.84149,40.60451],[-73.84159,40.60449],[-73.84171,40.60464],[-73.84174,40.60472],[-73.84186,40.6048],[-73.84195,40.60479],[-73.84207,40.60465],[-73.84219,40.60463],[-73.84221,40.60453],[-73.84235,40.60445],[-73.84264,40.60444],[-73.84276,40.60448],[-73.84289,40.60428],[-73.84296,40.60422],[-73.84305,40.60423],[-73.84327,40.60443],[-73.84336,40.60437],[-73.8436,40.6043],[-73.84357,40.60418],[-73.84383,40.60419],[-73.84397,40.60411],[-73.84431,40.60417],[-73.84443,40.60416],[-73.84453,40.60433],[-73.8445,40.60437],[-73.84433,40.60441],[-73.84415,40.60435],[-73.84392,40.60434],[-73.84362,40.60441],[-73.84347,40.60453],[-73.84339,40.60469],[-73.84329,40.6047],[-73.84308,40.60463],[-73.84271,40.60465],[-73.84263,40.60474],[-73.84271,40.60504],[-73.84267,40.60509],[-73.84251,40.60494],[-73.8425,40.60487],[-73.84244,40.60485],[-73.84222,40.60495],[-73.8421,40.60495],[-73.84203,40.60491],[-73.84195,40.60491],[-73.84194,40.60494],[-73.84201,40.60505],[-73.84215,40.60509],[-73.84227,40.60524],[-73.84243,40.60529],[-73.84282,40.60525],[-73.8428,40.60513],[-73.84292,40.60512],[-73.84297,40.60508],[-73.84296,40.60504],[-73.84285,40.60498],[-73.84281,40.6049],[-73.84276,40.60476],[-73.84283,40.60473],[-73.84319,40.60485],[-73.84324,40.60512],[-73.84335,40.60518],[-73.84329,40.60506],[-73.84338,40.60499],[-73.84342,40.60502],[-73.84343,40.60515],[-73.84365,40.60527],[-73.84369,40.60531],[-73.84371,40.60543],[-73.84382,40.60544],[-73.84367,40.60553],[-73.84365,40.60574],[-73.84357,40.60581],[-73.84357,40.60586],[-73.84369,40.60597],[-73.84378,40.60609],[-73.8437,40.60617],[-73.84375,40.6063],[-73.8438,40.60637],[-73.8439,40.60642],[-73.84389,40.60634],[-73.84392,40.60632],[-73.84388,40.60618],[-73.84392,40.60615],[-73.84387,40.60605],[-73.84392,40.60605],[-73.84394,40.60599],[-73.84382,40.60594],[-73.84384,40.60586],[-73.84372,40.60586],[-73.84371,40.60583],[-73.84375,40.60576],[-73.84385,40.6057],[-73.84385,40.60561],[-73.844,40.60561],[-73.84406,40.60552],[-73.84406,40.60545],[-73.84388,40.60534],[-73.84391,40.60525],[-73.84365,40.60511],[-73.84362,40.60507],[-73.84366,40.60496],[-73.84362,40.60488],[-73.84361,40.60471],[-73.84367,40.60456],[-73.8438,40.60451],[-73.84407,40.60457],[-73.84412,40.60462],[-73.84416,40.60473],[-73.84461,40.60504],[-73.84455,40.60509],[-73.84455,40.60521],[-73.84452,40.60525],[-73.84456,40.60532],[-73.84465,40.60538],[-73.84467,40.60543],[-73.84461,40.60553],[-73.84461,40.60558],[-73.84467,40.60563],[-73.84472,40.60574],[-73.84459,40.6059],[-73.84456,40.60602],[-73.84465,40.60611],[-73.84469,40.60612],[-73.84469,40.60615],[-73.84465,40.60618],[-73.84454,40.60613],[-73.84449,40.60608],[-73.84445,40.60592],[-73.84433,40.60588],[-73.84433,40.60582],[-73.84419,40.60583],[-73.84413,40.60585],[-73.84411,40.6059],[-73.84413,40.60607],[-73.84415,40.60611],[-73.84427,40.60606],[-73.84437,40.60638],[-73.84452,40.60659],[-73.84458,40.60661],[-73.84465,40.60658],[-73.84469,40.60649],[-73.84469,40.60644],[-73.84462,40.60637],[-73.84463,40.60634],[-73.84473,40.60638],[-73.84478,40.60636],[-73.84495,40.60622],[-73.84516,40.60625],[-73.84528,40.60631],[-73.8453,40.60628],[-73.84529,40.60618],[-73.84532,40.60607],[-73.8453,40.60597],[-73.84519,40.60585],[-73.8451,40.60588],[-73.84505,40.60587],[-73.8451,40.60572],[-73.84532,40.60579],[-73.8454,40.60578],[-73.8454,40.60572],[-73.84524,40.60562],[-73.84509,40.60564],[-73.84505,40.60554],[-73.84521,40.60555],[-73.84529,40.60552],[-73.84531,40.6054],[-73.84519,40.60533],[-73.84499,40.60528],[-73.84491,40.60518],[-73.84494,40.60504],[-73.84507,40.60504],[-73.84525,40.60514],[-73.8454,40.60516],[-73.8455,40.60514],[-73.84554,40.60504],[-73.8456,40.60502],[-73.84567,40.60511],[-73.84582,40.60517],[-73.84605,40.60507],[-73.84603,40.605],[-73.84606,40.60496],[-73.84602,40.60491],[-73.8461,40.60481],[-73.84607,40.60476],[-73.84628,40.60479],[-73.84627,40.60472],[-73.84641,40.60488],[-73.84675,40.60511],[-73.84695,40.60509],[-73.84709,40.60514],[-73.84719,40.6051],[-73.84747,40.60509],[-73.84749,40.60545],[-73.84745,40.60548],[-73.84743,40.60568],[-73.84735,40.60571],[-73.84724,40.60568],[-73.84718,40.60571],[-73.84716,40.60577],[-73.84728,40.60579],[-73.84727,40.60583],[-73.84693,40.60591],[-73.84683,40.60601],[-73.84667,40.60605],[-73.84665,40.60601],[-73.84676,40.60593],[-73.84683,40.60581],[-73.84677,40.60581],[-73.84672,40.60591],[-73.84659,40.60584],[-73.84665,40.60593],[-73.84659,40.60596],[-73.84658,40.60603],[-73.84664,40.60607],[-73.84661,40.6061],[-73.84645,40.60612],[-73.84634,40.6062],[-73.84624,40.60623],[-73.8462,40.6063],[-73.84613,40.60634],[-73.84604,40.60634],[-73.846,40.6063],[-73.84591,40.6063],[-73.84604,40.6064],[-73.84609,40.60636],[-73.84625,40.60642],[-73.8462,40.60656],[-73.84611,40.60665],[-73.84617,40.6067],[-73.84618,40.60677],[-73.84627,40.60677],[-73.84628,40.60681],[-73.84633,40.60683],[-73.84638,40.60677],[-73.84651,40.6068],[-73.84658,40.60676],[-73.84664,40.60676],[-73.8466,40.60686],[-73.84644,40.60694],[-73.84635,40.60706],[-73.84638,40.6071],[-73.84653,40.60718],[-73.84647,40.60721],[-73.8464,40.60731],[-73.8465,40.60722],[-73.84655,40.60723],[-73.84656,40.60718],[-73.84651,40.60712],[-73.84641,40.60708],[-73.8464,40.60704],[-73.84654,40.60693],[-73.84664,40.60694],[-73.84669,40.60688],[-73.84662,40.6067],[-73.84663,40.6066],[-73.84674,40.60671],[-73.84677,40.60664],[-73.84684,40.60674],[-73.84683,40.60662],[-73.84689,40.60658],[-73.84684,40.60655],[-73.84669,40.60658],[-73.84666,40.60655],[-73.8466,40.6066],[-73.8466,40.60664],[-73.84645,40.60673],[-73.84623,40.60673],[-73.8462,40.60664],[-73.84626,40.60663],[-73.84631,40.60647],[-73.84633,40.60645],[-73.84632,40.60642],[-73.84645,40.60623],[-73.84679,40.60619],[-73.84689,40.60609],[-73.84703,40.60606],[-73.84705,40.60609],[-73.84757,40.60604],[-73.84766,40.60593],[-73.84794,40.60604],[-73.848,40.60611],[-73.84811,40.60613],[-73.84813,40.60618],[-73.84838,40.60624],[-73.84861,40.60624],[-73.84866,40.60626],[-73.84868,40.6063],[-73.84876,40.60631],[-73.84885,40.60638],[-73.84884,40.60631],[-73.84893,40.60628],[-73.84909,40.60634],[-73.84912,40.60629],[-73.8492,40.60628],[-73.8492,40.60621],[-73.84925,40.60619],[-73.84922,40.60613],[-73.84928,40.60608],[-73.84944,40.60615],[-73.8495,40.60613],[-73.84956,40.60606],[-73.84964,40.60604],[-73.84965,40.60606],[-73.84964,40.60611],[-73.84957,40.60617],[-73.8496,40.60621],[-73.84957,40.60641],[-73.84963,40.60646],[-73.84961,40.60652],[-73.8497,40.60657],[-73.84962,40.60667],[-73.84953,40.60672],[-73.84939,40.60672],[-73.84935,40.60675],[-73.84928,40.60672],[-73.8493,40.60664],[-73.84922,40.60655],[-73.84907,40.60652],[-73.84904,40.60656],[-73.84898,40.60656],[-73.84876,40.60653],[-73.8486,40.60661],[-73.84854,40.60675],[-73.84854,40.60684],[-73.84851,40.60685],[-73.84825,40.60689],[-73.84823,40.60685],[-73.84828,40.60684],[-73.84828,40.60682],[-73.84817,40.60682],[-73.84817,40.60676],[-73.84806,40.60674],[-73.84801,40.60681],[-73.84802,40.60689],[-73.84804,40.60692],[-73.84815,40.60693],[-73.84824,40.60703],[-73.84824,40.6071],[-73.84799,40.60707],[-73.8479,40.60695],[-73.84755,40.60699],[-73.8475,40.60707],[-73.84737,40.60711],[-73.84745,40.60714],[-73.84744,40.6072],[-73.84733,40.6072],[-73.84718,40.60739],[-73.84698,40.60752],[-73.84703,40.60763],[-73.8469,40.60771],[-73.84688,40.60778],[-73.84697,40.60783],[-73.84685,40.60789],[-73.8469,40.60802],[-73.84683,40.60807],[-73.84676,40.60807],[-73.84663,40.60798],[-73.84654,40.60801],[-73.84621,40.60793],[-73.84613,40.60795],[-73.84607,40.60801],[-73.84595,40.60804],[-73.84597,40.60814],[-73.8459,40.60822],[-73.84573,40.60831],[-73.8456,40.60833],[-73.84548,40.60833],[-73.84525,40.60819],[-73.84486,40.6081],[-73.8449,40.60818],[-73.84496,40.60822],[-73.84517,40.60824],[-73.84525,40.60829],[-73.84543,40.60845],[-73.84543,40.60849],[-73.8455,40.60852],[-73.84562,40.6085],[-73.84615,40.60825],[-73.84624,40.60825],[-73.84628,40.60829],[-73.84612,40.60847],[-73.84602,40.60849],[-73.84583,40.60863],[-73.84581,40.60867],[-73.84592,40.60876],[-73.84596,40.60883],[-73.84592,40.60892],[-73.84581,40.60896],[-73.84581,40.6091],[-73.84575,40.60917],[-73.84572,40.6093],[-73.84564,40.60936],[-73.84555,40.60934],[-73.84553,40.60943],[-73.84557,40.60949],[-73.8457,40.60948],[-73.84577,40.60956],[-73.84574,40.60974],[-73.84567,40.6098],[-73.84544,40.60977],[-73.84539,40.60979],[-73.84562,40.6099],[-73.84568,40.60996],[-73.84568,40.61002],[-73.84562,40.61008],[-73.84542,40.61014],[-73.84546,40.61019],[-73.84568,40.61032],[-73.84574,40.61044],[-73.84574,40.61048],[-73.8457,40.61048],[-73.84553,40.61048],[-73.84558,40.6106],[-73.84574,40.61064],[-73.84575,40.61078],[-73.84553,40.6108],[-73.84554,40.6109],[-73.84569,40.61111],[-73.84571,40.61122],[-73.84576,40.61128],[-73.84573,40.61145],[-73.84567,40.61145],[-73.84555,40.61134],[-73.84532,40.61126],[-73.84499,40.61096],[-73.8449,40.61096],[-73.84486,40.61104],[-73.84488,40.61114],[-73.84526,40.6115],[-73.84525,40.61161],[-73.84529,40.61173],[-73.84527,40.61185],[-73.84518,40.61217],[-73.84509,40.61228],[-73.84508,40.61234],[-73.84519,40.61245],[-73.8453,40.61269],[-73.8454,40.61277],[-73.84562,40.61282],[-73.84571,40.61288],[-73.8457,40.61294],[-73.84539,40.61307],[-73.8453,40.61308],[-73.84529,40.61314],[-73.84539,40.61313],[-73.84542,40.61316],[-73.84526,40.61328],[-73.84528,40.61332],[-73.84537,40.61331],[-73.84534,40.61338],[-73.84528,40.61341],[-73.84537,40.61345],[-73.84533,40.61356],[-73.84541,40.61362],[-73.84558,40.61363],[-73.84565,40.6137],[-73.84539,40.61382],[-73.84511,40.61382],[-73.84488,40.61399],[-73.84484,40.61399],[-73.84482,40.61405],[-73.84474,40.61398]]],[[[-73.85023,40.62333],[-73.85023,40.62322],[-73.85017,40.62314],[-73.8499,40.62312],[-73.84979,40.62306],[-73.84967,40.62269],[-73.8494,40.62249],[-73.84908,40.62244],[-73.84887,40.62249],[-73.84848,40.62243],[-73.84847,40.62237],[-73.8486,40.62215],[-73.84881,40.62199],[-73.84893,40.62177],[-73.84908,40.6217],[-73.8491,40.62167],[-73.84907,40.62162],[-73.84896,40.62165],[-73.84894,40.62163],[-73.84902,40.62149],[-73.84919,40.62145],[-73.8493,40.62138],[-73.84939,40.62139],[-73.84948,40.62133],[-73.84965,40.62138],[-73.84982,40.62131],[-73.85001,40.62118],[-73.85012,40.62105],[-73.85026,40.62101],[-73.85029,40.62094],[-73.85021,40.6209],[-73.85019,40.62084],[-73.85049,40.6209],[-73.85053,40.62083],[-73.85047,40.62076],[-73.85063,40.6207],[-73.85062,40.62053],[-73.85065,40.62047],[-73.85076,40.62046],[-73.85078,40.6204],[-73.85085,40.62041],[-73.85082,40.62035],[-73.85088,40.62032],[-73.85085,40.62026],[-73.85091,40.62026],[-73.85099,40.62033],[-73.85107,40.62033],[-73.8511,40.62038],[-73.85128,40.62034],[-73.85135,40.62026],[-73.85135,40.62015],[-73.85159,40.62025],[-73.85172,40.62025],[-73.85188,40.62017],[-73.8519,40.62023],[-73.85206,40.62029],[-73.85244,40.62028],[-73.85264,40.62016],[-73.85274,40.62014],[-73.85296,40.62016],[-73.85313,40.62023],[-73.85347,40.62021],[-73.85362,40.62015],[-73.85371,40.62007],[-73.85389,40.62002],[-73.85392,40.61992],[-73.85402,40.61988],[-73.85413,40.61996],[-73.85426,40.61997],[-73.85441,40.61996],[-73.85455,40.6199],[-73.85469,40.62001],[-73.85492,40.62004],[-73.85508,40.61999],[-73.85515,40.6199],[-73.85519,40.61991],[-73.85523,40.61987],[-73.85537,40.61987],[-73.85538,40.61983],[-73.85546,40.61981],[-73.85558,40.61985],[-73.85564,40.61981],[-73.85598,40.61981],[-73.85604,40.61979],[-73.85614,40.61984],[-73.85618,40.61981],[-73.85616,40.61976],[-73.85624,40.61975],[-73.85629,40.61971],[-73.85638,40.61975],[-73.85646,40.61972],[-73.85646,40.61962],[-73.85655,40.61958],[-73.85659,40.6196],[-73.85656,40.61972],[-73.85658,40.61992],[-73.85662,40.61998],[-73.85671,40.62001],[-73.85671,40.62006],[-73.85677,40.62012],[-73.85678,40.62017],[-73.85673,40.62022],[-73.85676,40.62041],[-73.85684,40.62045],[-73.85714,40.62045],[-73.85725,40.62041],[-73.85729,40.62028],[-73.85735,40.62027],[-73.8574,40.62031],[-73.8574,40.62042],[-73.85746,40.6205],[-73.85739,40.62057],[-73.85738,40.62066],[-73.85731,40.62067],[-73.85727,40.62062],[-73.85718,40.62062],[-73.857,40.62076],[-73.85711,40.62098],[-73.85706,40.62103],[-73.85692,40.62104],[-73.85687,40.62113],[-73.85679,40.62111],[-73.85681,40.62115],[-73.85679,40.62118],[-73.85668,40.62114],[-73.85661,40.62115],[-73.85661,40.62123],[-73.85675,40.62131],[-73.85659,40.6213],[-73.85663,40.62138],[-73.85657,40.62149],[-73.85648,40.62147],[-73.85645,40.62142],[-73.85635,40.62142],[-73.85627,40.62162],[-73.8561,40.62157],[-73.8561,40.62165],[-73.85596,40.62181],[-73.8556,40.62184],[-73.85554,40.62179],[-73.85551,40.6217],[-73.85533,40.6217],[-73.8553,40.62171],[-73.85535,40.62181],[-73.85534,40.62187],[-73.85517,40.62197],[-73.85504,40.62196],[-73.855,40.62193],[-73.85501,40.62174],[-73.85497,40.62165],[-73.85475,40.62165],[-73.85464,40.6216],[-73.85462,40.62148],[-73.85465,40.62137],[-73.85456,40.62118],[-73.85457,40.6211],[-73.85462,40.62103],[-73.85457,40.62083],[-73.85451,40.6208],[-73.85419,40.62075],[-73.85409,40.62069],[-73.85395,40.62069],[-73.85369,40.62058],[-73.85368,40.62052],[-73.85359,40.62047],[-73.85329,40.62051],[-73.85303,40.62049],[-73.85279,40.62064],[-73.8527,40.62062],[-73.85252,40.62051],[-73.85185,40.62057],[-73.8518,40.6206],[-73.85176,40.62075],[-73.85167,40.62082],[-73.85162,40.62083],[-73.85147,40.62079],[-73.8514,40.62081],[-73.85138,40.62101],[-73.8514,40.62123],[-73.85134,40.62133],[-73.85135,40.62139],[-73.85129,40.6217],[-73.85129,40.62184],[-73.85132,40.62191],[-73.85145,40.62201],[-73.85154,40.62219],[-73.85172,40.62233],[-73.85174,40.6224],[-73.85197,40.62256],[-73.85226,40.62282],[-73.85236,40.62298],[-73.85234,40.62302],[-73.85216,40.623],[-73.852,40.62283],[-73.8519,40.6228],[-73.85197,40.62297],[-73.85196,40.62303],[-73.85184,40.62312],[-73.8518,40.62335],[-73.85176,40.6234],[-73.85153,40.6234],[-73.8515,40.62344],[-73.85133,40.62348],[-73.85106,40.62329],[-73.8509,40.62328],[-73.85064,40.62335],[-73.85033,40.62357],[-73.85025,40.62359],[-73.85019,40.62346],[-73.85023,40.62341],[-73.85023,40.62333]]],[[[-73.86213,40.624],[-73.86209,40.62393],[-73.86217,40.62384],[-73.86224,40.62382],[-73.86231,40.62381],[-73.86239,40.62395],[-73.86249,40.62392],[-73.86259,40.62382],[-73.8627,40.62361],[-73.86277,40.62358],[-73.86278,40.6235],[-73.86271,40.62343],[-73.86277,40.62342],[-73.8628,40.62337],[-73.86288,40.62337],[-73.86304,40.62331],[-73.86313,40.62333],[-73.86322,40.62341],[-73.86348,40.6234],[-73.86351,40.62342],[-73.8635,40.62351],[-73.86355,40.6236],[-73.86356,40.62378],[-73.86378,40.62396],[-73.86372,40.62398],[-73.86354,40.62389],[-73.86343,40.62391],[-73.8634,40.62402],[-73.8635,40.62415],[-73.86349,40.6242],[-73.86344,40.62421],[-73.86315,40.62396],[-73.86308,40.62404],[-73.86303,40.62405],[-73.86293,40.62398],[-73.86277,40.62399],[-73.86265,40.62397],[-73.86253,40.62406],[-73.86245,40.62424],[-73.86224,40.62432],[-73.86207,40.62433],[-73.86197,40.62428],[-73.86209,40.62415],[-73.86208,40.62403],[-73.86213,40.624]]],[[[-73.8459,40.62498],[-73.84579,40.6249],[-73.84542,40.62488],[-73.84528,40.62483],[-73.84489,40.62491],[-73.84477,40.62486],[-73.84475,40.6248],[-73.84485,40.6245],[-73.84483,40.62431],[-73.84478,40.62425],[-73.84467,40.62419],[-73.84418,40.62416],[-73.84411,40.62417],[-73.84408,40.62423],[-73.84394,40.62431],[-73.84384,40.6243],[-73.84383,40.62426],[-73.84389,40.62421],[-73.84393,40.6241],[-73.84394,40.62395],[-73.84389,40.62382],[-73.84382,40.62375],[-73.84358,40.62377],[-73.84322,40.62366],[-73.84306,40.62349],[-73.84296,40.62344],[-73.84294,40.62333],[-73.84309,40.62337],[-73.84334,40.62338],[-73.84345,40.62334],[-73.84358,40.62319],[-73.84428,40.62296],[-73.84474,40.62303],[-73.84487,40.62302],[-73.84495,40.62296],[-73.8452,40.62299],[-73.84537,40.62306],[-73.84545,40.62315],[-73.84531,40.62324],[-73.84518,40.62324],[-73.84509,40.62331],[-73.8451,40.62343],[-73.84549,40.62381],[-73.84554,40.62408],[-73.84542,40.62413],[-73.84531,40.62408],[-73.84521,40.62408],[-73.84517,40.62421],[-73.84521,40.62436],[-73.84547,40.62452],[-73.84562,40.62452],[-73.8458,40.6246],[-73.84597,40.6249],[-73.846,40.62504],[-73.84595,40.62506],[-73.84591,40.62503],[-73.8459,40.62498]]],[[[-73.85778,40.62483],[-73.8579,40.62485],[-73.8578,40.62501],[-73.85784,40.6252],[-73.85766,40.62532],[-73.85734,40.62515],[-73.85742,40.62498],[-73.85752,40.62492],[-73.85778,40.62483]]],[[[-73.84049,40.6275],[-73.84039,40.62751],[-73.84033,40.62745],[-73.84022,40.6274],[-73.8399,40.62742],[-73.83979,40.62733],[-73.83973,40.62733],[-73.83972,40.62738],[-73.83984,40.62744],[-73.83985,40.62748],[-73.83984,40.6275],[-73.83978,40.62751],[-73.8397,40.62748],[-73.83947,40.6273],[-73.83956,40.62713],[-73.83962,40.62709],[-73.83968,40.62709],[-73.83965,40.62698],[-73.84015,40.6268],[-73.84017,40.62668],[-73.84025,40.62657],[-73.84031,40.62642],[-73.84053,40.62623],[-73.84059,40.62614],[-73.84061,40.62597],[-73.84065,40.62591],[-73.84072,40.62587],[-73.84079,40.62589],[-73.84081,40.62592],[-73.84079,40.62609],[-73.84085,40.62615],[-73.84101,40.62614],[-73.84124,40.62628],[-73.84154,40.62627],[-73.84156,40.62639],[-73.84169,40.6264],[-73.84172,40.62649],[-73.84166,40.62652],[-73.84176,40.62655],[-73.84179,40.6266],[-73.84151,40.62671],[-73.84151,40.62679],[-73.84157,40.62685],[-73.84176,40.6269],[-73.8418,40.62694],[-73.84182,40.62702],[-73.84202,40.62714],[-73.84209,40.62727],[-73.84238,40.62745],[-73.84236,40.62748],[-73.84225,40.62747],[-73.84198,40.62734],[-73.84176,40.6273],[-73.84162,40.62716],[-73.84142,40.62706],[-73.84128,40.62695],[-73.84113,40.62691],[-73.84078,40.62669],[-73.84045,40.62659],[-73.84034,40.62668],[-73.84033,40.62675],[-73.84022,40.62687],[-73.84015,40.62699],[-73.84018,40.62708],[-73.84043,40.62717],[-73.84046,40.62725],[-73.84067,40.62742],[-73.84067,40.62749],[-73.84061,40.62754],[-73.84051,40.62754],[-73.84049,40.6275]]],[[[-73.86873,40.61737],[-73.86919,40.61721],[-73.86956,40.61726],[-73.87076,40.61676],[-73.87109,40.61677],[-73.87125,40.61666],[-73.87154,40.61666],[-73.87176,40.61658],[-73.87197,40.61648],[-73.87216,40.61631],[-73.87255,40.6163],[-73.87276,40.61626],[-73.873,40.61619],[-73.87354,40.61595],[-73.87395,40.61585],[-73.87536,40.61583],[-73.87671,40.61576],[-73.87798,40.61581],[-73.87862,40.61594],[-73.87897,40.61613],[-73.87952,40.61657],[-73.87973,40.61697],[-73.87978,40.61755],[-73.87978,40.61864],[-73.87974,40.61893],[-73.87938,40.61987],[-73.87888,40.62058],[-73.87864,40.62081],[-73.87851,40.62102],[-73.87779,40.62166],[-73.87748,40.62173],[-73.87663,40.62224],[-73.87613,40.62261],[-73.87587,40.62292],[-73.87557,40.62303],[-73.87539,40.6232],[-73.87482,40.6236],[-73.86646,40.62826],[-73.86547,40.62794],[-73.86519,40.62767],[-73.86498,40.62726],[-73.86473,40.62653],[-73.86488,40.62624],[-73.86498,40.62567],[-73.86525,40.62555],[-73.86554,40.62525],[-73.8657,40.62495],[-73.8657,40.62469],[-73.86587,40.6244],[-73.86627,40.62418],[-73.86651,40.62376],[-73.86651,40.62336],[-73.86638,40.62301],[-73.86618,40.62275],[-73.8659,40.62251],[-73.8655,40.62231],[-73.86523,40.6219],[-73.86493,40.62112],[-73.86501,40.62055],[-73.86507,40.62029],[-73.86517,40.62004],[-73.86542,40.61984],[-73.86534,40.61943],[-73.86551,40.61892],[-73.86576,40.61851],[-73.86604,40.61833],[-73.86621,40.61816],[-73.86661,40.61802],[-73.86685,40.61782],[-73.86718,40.61775],[-73.8676,40.6176],[-73.86806,40.61752],[-73.86821,40.61742],[-73.86873,40.61737]]],[[[-73.84814,40.62855],[-73.84819,40.62853],[-73.84841,40.62858],[-73.84849,40.62871],[-73.84847,40.6288],[-73.84837,40.62888],[-73.84813,40.62885],[-73.84805,40.62868],[-73.84814,40.62855]]],[[[-73.84852,40.63057],[-73.84843,40.63056],[-73.84843,40.63047],[-73.8485,40.63045],[-73.84858,40.63049],[-73.84869,40.63047],[-73.8487,40.63062],[-73.84852,40.63057]]],[[[-73.853,40.63203],[-73.85304,40.63196],[-73.85303,40.63189],[-73.85283,40.63174],[-73.85276,40.63149],[-73.85257,40.63125],[-73.85228,40.63108],[-73.8518,40.63098],[-73.85167,40.63088],[-73.85165,40.63081],[-73.85168,40.63075],[-73.85188,40.63052],[-73.85219,40.63037],[-73.85247,40.63035],[-73.85347,40.63085],[-73.85366,40.63088],[-73.85377,40.63085],[-73.85442,40.63041],[-73.85509,40.63012],[-73.85564,40.62997],[-73.85602,40.6299],[-73.8568,40.62985],[-73.85719,40.62987],[-73.85776,40.62995],[-73.85821,40.63016],[-73.85856,40.63047],[-73.85851,40.6307],[-73.85844,40.63085],[-73.85829,40.63105],[-73.85816,40.63114],[-73.8581,40.63126],[-73.8581,40.63135],[-73.85817,40.63148],[-73.85821,40.63169],[-73.85817,40.63198],[-73.85793,40.63238],[-73.85759,40.63272],[-73.85731,40.63281],[-73.85536,40.63282],[-73.85523,40.63291],[-73.85515,40.63317],[-73.85497,40.63342],[-73.85477,40.63358],[-73.85435,40.63373],[-73.8539,40.63383],[-73.85328,40.63386],[-73.85282,40.63381],[-73.85252,40.63375],[-73.85241,40.63365],[-73.85232,40.63348],[-73.85231,40.63323],[-73.85258,40.63267],[-73.853,40.63203]]],[[[-73.84639,40.63529],[-73.84653,40.63528],[-73.84663,40.6352],[-73.84666,40.63469],[-73.84676,40.63437],[-73.84687,40.63417],[-73.84707,40.63401],[-73.84729,40.63372],[-73.8476,40.6335],[-73.84762,40.6334],[-73.84759,40.63324],[-73.84762,40.6331],[-73.84772,40.6329],[-73.84783,40.63279],[-73.84811,40.63261],[-73.84861,40.63247],[-73.84872,40.63238],[-73.84877,40.63226],[-73.84914,40.63212],[-73.84965,40.63207],[-73.84996,40.63211],[-73.85005,40.63218],[-73.85009,40.63232],[-73.85,40.63279],[-73.84995,40.63379],[-73.84988,40.6341],[-73.8498,40.63431],[-73.84962,40.63459],[-73.8491,40.63508],[-73.84886,40.63544],[-73.84876,40.63574],[-73.8487,40.63622],[-73.84857,40.63677],[-73.84828,40.63748],[-73.848,40.63795],[-73.84765,40.63829],[-73.8472,40.63856],[-73.84668,40.63874],[-73.84636,40.63868],[-73.84616,40.63857],[-73.84605,40.63847],[-73.84595,40.6383],[-73.84587,40.63798],[-73.84579,40.6378],[-73.84561,40.63754],[-73.84545,40.63738],[-73.84506,40.63712],[-73.84456,40.63693],[-73.84427,40.6367],[-73.84492,40.63576],[-73.84502,40.63569],[-73.84535,40.63551],[-73.84572,40.63538],[-73.84639,40.63529]]],[[[-73.9544,40.73912],[-73.95323,40.739],[-73.95199,40.73876],[-73.95193,40.7387],[-73.95188,40.73872],[-73.95039,40.73829],[-73.94812,40.73741],[-73.94809,40.73748],[-73.94716,40.73716],[-73.94684,40.73701],[-73.94662,40.73693],[-73.94652,40.73694],[-73.94644,40.73679],[-73.9472,40.73536],[-73.94707,40.73441],[-73.9466,40.73445],[-73.94674,40.73529],[-73.94625,40.73617],[-73.94617,40.73621],[-73.94587,40.73611],[-73.94557,40.73662],[-73.94552,40.7366],[-73.94555,40.73655],[-73.94542,40.73651],[-73.94536,40.73656],[-73.94521,40.73652],[-73.94522,40.73645],[-73.94508,40.7364],[-73.94506,40.73645],[-73.945,40.73644],[-73.94526,40.7359],[-73.94519,40.73549],[-73.94503,40.73544],[-73.94496,40.73564],[-73.94477,40.73599],[-73.94452,40.73624],[-73.94455,40.73627],[-73.94452,40.73629],[-73.94439,40.73627],[-73.94321,40.7358],[-73.9424,40.73543],[-73.94174,40.73496],[-73.94179,40.73492],[-73.94176,40.73487],[-73.94161,40.7347],[-73.94155,40.73474],[-73.94115,40.73416],[-73.941,40.7338],[-73.94116,40.73376],[-73.94104,40.7335],[-73.94093,40.73352],[-73.94082,40.73326],[-73.94073,40.7333],[-73.94057,40.73307],[-73.94069,40.73303],[-73.94037,40.73222],[-73.93981,40.73116],[-73.93975,40.73107],[-73.93892,40.73039],[-73.93856,40.73014],[-73.9381,40.72974],[-73.93809,40.72976],[-73.93693,40.72912],[-73.93493,40.72855],[-73.93421,40.72845],[-73.93422,40.7284],[-73.9335,40.72831],[-73.93326,40.72825],[-73.93302,40.72822],[-73.93291,40.72824],[-73.93241,40.72815],[-73.93235,40.72819],[-73.93201,40.72815],[-73.93168,40.72804],[-73.93081,40.72786],[-73.93033,40.7278],[-73.92966,40.72754],[-73.92958,40.72762],[-73.92924,40.72741],[-73.92927,40.72737],[-73.9285,40.72662],[-73.92806,40.72608],[-73.92794,40.72589],[-73.92787,40.72586],[-73.9278,40.72493],[-73.9272,40.72366],[-73.92562,40.72007],[-73.92482,40.72027],[-73.92471,40.72001],[-73.92475,40.71999],[-73.92452,40.71962],[-73.92458,40.71917],[-73.9247,40.7187],[-73.92482,40.7185],[-73.92499,40.71839],[-73.92509,40.71839],[-73.92616,40.71811],[-73.92639,40.71809],[-73.92838,40.71759],[-73.92847,40.71763],[-73.92867,40.71767],[-73.92879,40.71774],[-73.92888,40.71773],[-73.92913,40.71754],[-73.92919,40.71742],[-73.92957,40.71723],[-73.92971,40.71706],[-73.9295,40.71658],[-73.9295,40.71651],[-73.92932,40.71612],[-73.92935,40.71595],[-73.92947,40.71573],[-73.93149,40.71522],[-73.93179,40.71519],[-73.93208,40.71506],[-73.9322,40.71498],[-73.93224,40.71487],[-73.93215,40.7147],[-73.93175,40.71475],[-73.93159,40.71441],[-73.93154,40.71437],[-73.93143,40.71439],[-73.93131,40.71415],[-73.93144,40.71413],[-73.93124,40.71373],[-73.93145,40.71345],[-73.93165,40.71335],[-73.93264,40.71306],[-73.93265,40.71301],[-73.93203,40.7116],[-73.93339,40.71124],[-73.93328,40.71099],[-73.9319,40.71135],[-73.93093,40.70917],[-73.93078,40.70911],[-73.93076,40.70898],[-73.93054,40.70878],[-73.9305,40.70869],[-73.93036,40.70873],[-73.93038,40.70881],[-73.93025,40.70894],[-73.93155,40.71186],[-73.93086,40.71207],[-73.9308,40.71211],[-73.93078,40.71217],[-73.93086,40.71223],[-73.93161,40.71205],[-73.93185,40.71257],[-73.93182,40.71269],[-73.93174,40.71276],[-73.93053,40.71307],[-73.93042,40.71318],[-73.93105,40.71462],[-73.93085,40.71491],[-73.92992,40.71516],[-73.9299,40.71513],[-73.92932,40.71529],[-73.92926,40.71534],[-73.92844,40.71554],[-73.92891,40.71663],[-73.92886,40.71673],[-73.92875,40.71683],[-73.92823,40.71711],[-73.92595,40.7177],[-73.92465,40.71796],[-73.92452,40.71793],[-73.92422,40.71776],[-73.92364,40.71733],[-73.92335,40.71697],[-73.92317,40.71649],[-73.92312,40.71648],[-73.92306,40.71635],[-73.92361,40.71611],[-73.92359,40.71604],[-73.92431,40.71586],[-73.92483,40.71529],[-73.92489,40.71528],[-73.92476,40.71498],[-73.92456,40.71476],[-73.92443,40.71437],[-73.92435,40.71432],[-73.92434,40.71413],[-73.92406,40.71412],[-73.92404,40.71402],[-73.92314,40.7134],[-73.92224,40.71286],[-73.92155,40.71105],[-73.92122,40.7108],[-73.92075,40.71054],[-73.92189,40.7094],[-73.91181,40.70344],[-73.91291,40.70237],[-73.91068,40.70105],[-73.91181,40.69996],[-73.91107,40.69957],[-73.90426,40.69571],[-73.90481,40.69516],[-73.90492,40.69508],[-73.9058,40.69414],[-73.90279,40.69243],[-73.9014,40.6916],[-73.90189,40.69109],[-73.90043,40.68819],[-73.90116,40.68789],[-73.89647,40.68234],[-73.89629,40.68277],[-73.89578,40.68351],[-73.89531,40.68409],[-73.89418,40.68529],[-73.89258,40.6835],[-73.89016,40.68501],[-73.88963,40.68424],[-73.88909,40.68465],[-73.88808,40.6853],[-73.88452,40.68669],[-73.88378,40.68787],[-73.87951,40.69116],[-73.87402,40.6942],[-73.86892,40.69515],[-73.86841,40.69474],[-73.86869,40.69404],[-73.8686,40.69389],[-73.86806,40.69119],[-73.86746,40.68841],[-73.8666,40.68528],[-73.86632,40.68326],[-73.86602,40.68193],[-73.865,40.68214],[-73.8641,40.68238],[-73.86328,40.67909],[-73.86235,40.67917],[-73.86039,40.67126],[-73.85763,40.67166],[-73.85685,40.66861],[-73.85612,40.66552],[-73.85569,40.66388],[-73.85843,40.66346],[-73.85812,40.66204],[-73.85762,40.66013],[-73.85852,40.65991],[-73.86031,40.65964],[-73.86119,40.65926],[-73.86175,40.65895],[-73.86317,40.65828],[-73.8627,40.65763],[-73.863,40.6575],[-73.863,40.65727],[-73.86307,40.65722],[-73.86313,40.65722],[-73.86312,40.65717],[-73.86316,40.6571],[-73.86328,40.65695],[-73.86318,40.65684],[-73.86304,40.65675],[-73.863,40.65666],[-73.86306,40.65648],[-73.863,40.65637],[-73.86307,40.65634],[-73.86318,40.65641],[-73.8632,40.65635],[-73.86297,40.65601],[-73.86264,40.65568],[-73.86173,40.6553],[-73.86099,40.65522],[-73.86087,40.65509],[-73.85722,40.65029],[-73.85743,40.65017],[-73.85755,40.64994],[-73.85759,40.64941],[-73.85771,40.64875],[-73.85784,40.64831],[-73.85838,40.64728],[-73.85717,40.64369],[-73.85791,40.64345],[-73.85894,40.64323],[-73.85974,40.64313],[-73.86105,40.64303],[-73.86201,40.6429],[-73.8629,40.64256],[-73.86331,40.64231],[-73.8638,40.64181],[-73.8651,40.64095],[-73.86531,40.64076],[-73.86671,40.64003],[-73.8662,40.63955],[-73.86629,40.63948],[-73.86682,40.63997],[-73.86703,40.63986],[-73.86732,40.63988],[-73.86867,40.64093],[-73.86991,40.64329],[-73.87002,40.64408],[-73.87062,40.64486],[-73.87119,40.64531],[-73.87157,40.64542],[-73.87199,40.64545],[-73.87212,40.64543],[-73.87257,40.64558],[-73.87343,40.64679],[-73.87922,40.6546],[-73.87927,40.65458],[-73.87933,40.65463],[-73.87964,40.65451],[-73.87972,40.65438],[-73.87924,40.65375],[-73.87911,40.65371],[-73.87676,40.65057],[-73.87672,40.65033],[-73.87376,40.64617],[-73.87353,40.64588],[-73.87342,40.64566],[-73.87331,40.64559],[-73.87319,40.64545],[-73.87336,40.64512],[-73.87344,40.64468],[-73.8734,40.64423],[-73.87327,40.64391],[-73.8731,40.64394],[-73.87297,40.64385],[-73.87276,40.64326],[-73.87195,40.6424],[-73.8719,40.64226],[-73.87088,40.64078],[-73.87085,40.64056],[-73.87044,40.6403],[-73.87009,40.63985],[-73.87008,40.63922],[-73.8699,40.63894],[-73.86953,40.63865],[-73.86809,40.63819],[-73.868,40.63812],[-73.86961,40.63709],[-73.8697,40.63716],[-73.86921,40.63747],[-73.86956,40.63796],[-73.87061,40.63759],[-73.87167,40.63709],[-73.87244,40.63656],[-73.87294,40.63637],[-73.87348,40.63629],[-73.87445,40.63667],[-73.87498,40.63695],[-73.87547,40.63728],[-73.87612,40.63791],[-73.87712,40.63865],[-73.87752,40.63879],[-73.87821,40.63884],[-73.87835,40.63888],[-73.87857,40.63905],[-73.87853,40.63911],[-73.87863,40.63923],[-73.87862,40.63937],[-73.87884,40.63947],[-73.87911,40.63977],[-73.87917,40.6399],[-73.87931,40.64008],[-73.87951,40.64022],[-73.8799,40.64037],[-73.87989,40.64053],[-73.87996,40.64061],[-73.8801,40.64066],[-73.88013,40.64074],[-73.88017,40.64075],[-73.88017,40.64091],[-73.88026,40.64098],[-73.88029,40.641],[-73.88049,40.64099],[-73.88048,40.64113],[-73.88074,40.64157],[-73.88059,40.64146],[-73.88046,40.64146],[-73.88046,40.64143],[-73.88039,40.64141],[-73.88029,40.64141],[-73.8801,40.64157],[-73.88003,40.64173],[-73.88003,40.64189],[-73.88007,40.64201],[-73.88028,40.64213],[-73.88032,40.64213],[-73.88037,40.64206],[-73.88057,40.64208],[-73.88068,40.64212],[-73.88078,40.6422],[-73.88099,40.64223],[-73.88113,40.6423],[-73.88139,40.64236],[-73.88153,40.64246],[-73.88159,40.64255],[-73.88163,40.64273],[-73.88175,40.64291],[-73.8821,40.64327],[-73.88224,40.64346],[-73.88224,40.64354],[-73.88215,40.64367],[-73.88215,40.64375],[-73.8827,40.64405],[-73.88302,40.64419],[-73.88325,40.64445],[-73.88342,40.64453],[-73.88361,40.64447],[-73.8837,40.64436],[-73.88387,40.64434],[-73.884,40.64438],[-73.88413,40.6443],[-73.88433,40.64411],[-73.88481,40.64395],[-73.88558,40.64405],[-73.88574,40.64419],[-73.88601,40.64451],[-73.88601,40.64458],[-73.88673,40.64514],[-73.8868,40.64525],[-73.8872,40.64561],[-73.88722,40.64569],[-73.88728,40.64571],[-73.88728,40.64577],[-73.88744,40.64594],[-73.88736,40.646],[-73.88739,40.64609],[-73.88745,40.64611],[-73.88747,40.64617],[-73.88754,40.64619],[-73.88764,40.64633],[-73.88767,40.64651],[-73.88764,40.6466],[-73.88767,40.64666],[-73.88766,40.64673],[-73.88773,40.64715],[-73.88757,40.64728],[-73.88752,40.64742],[-73.88762,40.64753],[-73.88765,40.64763],[-73.88762,40.64771],[-73.88764,40.64781],[-73.88771,40.64788],[-73.88807,40.64791],[-73.88816,40.64788],[-73.88844,40.64802],[-73.88864,40.64803],[-73.88878,40.64821],[-73.88881,40.64835],[-73.88888,40.64837],[-73.88925,40.64875],[-73.88954,40.64889],[-73.88993,40.64925],[-73.89007,40.64933],[-73.89022,40.64938],[-73.89034,40.64936],[-73.89014,40.64918],[-73.89035,40.64904],[-73.89054,40.64922],[-73.89066,40.64925],[-73.89081,40.64937],[-73.8909,40.64939],[-73.891,40.64936],[-73.89121,40.64914],[-73.89116,40.64895],[-73.89108,40.6488],[-73.89088,40.64855],[-73.89051,40.64825],[-73.89024,40.64793],[-73.88945,40.64718],[-73.88935,40.64704],[-73.88947,40.64696],[-73.88948,40.64692],[-73.8888,40.64606],[-73.88876,40.64608],[-73.88931,40.64675],[-73.88942,40.6469],[-73.88942,40.64695],[-73.88919,40.64709],[-73.88913,40.6471],[-73.88905,40.64706],[-73.88905,40.64709],[-73.88899,40.64717],[-73.8889,40.64723],[-73.88878,40.6472],[-73.88869,40.6471],[-73.88861,40.64709],[-73.88858,40.64712],[-73.88864,40.64719],[-73.88864,40.64722],[-73.88858,40.64734],[-73.88852,40.64737],[-73.88845,40.64737],[-73.88831,40.64717],[-73.8882,40.64715],[-73.88819,40.64678],[-73.88831,40.64672],[-73.88845,40.64674],[-73.88854,40.6468],[-73.88854,40.64683],[-73.88853,40.64687],[-73.88845,40.64691],[-73.88845,40.64695],[-73.88854,40.64698],[-73.88864,40.64692],[-73.88864,40.64679],[-73.8886,40.64672],[-73.8885,40.64667],[-73.88808,40.64663],[-73.88806,40.64654],[-73.8881,40.64622],[-73.88829,40.64605],[-73.88826,40.64607],[-73.88822,40.64603],[-73.88826,40.64602],[-73.88821,40.64601],[-73.888,40.64604],[-73.88787,40.64592],[-73.88774,40.64575],[-73.88775,40.64572],[-73.88763,40.64563],[-73.88741,40.64534],[-73.88751,40.64532],[-73.88752,40.64527],[-73.88792,40.64508],[-73.88801,40.64516],[-73.88809,40.64517],[-73.88806,40.64513],[-73.88791,40.64501],[-73.88767,40.64507],[-73.88735,40.64523],[-73.8872,40.64509],[-73.88717,40.64499],[-73.88709,40.64493],[-73.88706,40.64478],[-73.88699,40.64469],[-73.88691,40.64448],[-73.88679,40.64445],[-73.88679,40.64453],[-73.88663,40.64436],[-73.88655,40.64432],[-73.88658,40.6443],[-73.88654,40.64424],[-73.88642,40.64419],[-73.88631,40.64401],[-73.88623,40.64396],[-73.88624,40.64383],[-73.88614,40.6438],[-73.88603,40.64367],[-73.88585,40.64366],[-73.88551,40.64348],[-73.88519,40.64337],[-73.88469,40.64313],[-73.88374,40.64246],[-73.88311,40.64188],[-73.8819,40.64084],[-73.88079,40.63977],[-73.88077,40.63959],[-73.88055,40.63917],[-73.87954,40.63823],[-73.87936,40.63819],[-73.87912,40.63827],[-73.87908,40.63831],[-73.87905,40.63844],[-73.87897,40.63847],[-73.87888,40.63845],[-73.87864,40.6383],[-73.87839,40.63791],[-73.87856,40.63762],[-73.87858,40.63753],[-73.87842,40.63747],[-73.87781,40.63689],[-73.87715,40.63598],[-73.8775,40.6354],[-73.87794,40.63503],[-73.87821,40.63458],[-73.87891,40.63412],[-73.87918,40.63402],[-73.87999,40.63352],[-73.88019,40.63332],[-73.88038,40.63299],[-73.88127,40.63238],[-73.88145,40.63231],[-73.88163,40.6323],[-73.88198,40.63218],[-73.88216,40.63201],[-73.88302,40.63163],[-73.88322,40.63145],[-73.88365,40.63095],[-73.88376,40.63056],[-73.88377,40.63023],[-73.88346,40.62992],[-73.88405,40.62957],[-73.88263,40.62828],[-73.88369,40.62757],[-73.88513,40.62884],[-73.88572,40.62845],[-73.88601,40.62865],[-73.88631,40.62869],[-73.88653,40.62865],[-73.88753,40.62834],[-73.88829,40.6279],[-73.89042,40.62629],[-73.89149,40.62449],[-73.89301,40.62336],[-73.89327,40.62342],[-73.89345,40.62335],[-73.89352,40.62336],[-73.89395,40.62319],[-73.89476,40.62278],[-73.89519,40.62251],[-73.89534,40.62248],[-73.89549,40.62249],[-73.89556,40.62255],[-73.89552,40.62259],[-73.89552,40.62263],[-73.89562,40.62268],[-73.89583,40.6227],[-73.89646,40.62303],[-73.9029,40.62589],[-73.90371,40.62623],[-73.90413,40.62631],[-73.90825,40.62826],[-73.90912,40.62856],[-73.91066,40.6293],[-73.91159,40.62968],[-73.91322,40.63047],[-73.91446,40.631],[-73.9149,40.63124],[-73.9159,40.63196],[-73.91606,40.63204],[-73.91625,40.63208],[-73.91645,40.63208],[-73.91682,40.63198],[-73.91699,40.6319],[-73.9174,40.63162],[-73.91749,40.63147],[-73.9175,40.63131],[-73.91741,40.6311],[-73.91732,40.63101],[-73.91669,40.63075],[-73.91659,40.63059],[-73.91659,40.63046],[-73.90918,40.62721],[-73.90396,40.62484],[-73.90386,40.62495],[-73.90387,40.62498],[-73.90546,40.62578],[-73.90541,40.62578],[-73.90533,40.62587],[-73.9054,40.62578],[-73.90321,40.62467],[-73.90313,40.62475],[-73.90321,40.62465],[-73.90315,40.62462],[-73.90307,40.62471],[-73.90313,40.62463],[-73.90263,40.62438],[-73.90255,40.62445],[-73.90263,40.62436],[-73.90313,40.62461],[-73.90318,40.62456],[-73.9032,40.62458],[-73.90327,40.62449],[-73.90269,40.62422],[-73.90283,40.62406],[-73.90272,40.62406],[-73.90242,40.62447],[-73.90229,40.62442],[-73.90241,40.62445],[-73.90272,40.62403],[-73.90263,40.62398],[-73.90272,40.62403],[-73.90275,40.62399],[-73.90264,40.62393],[-73.90285,40.624],[-73.90288,40.62397],[-73.90274,40.62391],[-73.90275,40.62389],[-73.90292,40.62396],[-73.90292,40.62381],[-73.90287,40.62366],[-73.9028,40.62357],[-73.90264,40.62352],[-73.90247,40.62353],[-73.90229,40.6236],[-73.90223,40.62359],[-73.90212,40.62326],[-73.90204,40.62313],[-73.90187,40.62297],[-73.90143,40.62291],[-73.90105,40.62272],[-73.90085,40.62248],[-73.90064,40.62178],[-73.90053,40.62169],[-73.90032,40.62165],[-73.89969,40.62181],[-73.89957,40.62181],[-73.89935,40.62176],[-73.89898,40.62183],[-73.89874,40.62183],[-73.89857,40.62179],[-73.89812,40.62186],[-73.89764,40.62177],[-73.89745,40.6217],[-73.897,40.62168],[-73.89684,40.62163],[-73.89675,40.62152],[-73.89648,40.62144],[-73.8963,40.62108],[-73.89632,40.62092],[-73.89629,40.62074],[-73.89622,40.62085],[-73.89613,40.62065],[-73.89608,40.62061],[-73.89607,40.62051],[-73.89585,40.6204],[-73.89573,40.62025],[-73.89574,40.62011],[-73.89578,40.62003],[-73.89573,40.61995],[-73.89567,40.61995],[-73.89571,40.6199],[-73.89562,40.61981],[-73.89572,40.61954],[-73.89561,40.61936],[-73.89572,40.61932],[-73.89585,40.61915],[-73.8959,40.61904],[-73.89589,40.61898],[-73.89598,40.61889],[-73.896,40.61883],[-73.89608,40.61839],[-73.89634,40.61817],[-73.89636,40.61812],[-73.89645,40.61808],[-73.89641,40.61801],[-73.8964,40.61791],[-73.89649,40.61784],[-73.89645,40.6178],[-73.89645,40.61775],[-73.89655,40.6177],[-73.89653,40.61765],[-73.89662,40.6175],[-73.89664,40.61736],[-73.89663,40.61714],[-73.89655,40.61704],[-73.89646,40.61678],[-73.89647,40.61644],[-73.89651,40.61637],[-73.89645,40.61631],[-73.89646,40.61614],[-73.89633,40.61606],[-73.89626,40.6161],[-73.89617,40.61601],[-73.89617,40.61595],[-73.89625,40.61587],[-73.89617,40.61583],[-73.89617,40.61566],[-73.89608,40.61562],[-73.89607,40.61558],[-73.89611,40.61555],[-73.89599,40.61546],[-73.89599,40.61528],[-73.8959,40.61521],[-73.89574,40.6149],[-73.89581,40.61482],[-73.89598,40.61488],[-73.89603,40.61481],[-73.89594,40.61471],[-73.89586,40.61453],[-73.89559,40.61445],[-73.89556,40.61436],[-73.8955,40.61443],[-73.89542,40.61442],[-73.89474,40.61406],[-73.89428,40.61389],[-73.89395,40.61385],[-73.89315,40.6139],[-73.8925,40.6138],[-73.89189,40.61357],[-73.89134,40.61326],[-73.89122,40.61317],[-73.89114,40.61301],[-73.89096,40.61284],[-73.89095,40.61273],[-73.89104,40.61263],[-73.89105,40.61252],[-73.89121,40.61244],[-73.89131,40.61224],[-73.89142,40.61213],[-73.89167,40.61206],[-73.89169,40.61213],[-73.89174,40.61214],[-73.89183,40.61204],[-73.8921,40.61197],[-73.89213,40.61198],[-73.89209,40.61207],[-73.89215,40.61208],[-73.89275,40.61174],[-73.89312,40.61177],[-73.8937,40.61152],[-73.89393,40.61154],[-73.894,40.61151],[-73.89404,40.61144],[-73.89403,40.61136],[-73.89397,40.61131],[-73.89397,40.61122],[-73.89389,40.61118],[-73.89383,40.61124],[-73.89358,40.61117],[-73.89357,40.61108],[-73.89361,40.61105],[-73.89355,40.61101],[-73.89309,40.6112],[-73.89291,40.61122],[-73.89274,40.61135],[-73.89263,40.6114],[-73.89243,40.61142],[-73.89202,40.61157],[-73.8919,40.61154],[-73.89185,40.61161],[-73.89177,40.6116],[-73.89177,40.61169],[-73.89163,40.6118],[-73.89146,40.61183],[-73.89135,40.61194],[-73.89119,40.61197],[-73.891,40.61206],[-73.891,40.61209],[-73.89116,40.61219],[-73.89112,40.61227],[-73.89108,40.61229],[-73.89088,40.6122],[-73.89059,40.61214],[-73.89034,40.61202],[-73.89014,40.61186],[-73.88979,40.61169],[-73.88972,40.61161],[-73.8897,40.61146],[-73.88979,40.61096],[-73.8903,40.61033],[-73.89066,40.61003],[-73.89103,40.60982],[-73.89148,40.60952],[-73.89195,40.60911],[-73.89199,40.60911],[-73.89187,40.60933],[-73.89198,40.60939],[-73.89179,40.6094],[-73.89174,40.60946],[-73.89179,40.60948],[-73.89177,40.60953],[-73.89196,40.60946],[-73.89209,40.60931],[-73.89211,40.60925],[-73.89227,40.60917],[-73.89224,40.60916],[-73.89224,40.6091],[-73.89237,40.60874],[-73.89222,40.60864],[-73.89234,40.60864],[-73.89242,40.60857],[-73.89232,40.6085],[-73.89223,40.60857],[-73.89217,40.60855],[-73.89225,40.60842],[-73.89229,40.60825],[-73.89246,40.6082],[-73.89248,40.60816],[-73.89254,40.60775],[-73.89257,40.60771],[-73.8926,40.60754],[-73.89273,40.60724],[-73.89282,40.60715],[-73.89311,40.60706],[-73.89322,40.60687],[-73.89335,40.60675],[-73.89372,40.6066],[-73.89427,40.60645],[-73.89453,40.60644],[-73.89467,40.60646],[-73.89486,40.60641],[-73.89506,40.60632],[-73.8955,40.60602],[-73.89591,40.60585],[-73.89619,40.60583],[-73.89673,40.60564],[-73.89703,40.60563],[-73.89718,40.60557],[-73.89741,40.60559],[-73.89787,40.60546],[-73.89811,40.60545],[-73.89834,40.60531],[-73.8985,40.6053],[-73.89892,40.6054],[-73.89948,40.60562],[-73.8997,40.60556],[-73.8999,40.60563],[-73.90002,40.60564],[-73.90014,40.60561],[-73.90021,40.60569],[-73.9002,40.60574],[-73.90028,40.60579],[-73.90043,40.60598],[-73.9006,40.60625],[-73.90078,40.60638],[-73.90106,40.60694],[-73.9011,40.60708],[-73.90078,40.60755],[-73.90068,40.60823],[-73.90069,40.60839],[-73.90062,40.60862],[-73.90065,40.60875],[-73.90061,40.60893],[-73.90064,40.60902],[-73.90063,40.60925],[-73.90058,40.6093],[-73.90054,40.6094],[-73.90039,40.60954],[-73.90034,40.61],[-73.90028,40.61008],[-73.90031,40.61012],[-73.9004,40.61013],[-73.90055,40.61025],[-73.90056,40.6103],[-73.90052,40.61038],[-73.90055,40.61045],[-73.9008,40.61058],[-73.901,40.61078],[-73.90111,40.61083],[-73.90117,40.6109],[-73.90115,40.61095],[-73.90118,40.61099],[-73.90141,40.6111],[-73.90149,40.61133],[-73.90147,40.6114],[-73.9014,40.61137],[-73.90136,40.61143],[-73.90137,40.61171],[-73.90156,40.61179],[-73.90164,40.61186],[-73.902,40.61175],[-73.90229,40.61197],[-73.90249,40.61187],[-73.90246,40.61185],[-73.9025,40.61182],[-73.90119,40.61057],[-73.90133,40.61049],[-73.90135,40.61051],[-73.90125,40.61059],[-73.90254,40.61183],[-73.90265,40.61179],[-73.90236,40.61199],[-73.90241,40.61202],[-73.90272,40.61183],[-73.90264,40.61191],[-73.90293,40.61217],[-73.90305,40.6121],[-73.90292,40.61219],[-73.90263,40.61193],[-73.90242,40.61204],[-73.90256,40.61217],[-73.90271,40.61226],[-73.90587,40.61507],[-73.90591,40.61505],[-73.90574,40.61489],[-73.90589,40.61501],[-73.906,40.61493],[-73.90603,40.61496],[-73.90593,40.615],[-73.90597,40.61503],[-73.90588,40.61509],[-73.90697,40.61607],[-73.90696,40.61612],[-73.90715,40.61601],[-73.90717,40.61602],[-73.90674,40.6163],[-73.90681,40.61637],[-73.90726,40.6161],[-73.90728,40.61611],[-73.90708,40.61623],[-73.90723,40.61636],[-73.90741,40.61624],[-73.90744,40.61627],[-73.90702,40.61654],[-73.90711,40.61662],[-73.90753,40.61635],[-73.90754,40.61637],[-73.90724,40.61656],[-73.9073,40.61662],[-73.90734,40.61659],[-73.90748,40.61672],[-73.90759,40.61664],[-73.90768,40.6167],[-73.90755,40.61679],[-73.90762,40.61685],[-73.90759,40.61687],[-73.90762,40.6169],[-73.90765,40.61688],[-73.90767,40.61692],[-73.90771,40.61688],[-73.90781,40.61687],[-73.90792,40.61691],[-73.908,40.61697],[-73.908,40.61718],[-73.90806,40.61721],[-73.90813,40.61717],[-73.90817,40.6172],[-73.90825,40.61719],[-73.90839,40.6174],[-73.9086,40.61727],[-73.90879,40.61744],[-73.90887,40.6174],[-73.90863,40.61718],[-73.90867,40.61716],[-73.90884,40.61732],[-73.90907,40.61717],[-73.90836,40.61654],[-73.90838,40.61653],[-73.9088,40.61688],[-73.90914,40.61664],[-73.90914,40.61654],[-73.90811,40.61568],[-73.90799,40.61576],[-73.90797,40.61575],[-73.90816,40.61561],[-73.90818,40.61562],[-73.90812,40.61566],[-73.90918,40.61653],[-73.90917,40.61665],[-73.90882,40.6169],[-73.90896,40.617],[-73.90943,40.61668],[-73.90946,40.61669],[-73.90965,40.61658],[-73.9096,40.6164],[-73.90901,40.61578],[-73.90862,40.6155],[-73.90854,40.61546],[-73.90836,40.61546],[-73.90829,40.6154],[-73.90778,40.61525],[-73.90728,40.61481],[-73.90706,40.61454],[-73.907,40.61457],[-73.90694,40.61449],[-73.90684,40.61446],[-73.90674,40.61432],[-73.90669,40.61433],[-73.90536,40.61305],[-73.90513,40.61294],[-73.90422,40.61236],[-73.90436,40.61223],[-73.90428,40.61216],[-73.90429,40.61203],[-73.90421,40.61196],[-73.90411,40.61205],[-73.90404,40.61201],[-73.90407,40.61199],[-73.90412,40.61202],[-73.90416,40.61198],[-73.9041,40.61194],[-73.90414,40.6119],[-73.90351,40.61141],[-73.90331,40.61156],[-73.90328,40.61153],[-73.9035,40.6114],[-73.90334,40.61128],[-73.90314,40.61098],[-73.90287,40.61089],[-73.90275,40.61094],[-73.90263,40.61082],[-73.90268,40.61076],[-73.90239,40.61049],[-73.90233,40.61051],[-73.90226,40.61043],[-73.90222,40.61035],[-73.90221,40.60956],[-73.90208,40.60956],[-73.90215,40.60905],[-73.9021,40.60905],[-73.90196,40.60863],[-73.90196,40.60841],[-73.90202,40.60836],[-73.90197,40.60829],[-73.90188,40.60782],[-73.90191,40.60782],[-73.90188,40.60735],[-73.90191,40.60735],[-73.9019,40.60724],[-73.90187,40.60724],[-73.90168,40.6061],[-73.90171,40.60611],[-73.9017,40.60588],[-73.90166,40.60587],[-73.90164,40.60577],[-73.90178,40.60568],[-73.90181,40.60568],[-73.9019,40.60574],[-73.90524,40.60492],[-73.90529,40.60494],[-73.90539,40.60524],[-73.90534,40.60533],[-73.90543,40.60555],[-73.90561,40.60591],[-73.90598,40.60639],[-73.90624,40.60636],[-73.90753,40.60638],[-73.9081,40.60629],[-73.90819,40.60644],[-73.90835,40.6064],[-73.90845,40.60662],[-73.90864,40.60667],[-73.90906,40.60647],[-73.90919,40.6065],[-73.90927,40.60646],[-73.90934,40.60649],[-73.90985,40.60618],[-73.90981,40.60609],[-73.90985,40.60601],[-73.90978,40.60583],[-73.90961,40.60567],[-73.90899,40.60516],[-73.90895,40.60506],[-73.90886,40.60507],[-73.90873,40.60475],[-73.90874,40.60474],[-73.90855,40.60445],[-73.90848,40.60447],[-73.90831,40.60414],[-73.90833,40.60408],[-73.9089,40.60392],[-73.90894,40.60398],[-73.90914,40.60395],[-73.91092,40.60351],[-73.91329,40.60389],[-73.91365,40.60399],[-73.91363,40.60402],[-73.91378,40.60421],[-73.91384,40.60417],[-73.91498,40.60521],[-73.91491,40.60525],[-73.91505,40.60536],[-73.9151,40.60533],[-73.91592,40.60607],[-73.91627,40.60645],[-73.91635,40.60647],[-73.91674,40.60682],[-73.9167,40.60684],[-73.91676,40.60691],[-73.91669,40.60695],[-73.91672,40.607],[-73.91661,40.6071],[-73.91671,40.60717],[-73.91662,40.60721],[-73.91667,40.60733],[-73.91672,40.60763],[-73.91632,40.60868],[-73.91679,40.60878],[-73.91657,40.60943],[-73.91663,40.60945],[-73.91684,40.60877],[-73.91649,40.60871],[-73.91651,40.60864],[-73.91689,40.60872],[-73.91683,40.60891],[-73.917,40.60894],[-73.91705,40.60882],[-73.91709,40.60883],[-73.91703,40.60898],[-73.91682,40.60894],[-73.91666,40.60944],[-73.91681,40.60948],[-73.9168,40.6095],[-73.91671,40.60948],[-73.91668,40.60956],[-73.91664,40.60955],[-73.91667,40.60947],[-73.91657,40.60945],[-73.91639,40.6101],[-73.91628,40.61012],[-73.91606,40.61044],[-73.91617,40.61052],[-73.91563,40.61089],[-73.91492,40.61127],[-73.915,40.61134],[-73.91489,40.6114],[-73.91482,40.61135],[-73.91465,40.61146],[-73.9145,40.61166],[-73.91458,40.6119],[-73.91486,40.61331],[-73.91476,40.61338],[-73.91479,40.61354],[-73.91487,40.6135],[-73.91494,40.61397],[-73.91386,40.61465],[-73.91408,40.6149],[-73.91419,40.61479],[-73.91423,40.61481],[-73.91411,40.61491],[-73.91422,40.61494],[-73.91434,40.61495],[-73.9145,40.61487],[-73.91467,40.61468],[-73.91478,40.61469],[-73.91642,40.61358],[-73.91641,40.61356],[-73.91592,40.61385],[-73.91596,40.61383],[-73.91573,40.61363],[-73.91577,40.61355],[-73.91575,40.61363],[-73.91597,40.61382],[-73.91625,40.61363],[-73.91589,40.61334],[-73.91577,40.61341],[-73.91575,40.61339],[-73.91597,40.61324],[-73.91598,40.61326],[-73.91589,40.61332],[-73.91627,40.61361],[-73.91639,40.61354],[-73.91634,40.61349],[-73.9164,40.61346],[-73.91599,40.61289],[-73.91587,40.61292],[-73.916,40.61287],[-73.91642,40.61346],[-73.91646,40.61343],[-73.91651,40.61348],[-73.91647,40.6135],[-73.9165,40.61353],[-73.91663,40.61345],[-73.91573,40.61184],[-73.91675,40.61119],[-73.91659,40.6111],[-73.91665,40.6111],[-73.91672,40.61105],[-73.91667,40.61101],[-73.91683,40.61113],[-73.91805,40.61028],[-73.91811,40.61022],[-73.9181,40.61013],[-73.91773,40.60979],[-73.91787,40.60934],[-73.91782,40.60933],[-73.91771,40.60968],[-73.91768,40.60967],[-73.91796,40.60879],[-73.91799,40.6088],[-73.91782,40.60931],[-73.91788,40.60932],[-73.91803,40.60885],[-73.91856,40.60851],[-73.9181,40.6081],[-73.91801,40.60816],[-73.91819,40.60803],[-73.91812,40.60809],[-73.91857,40.6085],[-73.91889,40.6083],[-73.91901,40.60828],[-73.91825,40.6076],[-73.91814,40.60765],[-73.91836,40.60751],[-73.91841,40.60755],[-73.91831,40.60762],[-73.91902,40.60827],[-73.91936,40.60805],[-73.91838,40.60718],[-73.91827,40.60725],[-73.91825,40.60724],[-73.9185,40.60708],[-73.9184,40.60716],[-73.91937,40.60804],[-73.91951,40.60798],[-73.91952,40.60775],[-73.91924,40.60739],[-73.91905,40.60722],[-73.91869,40.60697],[-73.91858,40.60678],[-73.91702,40.60539],[-73.91713,40.60532],[-73.9156,40.60394],[-73.9155,40.60392],[-73.91542,40.60396],[-73.91477,40.60337],[-73.91489,40.6033],[-73.91443,40.60287],[-73.914,40.60279],[-73.9139,40.60271],[-73.9138,40.60288],[-73.91382,40.6029],[-73.91369,40.60286],[-73.91379,40.60288],[-73.91386,40.6027],[-73.91364,40.60253],[-73.91333,40.60277],[-73.91349,40.60291],[-73.91347,40.60292],[-73.9133,40.60277],[-73.91366,40.60248],[-73.9135,40.60238],[-73.91327,40.60256],[-73.91339,40.60264],[-73.9132,40.60279],[-73.91319,40.60278],[-73.91336,40.60264],[-73.91325,40.60257],[-73.91302,40.60276],[-73.913,40.60275],[-73.91348,40.60236],[-73.9133,40.60226],[-73.91312,40.60223],[-73.91274,40.60272],[-73.91271,40.6027],[-73.91285,40.60252],[-73.91273,40.60246],[-73.91275,40.60243],[-73.91289,40.60249],[-73.9131,40.60222],[-73.91306,40.60221],[-73.91227,40.60215],[-73.91159,40.60214],[-73.91158,40.60223],[-73.91231,40.60228],[-73.91254,40.60237],[-73.91253,40.6024],[-73.91226,40.6023],[-73.91225,40.60233],[-73.91165,40.60229],[-73.91158,40.6023],[-73.91155,40.60245],[-73.91244,40.60257],[-73.9125,40.60252],[-73.91261,40.60254],[-73.91257,40.60269],[-73.91259,40.60256],[-73.91252,40.60255],[-73.91249,40.60268],[-73.91248,40.6026],[-73.91152,40.60247],[-73.91097,40.60243],[-73.91094,40.60251],[-73.91095,40.60237],[-73.91089,40.60237],[-73.91089,40.6025],[-73.91087,40.6025],[-73.91088,40.60235],[-73.91099,40.60236],[-73.91098,40.60241],[-73.91151,40.60245],[-73.91152,40.60241],[-73.91154,40.60223],[-73.91095,40.60216],[-73.91092,40.60222],[-73.91094,40.60214],[-73.91155,40.60222],[-73.91156,40.60216],[-73.91076,40.60204],[-73.91075,40.60245],[-73.90905,40.60261],[-73.90904,40.60269],[-73.90902,40.60253],[-73.90905,40.60259],[-73.91071,40.60243],[-73.91071,40.60215],[-73.90943,40.60221],[-73.90942,40.60228],[-73.90941,40.6022],[-73.91072,40.60212],[-73.91073,40.60203],[-73.91032,40.60196],[-73.90985,40.60205],[-73.90949,40.60194],[-73.90928,40.60181],[-73.90914,40.60164],[-73.90904,40.60163],[-73.90899,40.60164],[-73.90895,40.60171],[-73.90861,40.60183],[-73.90858,40.60187],[-73.90861,40.60192],[-73.90836,40.60206],[-73.90812,40.60209],[-73.90813,40.60213],[-73.90809,40.60216],[-73.90796,40.60213],[-73.9079,40.60216],[-73.90783,40.60221],[-73.90787,40.60224],[-73.90784,40.60228],[-73.90759,40.60231],[-73.90749,40.60223],[-73.90741,40.60224],[-73.90721,40.60239],[-73.90691,40.60237],[-73.9068,40.60232],[-73.90667,40.60242],[-73.90644,40.60246],[-73.90636,40.60244],[-73.90608,40.6025],[-73.90604,40.60253],[-73.90599,40.60252],[-73.9059,40.60259],[-73.90579,40.60258],[-73.90568,40.60261],[-73.90528,40.60254],[-73.90521,40.60257],[-73.90491,40.60249],[-73.90449,40.60258],[-73.9043,40.60268],[-73.90407,40.6026],[-73.90405,40.60256],[-73.90376,40.60251],[-73.90373,40.60242],[-73.9036,40.60261],[-73.90344,40.60257],[-73.90332,40.6026],[-73.90326,40.60271],[-73.90318,40.6027],[-73.90302,40.60274],[-73.90287,40.60287],[-73.90271,40.60289],[-73.90248,40.60304],[-73.90234,40.60304],[-73.90214,40.60309],[-73.90193,40.60319],[-73.90165,40.60321],[-73.90151,40.60317],[-73.9014,40.60321],[-73.90106,40.60319],[-73.90084,40.60329],[-73.90042,40.60325],[-73.89982,40.60347],[-73.89933,40.60356],[-73.89906,40.60355],[-73.89876,40.60346],[-73.89833,40.60322],[-73.89826,40.60332],[-73.89791,40.60325],[-73.89785,40.60325],[-73.89787,40.60329],[-73.89777,40.60331],[-73.8975,40.60321],[-73.89741,40.60323],[-73.89694,40.60315],[-73.89659,40.60322],[-73.89587,40.60304],[-73.89562,40.60302],[-73.89546,40.60304],[-73.89539,40.60313],[-73.89508,40.60317],[-73.89498,40.60322],[-73.89428,40.6031],[-73.89406,40.60309],[-73.89402,40.60313],[-73.89395,40.60314],[-73.89373,40.60333],[-73.89352,40.60339],[-73.89337,40.60339],[-73.89287,40.60329],[-73.89241,40.60331],[-73.89201,40.60344],[-73.89158,40.60346],[-73.89146,40.60354],[-73.89136,40.60353],[-73.8913,40.6037],[-73.89098,40.60392],[-73.89058,40.60408],[-73.89017,40.60415],[-73.8899,40.60427],[-73.88941,40.60441],[-73.88925,40.6045],[-73.8891,40.60452],[-73.88907,40.60467],[-73.88892,40.60479],[-73.88829,40.60502],[-73.88815,40.60512],[-73.88773,40.60528],[-73.88754,40.60531],[-73.88717,40.60533],[-73.88578,40.60516],[-73.88495,40.60518],[-73.88478,40.60515],[-73.88462,40.60521],[-73.88452,40.60537],[-73.88397,40.60556],[-73.88299,40.60462],[-73.88272,40.60419],[-73.88301,40.60375],[-73.88295,40.60347],[-73.88339,40.60302],[-73.88337,40.60289],[-73.88328,40.60261],[-73.8831,40.60221],[-73.88284,40.60184],[-73.8827,40.60171],[-73.88267,40.60128],[-73.88257,40.60103],[-73.88235,40.60064],[-73.88231,40.60047],[-73.88233,40.60029],[-73.8823,40.60018],[-73.88224,40.60007],[-73.88205,40.59986],[-73.88199,40.59958],[-73.88181,40.59937],[-73.88182,40.59913],[-73.88168,40.5989],[-73.88174,40.59873],[-73.88174,40.59842],[-73.88164,40.5978],[-73.8814,40.59721],[-73.88096,40.59659],[-73.88085,40.59635],[-73.88081,40.5961],[-73.88087,40.59576],[-73.88087,40.59544],[-73.8808,40.5948],[-73.87991,40.59206],[-73.87942,40.59214],[-73.87941,40.59211],[-73.8799,40.59203],[-73.87972,40.59141],[-73.87936,40.59085],[-73.87897,40.59091],[-73.87893,40.59072],[-73.87929,40.59067],[-73.87924,40.59027],[-73.879,40.59004],[-73.87897,40.58991],[-73.87897,40.58974],[-73.87908,40.58961],[-73.87914,40.58938],[-73.87892,40.58844],[-73.87879,40.58804],[-73.87853,40.58745],[-73.8782,40.58688],[-73.87672,40.58492],[-73.8797,40.58014],[-73.88174,40.5796],[-73.88187,40.57946],[-73.88175,40.57917],[-73.88207,40.57908],[-73.88257,40.57912],[-73.88307,40.57905],[-73.88352,40.57889],[-73.88391,40.57864],[-73.88614,40.57814],[-73.88774,40.57806],[-73.88838,40.57815],[-73.88872,40.57814],[-73.88904,40.57809],[-73.88919,40.57795],[-73.88938,40.57785],[-73.88976,40.5778],[-73.89119,40.57788],[-73.89145,40.57779],[-73.89158,40.57766],[-73.89208,40.57748],[-73.8926,40.57735],[-73.89351,40.57718],[-73.89455,40.57685],[-73.89503,40.57677],[-73.89553,40.57678],[-73.8957,40.57741],[-73.89595,40.57803],[-73.89616,40.57843],[-73.89651,40.57902],[-73.89676,40.58126],[-73.89659,40.58208],[-73.89658,40.58236],[-73.89663,40.58279],[-73.89675,40.5832],[-73.89722,40.5841],[-73.89723,40.58425],[-73.89727,40.58433],[-73.8976,40.58474],[-73.89802,40.58516],[-73.89816,40.58536],[-73.89816,40.58546],[-73.898,40.58568],[-73.89794,40.58589],[-73.89797,40.58605],[-73.89828,40.58653],[-73.89822,40.58669],[-73.89826,40.58679],[-73.8987,40.58735],[-73.89892,40.58755],[-73.89905,40.58746],[-73.89909,40.58749],[-73.89919,40.58744],[-73.89928,40.58738],[-73.89926,40.58736],[-73.89966,40.58711],[-73.89973,40.58717],[-73.89933,40.58743],[-73.89931,40.58742],[-73.89922,40.58746],[-73.899,40.58764],[-73.89903,40.58768],[-73.89929,40.58779],[-73.89953,40.58797],[-73.89964,40.58801],[-73.89981,40.58802],[-73.89991,40.5878],[-73.89995,40.58781],[-73.89988,40.58798],[-73.89994,40.58799],[-73.90001,40.58783],[-73.90007,40.58784],[-73.90031,40.58774],[-73.90036,40.58781],[-73.90116,40.5875],[-73.90111,40.58743],[-73.90122,40.58739],[-73.90123,40.58741],[-73.90116,40.58744],[-73.90121,40.58751],[-73.90034,40.58784],[-73.9003,40.58777],[-73.90003,40.58788],[-73.89995,40.58805],[-73.90031,40.58811],[-73.90072,40.58809],[-73.90094,40.58804],[-73.90133,40.58788],[-73.90183,40.58749],[-73.90195,40.58748],[-73.9021,40.58736],[-73.90286,40.58737],[-73.90308,40.58729],[-73.9034,40.58724],[-73.90355,40.58717],[-73.90359,40.58707],[-73.90409,40.58703],[-73.90427,40.58692],[-73.90437,40.58697],[-73.90487,40.58708],[-73.90508,40.58722],[-73.90588,40.58751],[-73.90591,40.58755],[-73.90582,40.58765],[-73.90589,40.58789],[-73.90624,40.58802],[-73.90652,40.58803],[-73.90672,40.58798],[-73.90686,40.58789],[-73.90702,40.58773],[-73.90713,40.58754],[-73.90705,40.58744],[-73.90696,40.5874],[-73.90662,40.5874],[-73.90649,40.58735],[-73.90635,40.58719],[-73.90634,40.58714],[-73.90641,40.5871],[-73.90644,40.58704],[-73.90811,40.5868],[-73.90865,40.58665],[-73.90951,40.58633],[-73.91089,40.58596],[-73.91118,40.58599],[-73.91153,40.58611],[-73.91188,40.58637],[-73.91192,40.58644],[-73.91197,40.58671],[-73.91193,40.58689],[-73.91193,40.58708],[-73.9118,40.58715],[-73.91175,40.58728],[-73.91205,40.58817],[-73.91207,40.5884],[-73.91206,40.58875],[-73.912,40.58897],[-73.91177,40.58944],[-73.9116,40.58992],[-73.9115,40.59041],[-73.91148,40.59091],[-73.91144,40.59109],[-73.91149,40.59133],[-73.9117,40.59166],[-73.91171,40.59214],[-73.91195,40.59256],[-73.91195,40.59265],[-73.91187,40.59285],[-73.91196,40.59303],[-73.91192,40.59319],[-73.91204,40.59335],[-73.91199,40.59354],[-73.91207,40.59385],[-73.91201,40.59419],[-73.91203,40.59438],[-73.91208,40.59449],[-73.91224,40.59466],[-73.91232,40.59493],[-73.91246,40.59508],[-73.91248,40.59517],[-73.91246,40.5953],[-73.91251,40.59541],[-73.91269,40.59559],[-73.91296,40.59574],[-73.91312,40.59588],[-73.91355,40.59673],[-73.91372,40.59683],[-73.91384,40.59697],[-73.91406,40.59708],[-73.91427,40.59726],[-73.91444,40.59747],[-73.91447,40.59764],[-73.91455,40.59773],[-73.91487,40.59787],[-73.91507,40.59801],[-73.91512,40.59821],[-73.91508,40.59847],[-73.91511,40.5986],[-73.91525,40.59874],[-73.91548,40.59883],[-73.91558,40.59904],[-73.91574,40.59921],[-73.91581,40.59927],[-73.91607,40.59929],[-73.91636,40.59945],[-73.91677,40.59952],[-73.91701,40.5996],[-73.9173,40.59982],[-73.91762,40.60001],[-73.91794,40.60009],[-73.91813,40.60038],[-73.91828,40.60047],[-73.91842,40.60051],[-73.91865,40.60069],[-73.91898,40.60068],[-73.91915,40.60076],[-73.91948,40.60077],[-73.91987,40.60086],[-73.92013,40.60098],[-73.92049,40.60126],[-73.92085,40.60147],[-73.92142,40.6017],[-73.92171,40.60175],[-73.922,40.60175],[-73.92216,40.60171],[-73.92268,40.60136],[-73.92297,40.60111],[-73.92321,40.60088],[-73.9233,40.60075],[-73.92332,40.60061],[-73.92325,40.60049],[-73.92326,40.60037],[-73.92336,40.6003],[-73.92349,40.60029],[-73.92361,40.6002],[-73.92376,40.60002],[-73.92386,40.59982],[-73.92394,40.59972],[-73.92407,40.59967],[-73.92426,40.59965],[-73.92466,40.59973],[-73.92533,40.60008],[-73.9257,40.60039],[-73.92603,40.60051],[-73.92627,40.60065],[-73.92661,40.60092],[-73.92721,40.60128],[-73.92734,40.60139],[-73.92746,40.60158],[-73.92778,40.60173],[-73.928,40.60194],[-73.92818,40.60201],[-73.92853,40.60222],[-73.92868,40.60222],[-73.92884,40.60213],[-73.92886,40.60219],[-73.92885,40.60234],[-73.92888,40.60244],[-73.92935,40.60263],[-73.92954,40.60276],[-73.92963,40.60292],[-73.92964,40.60309],[-73.92947,40.60336],[-73.92909,40.60366],[-73.92908,40.60377],[-73.92917,40.60387],[-73.92935,40.60395],[-73.9295,40.60393],[-73.9297,40.60375],[-73.93,40.60365],[-73.93012,40.60369],[-73.93018,40.60374],[-73.93018,40.60384],[-73.93008,40.60394],[-73.93014,40.60401],[-73.93024,40.60398],[-73.9303,40.60386],[-73.9304,40.60377],[-73.93057,40.60374],[-73.93079,40.60379],[-73.93094,40.60393],[-73.931,40.60394],[-73.93121,40.60383],[-73.93131,40.60369],[-73.93155,40.60348],[-73.93173,40.60326],[-73.93196,40.60313],[-73.93209,40.60286],[-73.93212,40.60272],[-73.93206,40.60266],[-73.93184,40.60264],[-73.93176,40.6026],[-73.93169,40.60239],[-73.93149,40.60212],[-73.93109,40.60173],[-73.93091,40.60163],[-73.93083,40.60164],[-73.93073,40.6016],[-73.93032,40.6013],[-73.93034,40.60121],[-73.93031,40.60118],[-73.93026,40.60118],[-73.93015,40.60127],[-73.92965,40.60121],[-73.9295,40.60103],[-73.92934,40.60098],[-73.92932,40.60091],[-73.92941,40.60077],[-73.92928,40.60081],[-73.92937,40.60066],[-73.92933,40.60056],[-73.92923,40.6005],[-73.92889,40.60047],[-73.92875,40.6004],[-73.92865,40.60039],[-73.92863,40.60042],[-73.92865,40.60057],[-73.9286,40.60062],[-73.92839,40.60053],[-73.92839,40.60047],[-73.92844,40.60042],[-73.92838,40.60036],[-73.92828,40.60035],[-73.92817,40.60039],[-73.92785,40.60032],[-73.92783,40.60024],[-73.92773,40.60015],[-73.9276,40.60016],[-73.92742,40.60006],[-73.92727,40.59992],[-73.9272,40.59992],[-73.92719,40.59989],[-73.92724,40.59985],[-73.92716,40.59984],[-73.92694,40.59959],[-73.9265,40.59937],[-73.92632,40.59914],[-73.92624,40.59912],[-73.92594,40.59891],[-73.92586,40.5988],[-73.92557,40.59859],[-73.92529,40.59846],[-73.92505,40.59829],[-73.92474,40.59792],[-73.92416,40.59749],[-73.92393,40.59725],[-73.92365,40.59711],[-73.92348,40.59686],[-73.9229,40.59646],[-73.92277,40.59628],[-73.92255,40.59611],[-73.92246,40.59589],[-73.92235,40.59575],[-73.92233,40.59566],[-73.92221,40.59547],[-73.92189,40.59514],[-73.92183,40.59513],[-73.92178,40.59504],[-73.92166,40.59505],[-73.9216,40.595],[-73.92131,40.5949],[-73.92105,40.59486],[-73.92084,40.59488],[-73.92059,40.59479],[-73.92034,40.59474],[-73.92017,40.59455],[-73.91989,40.59439],[-73.91976,40.59427],[-73.91904,40.59377],[-73.91886,40.59359],[-73.91868,40.59334],[-73.91818,40.59312],[-73.91804,40.59297],[-73.91783,40.59283],[-73.91777,40.59275],[-73.91773,40.59261],[-73.91746,40.59228],[-73.91676,40.59167],[-73.91661,40.59145],[-73.91655,40.59129],[-73.91641,40.59115],[-73.91565,40.59067],[-73.91495,40.59038],[-73.91488,40.59032],[-73.91485,40.59025],[-73.91489,40.59016],[-73.91498,40.59011],[-73.91507,40.59012],[-73.91507,40.59009],[-73.915,40.58998],[-73.91473,40.58979],[-73.91457,40.58961],[-73.91455,40.58939],[-73.91465,40.58913],[-73.91455,40.58891],[-73.91462,40.58876],[-73.91479,40.58863],[-73.91545,40.5884],[-73.91586,40.58817],[-73.91608,40.58801],[-73.91645,40.5878],[-73.91714,40.58755],[-73.91726,40.58749],[-73.91767,40.58717],[-73.91791,40.58689],[-73.91813,40.58652],[-73.91806,40.58644],[-73.91812,40.58646],[-73.91818,40.5864],[-73.91831,40.58639],[-73.91857,40.58625],[-73.91905,40.58607],[-73.91917,40.58596],[-73.91922,40.586],[-73.91932,40.58601],[-73.91942,40.58611],[-73.9195,40.58611],[-73.9196,40.58617],[-73.91998,40.58607],[-73.92014,40.58607],[-73.92019,40.586],[-73.92005,40.586],[-73.92018,40.58598],[-73.92017,40.58595],[-73.92025,40.58597],[-73.9202,40.58599],[-73.92022,40.58604],[-73.92041,40.5861],[-73.92055,40.58601],[-73.92081,40.58599],[-73.92087,40.58593],[-73.92073,40.58579],[-73.9207,40.58581],[-73.92067,40.58578],[-73.92074,40.58574],[-73.92077,40.58576],[-73.92074,40.58578],[-73.92089,40.58591],[-73.92093,40.58588],[-73.9209,40.58584],[-73.92099,40.58578],[-73.92088,40.58561],[-73.92091,40.5856],[-73.92101,40.58576],[-73.92108,40.58574],[-73.92147,40.58575],[-73.92152,40.58579],[-73.92176,40.58581],[-73.92178,40.58574],[-73.92184,40.58578],[-73.9219,40.5857],[-73.92195,40.58572],[-73.92185,40.58585],[-73.92212,40.58582],[-73.9223,40.58603],[-73.92235,40.58603],[-73.92272,40.586],[-73.92297,40.5859],[-73.92313,40.58597],[-73.92334,40.586],[-73.92354,40.58599],[-73.9237,40.58595],[-73.92386,40.58587],[-73.9239,40.58581],[-73.92402,40.5859],[-73.92406,40.5859],[-73.92401,40.58579],[-73.92424,40.5857],[-73.92472,40.58564],[-73.92493,40.58568],[-73.92521,40.58581],[-73.92522,40.58589],[-73.92529,40.58591],[-73.92548,40.58609],[-73.92544,40.58619],[-73.92557,40.58618],[-73.92575,40.58638],[-73.92576,40.58645],[-73.92584,40.58644],[-73.92604,40.58661],[-73.92602,40.58666],[-73.92611,40.58667],[-73.9263,40.58685],[-73.92628,40.58689],[-73.92637,40.58688],[-73.92657,40.58706],[-73.9265,40.5871],[-73.9267,40.58721],[-73.92674,40.5872],[-73.92684,40.5873],[-73.92678,40.58734],[-73.92707,40.58757],[-73.92713,40.58755],[-73.92694,40.58738],[-73.92697,40.58736],[-73.92719,40.58757],[-73.92714,40.58756],[-73.9271,40.5876],[-73.92721,40.58773],[-73.92765,40.58747],[-73.92725,40.58776],[-73.92732,40.58786],[-73.92727,40.58789],[-73.92736,40.58803],[-73.92795,40.58767],[-73.92788,40.5876],[-73.92792,40.58756],[-73.92808,40.58771],[-73.92803,40.58774],[-73.92796,40.58767],[-73.92737,40.58805],[-73.92744,40.58816],[-73.92739,40.58819],[-73.92741,40.58821],[-73.92751,40.58823],[-73.92791,40.58798],[-73.9279,40.58796],[-73.92802,40.58808],[-73.92792,40.588],[-73.92756,40.58824],[-73.92752,40.58823],[-73.92753,40.58826],[-73.92746,40.58831],[-73.92764,40.58847],[-73.92776,40.58867],[-73.92663,40.58939],[-73.92665,40.58942],[-73.92483,40.59056],[-73.92395,40.59115],[-73.9242,40.59137],[-73.9246,40.59121],[-73.92476,40.59105],[-73.92589,40.59036],[-73.92816,40.58883],[-73.92836,40.58898],[-73.92842,40.58894],[-73.92822,40.58879],[-73.92836,40.58887],[-73.92867,40.58864],[-73.92863,40.58858],[-73.92876,40.58868],[-73.9287,40.58865],[-73.92839,40.58887],[-73.92847,40.58894],[-73.92838,40.58899],[-73.92862,40.58913],[-73.92891,40.58893],[-73.92887,40.58888],[-73.92888,40.58886],[-73.92895,40.58892],[-73.92863,40.58913],[-73.92867,40.58915],[-73.92874,40.58916],[-73.92922,40.58882],[-73.92917,40.58888],[-73.92924,40.58896],[-73.92916,40.58889],[-73.92909,40.58893],[-73.92916,40.58901],[-73.92908,40.58894],[-73.92902,40.58899],[-73.92909,40.58905],[-73.929,40.58899],[-73.92894,40.58904],[-73.92901,40.58911],[-73.92893,40.58904],[-73.92887,40.58909],[-73.92895,40.58916],[-73.92885,40.5891],[-73.92887,40.58913],[-73.92882,40.58913],[-73.92884,40.58915],[-73.92876,40.58916],[-73.92908,40.58928],[-73.92965,40.58937],[-73.92998,40.58952],[-73.93002,40.58947],[-73.92975,40.58933],[-73.92936,40.58926],[-73.92937,40.58923],[-73.92977,40.5893],[-73.93004,40.58943],[-73.93058,40.5899],[-73.93055,40.58992],[-73.93039,40.58978],[-73.93034,40.58982],[-73.93023,40.5897],[-73.93027,40.58966],[-73.93016,40.58957],[-73.9301,40.58961],[-73.93031,40.58983],[-73.93038,40.58995],[-73.9303,40.59004],[-73.93057,40.59003],[-73.93055,40.58997],[-73.93059,40.58996],[-73.93063,40.59026],[-73.93059,40.59026],[-73.93057,40.59005],[-73.93047,40.59007],[-73.93053,40.59032],[-73.93065,40.5903],[-73.93068,40.5906],[-73.93063,40.5906],[-73.93063,40.59034],[-73.93053,40.59034],[-73.93047,40.59086],[-73.9305,40.59094],[-73.93062,40.59093],[-73.93063,40.59063],[-73.93065,40.59063],[-73.93064,40.59095],[-73.9305,40.59095],[-73.93046,40.59101],[-73.9307,40.59103],[-73.93046,40.59103],[-73.93045,40.59109],[-73.93073,40.5911],[-73.93051,40.5911],[-73.93045,40.59113],[-73.93037,40.59122],[-73.93043,40.59126],[-73.93053,40.5912],[-73.93053,40.59122],[-73.93061,40.59119],[-73.9306,40.59149],[-73.93057,40.5915],[-73.93058,40.59124],[-73.93053,40.59123],[-73.93047,40.59128],[-73.9305,40.5913],[-73.93041,40.59174],[-73.93046,40.59173],[-73.93057,40.59154],[-73.93061,40.59155],[-73.93047,40.59176],[-73.93045,40.59225],[-73.93043,40.59225],[-73.93044,40.59176],[-73.9304,40.59176],[-73.9303,40.59231],[-73.93037,40.59231],[-73.93037,40.59225],[-73.93039,40.59226],[-73.93037,40.59249],[-73.93034,40.59247],[-73.93036,40.59232],[-73.9303,40.59232],[-73.93029,40.59245],[-73.93021,40.59239],[-73.93018,40.59241],[-73.93036,40.59256],[-73.93027,40.59263],[-73.93033,40.59256],[-73.93019,40.59246],[-73.93002,40.59269],[-73.93012,40.59273],[-73.9301,40.59277],[-73.93019,40.59267],[-73.93021,40.59269],[-73.93011,40.59281],[-73.92999,40.59274],[-73.92996,40.59283],[-73.92991,40.59286],[-73.93007,40.59291],[-73.9301,40.59288],[-73.93005,40.59301],[-73.93006,40.59293],[-73.92989,40.59288],[-73.92983,40.59291],[-73.92971,40.59313],[-73.92998,40.59317],[-73.93002,40.59306],[-73.93004,40.59307],[-73.92996,40.59332],[-73.92994,40.59331],[-73.92998,40.59318],[-73.92974,40.59315],[-73.92982,40.59338],[-73.93004,40.59336],[-73.9298,40.5934],[-73.92978,40.59344],[-73.92985,40.59353],[-73.92986,40.59379],[-73.92996,40.59401],[-73.93002,40.5941],[-73.93022,40.59398],[-73.93005,40.59361],[-73.93008,40.5936],[-73.93023,40.59394],[-73.93046,40.59382],[-73.93053,40.59389],[-73.93036,40.59398],[-73.93057,40.59419],[-73.93055,40.59421],[-73.9303,40.59395],[-73.93004,40.59411],[-73.93043,40.59441],[-73.93061,40.59449],[-73.93076,40.59439],[-73.9306,40.59423],[-73.93062,40.59421],[-73.93084,40.59442],[-73.93081,40.59444],[-73.93077,40.5944],[-73.93066,40.59447],[-73.93077,40.5945],[-73.93083,40.59444],[-73.93094,40.59447],[-73.93126,40.59425],[-73.93122,40.59419],[-73.93133,40.59428],[-73.93128,40.59427],[-73.93096,40.59447],[-73.93137,40.59454],[-73.93159,40.5945],[-73.93162,40.59437],[-73.93174,40.59438],[-73.93174,40.59429],[-73.93177,40.59429],[-73.93176,40.59439],[-73.93163,40.59438],[-73.93161,40.59451],[-73.93137,40.59455],[-73.93085,40.59446],[-73.93078,40.59451],[-73.93102,40.59463],[-73.93114,40.59465],[-73.9317,40.59472],[-73.93194,40.5947],[-73.93217,40.59487],[-73.93231,40.59492],[-73.93245,40.59492],[-73.93237,40.59481],[-73.93241,40.59483],[-73.93256,40.59477],[-73.93258,40.59479],[-73.93244,40.59485],[-73.93248,40.59492],[-73.93261,40.59494],[-73.93283,40.59481],[-73.93268,40.59424],[-73.9326,40.59412],[-73.93235,40.59388],[-73.93191,40.59309],[-73.93183,40.593],[-73.93176,40.59284],[-73.93168,40.59286],[-73.93176,40.59305],[-73.93171,40.59306],[-73.93154,40.5927],[-73.93163,40.59284],[-73.93174,40.5928],[-73.93167,40.59264],[-73.93157,40.59256],[-73.93149,40.59231],[-73.93143,40.59223],[-73.93144,40.59218],[-73.93131,40.59217],[-73.93114,40.59202],[-73.93137,40.59194],[-73.9314,40.59181],[-73.93101,40.59194],[-73.931,40.59183],[-73.93115,40.59184],[-73.93116,40.59186],[-73.93135,40.5918],[-73.9313,40.5917],[-73.93141,40.59165],[-73.93143,40.59161],[-73.93105,40.59173],[-73.93108,40.59161],[-73.9311,40.59161],[-73.93108,40.5917],[-73.93123,40.59165],[-73.93131,40.59137],[-73.93125,40.59165],[-73.93142,40.5916],[-73.93145,40.59158],[-73.93142,40.59151],[-73.93149,40.59149],[-73.93148,40.59144],[-73.93154,40.59136],[-73.93148,40.59136],[-73.93147,40.59141],[-73.93143,40.59125],[-73.93146,40.59124],[-73.93148,40.59135],[-73.93155,40.59135],[-73.93156,40.5913],[-73.93155,40.59121],[-73.93143,40.59114],[-73.9314,40.59082],[-73.93142,40.59062],[-73.93134,40.59062],[-73.93113,40.58955],[-73.93121,40.58954],[-73.93109,40.58933],[-73.93101,40.58932],[-73.93089,40.58922],[-73.93071,40.58895],[-73.93069,40.58883],[-73.93063,40.58886],[-73.93057,40.58879],[-73.93009,40.589],[-73.93007,40.58896],[-73.93059,40.58876],[-73.93054,40.58869],[-73.93065,40.58868],[-73.93064,40.58863],[-73.93055,40.58864],[-73.9304,40.58847],[-73.92975,40.58865],[-73.92973,40.58862],[-73.93039,40.58845],[-73.93033,40.58831],[-73.9297,40.58762],[-73.92972,40.58757],[-73.93135,40.58734],[-73.93137,40.58718],[-73.93125,40.58686],[-73.93118,40.58681],[-73.93105,40.58682],[-73.93106,40.58692],[-73.93082,40.58693],[-73.93081,40.5869],[-73.92964,40.58704],[-73.93082,40.58688],[-73.93083,40.58692],[-73.93102,40.58689],[-73.93101,40.58684],[-73.92967,40.58696],[-73.92956,40.58704],[-73.9292,40.5871],[-73.92858,40.58707],[-73.9283,40.58693],[-73.92814,40.58679],[-73.92812,40.58671],[-73.92808,40.58671],[-73.92806,40.58658],[-73.92812,40.58634],[-73.92804,40.58633],[-73.92804,40.5863],[-73.92811,40.5863],[-73.92815,40.58619],[-73.92792,40.58614],[-73.92793,40.5861],[-73.92817,40.58612],[-73.92817,40.58618],[-73.9282,40.58614],[-73.92828,40.58612],[-73.92816,40.58587],[-73.92786,40.58593],[-73.92774,40.58606],[-73.92737,40.58601],[-73.92734,40.58605],[-73.92753,40.58627],[-73.92759,40.58626],[-73.9276,40.58641],[-73.92752,40.58641],[-73.92751,40.58628],[-73.92728,40.58605],[-73.92737,40.58597],[-73.92731,40.58587],[-73.92721,40.58582],[-73.92711,40.58581],[-73.92676,40.58561],[-73.92669,40.58556],[-73.92666,40.58548],[-73.92638,40.5853],[-73.92631,40.58537],[-73.9266,40.58554],[-73.92655,40.58558],[-73.92549,40.58503],[-73.92553,40.58499],[-73.92628,40.58536],[-73.92635,40.58528],[-73.92619,40.58519],[-73.92621,40.58516],[-73.92552,40.58483],[-73.92529,40.58465],[-73.92526,40.58469],[-73.92503,40.58472],[-73.92455,40.58462],[-73.9245,40.58467],[-73.9241,40.58467],[-73.92398,40.58473],[-73.92374,40.58475],[-73.92373,40.58478],[-73.92345,40.58483],[-73.92304,40.58478],[-73.92272,40.58468],[-73.92119,40.58466],[-73.92111,40.58465],[-73.92101,40.58458],[-73.92073,40.58468],[-73.92029,40.58467],[-73.9202,40.58464],[-73.92015,40.58468],[-73.91998,40.58468],[-73.91981,40.5848],[-73.91965,40.58484],[-73.91958,40.58492],[-73.91924,40.58494],[-73.91911,40.58498],[-73.91904,40.58506],[-73.91884,40.58505],[-73.9189,40.5851],[-73.91886,40.58511],[-73.91887,40.58516],[-73.91884,40.58514],[-73.91885,40.58518],[-73.9188,40.58523],[-73.91842,40.58538],[-73.91825,40.58543],[-73.91827,40.58534],[-73.91824,40.58532],[-73.91816,40.58537],[-73.91816,40.58543],[-73.91813,40.58545],[-73.91794,40.58548],[-73.91767,40.58562],[-73.91735,40.58563],[-73.91731,40.58568],[-73.91722,40.58566],[-73.91714,40.58569],[-73.91704,40.58577],[-73.91703,40.58586],[-73.91699,40.58589],[-73.91621,40.58605],[-73.91595,40.58615],[-73.91579,40.58613],[-73.91566,40.58623],[-73.91528,40.58626],[-73.9152,40.5863],[-73.91488,40.58627],[-73.91482,40.58628],[-73.91455,40.58621],[-73.91449,40.58624],[-73.91441,40.58624],[-73.91383,40.58604],[-73.91367,40.58606],[-73.91365,40.58612],[-73.9135,40.5861],[-73.9131,40.58596],[-73.91259,40.58557],[-73.91256,40.58538],[-73.91259,40.58523],[-73.9125,40.5851],[-73.91248,40.585],[-73.91251,40.58472],[-73.91238,40.58463],[-73.91237,40.58453],[-73.91239,40.58451],[-73.91249,40.58451],[-73.91261,40.58433],[-73.91264,40.58419],[-73.9126,40.58417],[-73.91259,40.5841],[-73.91264,40.58396],[-73.91251,40.58389],[-73.91269,40.58388],[-73.91271,40.58371],[-73.91266,40.58361],[-73.91257,40.58366],[-73.91243,40.58352],[-73.91241,40.58343],[-73.91246,40.58336],[-73.91261,40.5833],[-73.91282,40.5831],[-73.91305,40.58302],[-73.91311,40.58305],[-73.91301,40.58316],[-73.91306,40.58319],[-73.91312,40.58313],[-73.91384,40.58299],[-73.91415,40.58298],[-73.91435,40.58286],[-73.91443,40.58287],[-73.91443,40.58281],[-73.91451,40.58282],[-73.91463,40.58277],[-73.91479,40.5828],[-73.91482,40.58283],[-73.91482,40.58287],[-73.9149,40.58288],[-73.91485,40.58297],[-73.91488,40.58301],[-73.91486,40.58308],[-73.91499,40.58316],[-73.91546,40.58305],[-73.91578,40.58292],[-73.91596,40.58292],[-73.91614,40.58287],[-73.91617,40.58294],[-73.91626,40.58303],[-73.91656,40.58316],[-73.91675,40.58316],[-73.91689,40.58311],[-73.91695,40.5832],[-73.91705,40.58325],[-73.91727,40.58326],[-73.91731,40.58323],[-73.9173,40.5832],[-73.91688,40.58293],[-73.9168,40.58285],[-73.91683,40.58279],[-73.91681,40.58277],[-73.91659,40.58273],[-73.91643,40.58282],[-73.91633,40.58283],[-73.91625,40.58272],[-73.91603,40.58264],[-73.91606,40.58256],[-73.916,40.58252],[-73.91596,40.58244],[-73.91589,40.58245],[-73.91575,40.5824],[-73.91567,40.58243],[-73.91552,40.58238],[-73.91549,40.58242],[-73.91541,40.58237],[-73.9151,40.58238],[-73.91486,40.5825],[-73.91439,40.58239],[-73.91434,40.58243],[-73.91434,40.58249],[-73.91441,40.58252],[-73.91447,40.58262],[-73.91438,40.58265],[-73.91435,40.5826],[-73.91424,40.58261],[-73.91418,40.58267],[-73.91417,40.58281],[-73.91406,40.58274],[-73.91373,40.58274],[-73.91353,40.58289],[-73.91336,40.58296],[-73.91325,40.58295],[-73.91297,40.58298],[-73.91293,40.58293],[-73.91306,40.58274],[-73.913,40.58271],[-73.91295,40.58274],[-73.91296,40.58283],[-73.91289,40.58286],[-73.91289,40.58301],[-73.91286,40.58302],[-73.91269,40.58297],[-73.9125,40.58309],[-73.91251,40.58305],[-73.91238,40.58306],[-73.91222,40.58297],[-73.91249,40.58293],[-73.91249,40.58289],[-73.912,40.58292],[-73.91196,40.58298],[-73.91191,40.58297],[-73.91152,40.58275],[-73.91129,40.58232],[-73.91129,40.58218],[-73.91148,40.58184],[-73.91157,40.58179],[-73.91175,40.58177],[-73.91232,40.58178],[-73.91298,40.58175],[-73.91371,40.58164],[-73.91444,40.58172],[-73.91493,40.58156],[-73.91506,40.58155],[-73.91649,40.58177],[-73.91766,40.58211],[-73.91814,40.58215],[-73.9198,40.58266],[-73.92058,40.58281],[-73.92166,40.58313],[-73.92221,40.58326],[-73.92322,40.58345],[-73.92444,40.58357],[-73.92522,40.58351],[-73.92558,40.58352],[-73.92562,40.58346],[-73.92565,40.5835],[-73.92627,40.58356],[-73.92713,40.58359],[-73.92823,40.58353],[-73.92944,40.58343],[-73.92945,40.58338],[-73.92947,40.58338],[-73.92947,40.58342],[-73.92963,40.58341],[-73.93035,40.58328],[-73.9306,40.58321],[-73.93081,40.58308],[-73.93089,40.58295],[-73.93086,40.58288],[-73.93073,40.58285],[-73.93074,40.58277],[-73.93092,40.58279],[-73.93096,40.58274],[-73.93109,40.58275],[-73.93118,40.58272],[-73.93172,40.58282],[-73.93173,40.58289],[-73.9318,40.58291],[-73.93184,40.58295],[-73.93179,40.58306],[-73.93195,40.58312],[-73.93198,40.58312],[-73.93193,40.58288],[-73.93238,40.58293],[-73.93237,40.58297],[-73.93202,40.58293],[-73.93199,40.58295],[-73.93202,40.58312],[-73.9326,40.58293],[-73.93282,40.58296],[-73.93304,40.58295],[-73.93349,40.58307],[-73.93349,40.58297],[-73.93421,40.58299],[-73.93421,40.5831],[-73.93437,40.58312],[-73.93438,40.58315],[-73.93456,40.58317],[-73.93456,40.58303],[-73.93528,40.58311],[-73.93528,40.58325],[-73.93569,40.58328],[-73.93573,40.58326],[-73.93572,40.58316],[-73.93568,40.58316],[-73.93567,40.58303],[-73.93583,40.58303],[-73.93583,40.58316],[-73.93576,40.58316],[-73.93577,40.58329],[-73.93613,40.58332],[-73.93621,40.5833],[-73.93625,40.58326],[-73.93629,40.58301],[-73.93613,40.58299],[-73.93613,40.58302],[-73.9361,40.58302],[-73.9361,40.58296],[-73.93657,40.58297],[-73.93657,40.583],[-73.93635,40.58299],[-73.93635,40.58301],[-73.9363,40.58301],[-73.93632,40.58319],[-73.93654,40.58317],[-73.93658,40.58325],[-73.93698,40.58324],[-73.93699,40.58302],[-73.93663,40.58298],[-73.93706,40.58299],[-73.93705,40.58309],[-73.93763,40.5831],[-73.93705,40.58311],[-73.93703,40.58313],[-73.93703,40.58302],[-73.93701,40.58302],[-73.93702,40.58324],[-73.93705,40.58324],[-73.93708,40.58334],[-73.93713,40.58335],[-73.9373,40.58336],[-73.93733,40.5833],[-73.93783,40.5833],[-73.93789,40.58335],[-73.93812,40.58335],[-73.9381,40.58313],[-73.93824,40.58313],[-73.93826,40.58329],[-73.93833,40.58335],[-73.93855,40.58335],[-73.93848,40.58319],[-73.93867,40.58317],[-73.93863,40.58308],[-73.93879,40.58308],[-73.93878,40.5831],[-73.93867,40.58309],[-73.9387,40.58317],[-73.9393,40.58318],[-73.9393,40.58334],[-73.93983,40.58334],[-73.93983,40.58318],[-73.93986,40.58318],[-73.93986,40.58334],[-73.94058,40.58334],[-73.94057,40.5831],[-73.94011,40.58308],[-73.94068,40.58307],[-73.94059,40.58309],[-73.94059,40.58322],[-73.94063,40.58321],[-73.94064,40.58334],[-73.9407,40.58334],[-73.9407,40.58331],[-73.94092,40.58331],[-73.9409,40.5831],[-73.94074,40.58308],[-73.94103,40.58308],[-73.94092,40.5831],[-73.94094,40.58331],[-73.94116,40.58331],[-73.9411,40.5831],[-73.9412,40.5831],[-73.94116,40.58312],[-73.94121,40.58331],[-73.94126,40.58334],[-73.94144,40.58335],[-73.94149,40.58354],[-73.94155,40.58353],[-73.94158,40.58362],[-73.94255,40.58352],[-73.94202,40.58312],[-73.94215,40.58311],[-73.9427,40.58352],[-73.94305,40.5835],[-73.94256,40.58314],[-73.94269,40.58313],[-73.9432,40.5835],[-73.94355,40.58348],[-73.94309,40.58314],[-73.94323,40.58314],[-73.94369,40.58348],[-73.94407,40.58348],[-73.94364,40.58315],[-73.94377,40.58315],[-73.94424,40.58349],[-73.94462,40.5835],[-73.94418,40.58317],[-73.94432,40.58317],[-73.94478,40.58352],[-73.94518,40.58353],[-73.94471,40.58317],[-73.94485,40.58317],[-73.94535,40.58354],[-73.94573,40.58355],[-73.94527,40.58319],[-73.94538,40.58319],[-73.9459,40.58356],[-73.94629,40.58358],[-73.9458,40.5832],[-73.94593,40.5832],[-73.94644,40.58357],[-73.94679,40.58356],[-73.94632,40.58322],[-73.94646,40.58321],[-73.94692,40.58355],[-73.94727,40.58354],[-73.94682,40.5832],[-73.94702,40.5832],[-73.94747,40.58354],[-73.94837,40.5835],[-73.95349,40.583],[-73.9533,40.58201],[-73.9497,40.58233],[-73.94274,40.581],[-73.93381,40.58114],[-73.93382,40.58122],[-73.93514,40.58119],[-73.93514,40.58131],[-73.93511,40.58131],[-73.9351,40.58122],[-73.93377,40.58124],[-73.93376,40.5812],[-73.9334,40.58122],[-73.9334,40.58117],[-73.93376,40.58119],[-73.93376,40.58114],[-73.933,40.58115],[-73.933,40.58129],[-73.93297,40.58129],[-73.93296,40.58115],[-73.93291,40.58115],[-73.93291,40.58129],[-73.93287,40.58129],[-73.93287,40.58116],[-73.93281,40.58116],[-73.9327,40.58128],[-73.93258,40.58127],[-73.9325,40.58116],[-73.93202,40.57955],[-73.93182,40.57897],[-73.93183,40.57869],[-73.93169,40.57819],[-73.93164,40.57818],[-73.93106,40.57627],[-73.93106,40.57617],[-73.9315,40.57567],[-73.93335,40.57557],[-73.93486,40.57554],[-73.9349,40.57549],[-73.93489,40.57523],[-73.935,40.57523],[-73.935,40.57544],[-73.93508,40.57552],[-73.93576,40.57574],[-73.93624,40.57585],[-73.93647,40.57587],[-73.9366,40.57578],[-73.93667,40.57544],[-73.93672,40.57543],[-73.93676,40.57544],[-73.9368,40.57555],[-73.93683,40.57557],[-73.94251,40.57538],[-73.94254,40.57544],[-73.94248,40.5755],[-73.94256,40.57557],[-73.94364,40.57578],[-73.94405,40.57581],[-73.94439,40.5758],[-73.94454,40.57576],[-73.94463,40.5757],[-73.94455,40.5753],[-73.9446,40.57524],[-73.94464,40.57527],[-73.9447,40.57549],[-73.94475,40.57552],[-73.94528,40.57558],[-73.94572,40.57557],[-73.94604,40.57547],[-73.94618,40.57531],[-73.94621,40.57521],[-73.94595,40.57522],[-73.94592,40.57521],[-73.94593,40.57512],[-73.94897,40.57479],[-73.94992,40.57456],[-73.95019,40.57457],[-73.95133,40.57443],[-73.95211,40.57439],[-73.9524,40.57426],[-73.95258,40.57421],[-73.95279,40.57421],[-73.95313,40.57429],[-73.95374,40.57431],[-73.95394,40.57425],[-73.954,40.57427],[-73.95403,40.57409],[-73.95408,40.57408],[-73.95411,40.57411],[-73.9541,40.5743],[-73.95414,40.57434],[-73.9544,40.57438],[-73.95514,40.57438],[-73.9557,40.57434],[-73.95621,40.57427],[-73.95635,40.57422],[-73.95637,40.57418],[-73.9563,40.57384],[-73.95635,40.57381],[-73.95639,40.57383],[-73.95647,40.57415],[-73.95657,40.57418],[-73.9572,40.57419],[-73.95844,40.5741],[-73.95889,40.574],[-73.95897,40.57396],[-73.95894,40.57348],[-73.95899,40.57344],[-73.95903,40.57346],[-73.95907,40.57385],[-73.9591,40.57387],[-73.95939,40.57392],[-73.95983,40.57394],[-73.96091,40.57387],[-73.96211,40.57372],[-73.96602,40.5734],[-73.9672,40.57333],[-73.96739,40.57327],[-73.96744,40.57322],[-73.96737,40.57305],[-73.96743,40.57299],[-73.96753,40.5732],[-73.96819,40.57319],[-73.96885,40.57307],[-73.96945,40.57287],[-73.96947,40.57283],[-73.96921,40.57234],[-73.96925,40.57231],[-73.96929,40.57231],[-73.96956,40.57282],[-73.96976,40.57286],[-73.97021,40.57286],[-73.97086,40.57278],[-73.97133,40.57265],[-73.97138,40.57252],[-73.97114,40.57206],[-73.97114,40.57197],[-73.97118,40.57195],[-73.97122,40.57197],[-73.97152,40.57259],[-73.97161,40.57264],[-73.9725,40.57258],[-73.97294,40.57248],[-73.97335,40.57233],[-73.97336,40.57227],[-73.97323,40.57191],[-73.97321,40.57168],[-73.97325,40.57163],[-73.97333,40.57168],[-73.97345,40.57228],[-73.97373,40.5723],[-73.97441,40.57225],[-73.97485,40.57217],[-73.97529,40.57206],[-73.97547,40.57198],[-73.97541,40.57143],[-73.97546,40.57143],[-73.97549,40.57146],[-73.97552,40.5717],[-73.97568,40.57196],[-73.97593,40.57203],[-73.97622,40.57202],[-73.97714,40.57191],[-73.97767,40.57174],[-73.97757,40.57125],[-73.9776,40.5712],[-73.97767,40.57118],[-73.97805,40.57121],[-73.97808,40.57124],[-73.97772,40.57126],[-73.9777,40.57133],[-73.97775,40.57169],[-73.97781,40.57176],[-73.978,40.57184],[-73.97846,40.5719],[-73.97872,40.5719],[-73.9791,40.57185],[-73.97946,40.57175],[-73.97985,40.57155],[-73.97986,40.57149],[-73.97981,40.57141],[-73.97973,40.57135],[-73.97943,40.57129],[-73.97939,40.57127],[-73.97943,40.57123],[-73.97977,40.57125],[-73.97998,40.57144],[-73.98001,40.57172],[-73.9805,40.57175],[-73.98094,40.57169],[-73.98182,40.57147],[-73.98204,40.57149],[-73.98199,40.57136],[-73.98192,40.57133],[-73.9816,40.57132],[-73.98155,40.57128],[-73.98157,40.57126],[-73.98195,40.57125],[-73.98203,40.57128],[-73.9821,40.57135],[-73.98218,40.57157],[-73.98283,40.57155],[-73.98367,40.57142],[-73.98341,40.57017],[-73.98306,40.57022],[-73.98304,40.57015],[-73.98339,40.5701],[-73.98327,40.56955],[-73.98336,40.56954],[-73.98349,40.5701],[-73.98382,40.57005],[-73.98384,40.57012],[-73.98349,40.57016],[-73.98376,40.5714],[-73.98645,40.57116],[-73.98647,40.57109],[-73.98651,40.57109],[-73.98655,40.57114],[-73.98804,40.57099],[-73.98862,40.5709],[-73.98858,40.57071],[-73.98864,40.5707],[-73.98867,40.57074],[-73.98872,40.57089],[-73.99026,40.57072],[-73.99077,40.57061],[-73.99072,40.57027],[-73.99079,40.57026],[-73.99087,40.57061],[-73.99119,40.57062],[-73.99273,40.57044],[-73.99297,40.57037],[-73.99295,40.57024],[-73.99298,40.57021],[-73.99302,40.57022],[-73.99305,40.57035],[-73.99316,40.57039],[-73.99402,40.57042],[-73.99494,40.57036],[-73.99514,40.57032],[-73.99514,40.57008],[-73.99519,40.57003],[-73.99525,40.57011],[-73.99529,40.57033],[-73.99685,40.57038],[-73.9972,40.57036],[-73.99732,40.57033],[-73.99736,40.57029],[-73.99737,40.57015],[-73.99742,40.57015],[-73.99745,40.57029],[-73.99767,40.57038],[-73.998,40.57046],[-73.99847,40.57051],[-73.99962,40.57047],[-73.99966,40.57039],[-73.99973,40.57042],[-73.99972,40.57048],[-73.99975,40.5705],[-74.00078,40.5705],[-74.00201,40.57022],[-74.00206,40.57016],[-74.00199,40.5696],[-74.00209,40.56959],[-74.00223,40.57062],[-74.00249,40.57175],[-74.0048,40.57289],[-74.00669,40.57341],[-74.0088,40.57377],[-74.01008,40.57384],[-74.01116,40.57417],[-74.01202,40.57489],[-74.01232,40.57566],[-74.01246,40.57662],[-74.0128,40.5775],[-74.01301,40.57777],[-74.01303,40.57786],[-74.01282,40.57844],[-74.01235,40.57923],[-74.01189,40.57974],[-74.01133,40.58019],[-74.01071,40.58055],[-74.01055,40.58062],[-74.01006,40.58072],[-74.00959,40.58087],[-74.0092,40.58106],[-74.00843,40.5815],[-74.00796,40.58169],[-74.00746,40.58181],[-74.00605,40.58199],[-74.00484,40.58186],[-74.00398,40.58173],[-74.00295,40.58144],[-74.00221,40.58137],[-74.00119,40.58143],[-74.00056,40.58131],[-73.99964,40.58132],[-73.99896,40.58164],[-73.99818,40.58173],[-73.99777,40.58146],[-73.99772,40.58072],[-73.99183,40.57926],[-73.99141,40.57925],[-73.99107,40.57934],[-73.99036,40.57943],[-73.98958,40.5792],[-73.98945,40.57906],[-73.98899,40.57884],[-73.98843,40.57882],[-73.98814,40.57887],[-73.98798,40.57895],[-73.98761,40.57904],[-73.98762,40.57907],[-73.98786,40.57901],[-73.98787,40.57903],[-73.98745,40.57914],[-73.98744,40.57912],[-73.9876,40.57907],[-73.98759,40.57905],[-73.98739,40.5791],[-73.98738,40.57915],[-73.9867,40.57982],[-73.98702,40.58003],[-73.98617,40.58096],[-73.98589,40.58115],[-73.98605,40.58173],[-73.98685,40.58124],[-73.98695,40.58114],[-73.98721,40.58084],[-73.98735,40.58062],[-73.98764,40.57993],[-73.98773,40.57983],[-73.98781,40.57981],[-73.98804,40.57964],[-73.98811,40.57965],[-73.98826,40.57974],[-73.98858,40.57983],[-73.9889,40.58002],[-73.98914,40.58022],[-73.98954,40.58042],[-73.9897,40.58043],[-73.98996,40.58067],[-73.9912,40.58104],[-73.99163,40.58109],[-73.99174,40.58121],[-73.99168,40.58139],[-73.99173,40.58149],[-73.99183,40.58151],[-73.99186,40.58163],[-73.99183,40.58175],[-73.9917,40.58187],[-73.99034,40.58423],[-73.99034,40.58446],[-73.99026,40.58463],[-73.99098,40.58436],[-73.99268,40.5836],[-73.99289,40.58343],[-73.99307,40.58336],[-73.99315,40.58328],[-73.9937,40.58299],[-73.99419,40.58278],[-73.99469,40.58263],[-73.99491,40.58248],[-73.99515,40.58243],[-73.99533,40.58227],[-73.99547,40.58222],[-73.99559,40.58223],[-73.99606,40.58214],[-73.99623,40.58221],[-73.99673,40.58226],[-73.9974,40.58244],[-73.99781,40.58262],[-74.00018,40.58308],[-74.00031,40.58319],[-74.00042,40.58355],[-74.00044,40.58406],[-74.00036,40.58419],[-73.99986,40.58455],[-73.99963,40.58464],[-73.99934,40.58487],[-73.99899,40.58502],[-73.99879,40.58516],[-73.99846,40.58529],[-73.99809,40.58537],[-73.99809,40.58548],[-73.99929,40.58556],[-73.99947,40.5857],[-73.99971,40.5857],[-73.9997,40.58576],[-73.99953,40.58577],[-73.99964,40.58608],[-73.99957,40.58625],[-73.99936,40.58639],[-73.99897,40.58644],[-73.99878,40.58649],[-73.99815,40.58654],[-73.99417,40.58839],[-73.99424,40.58845],[-73.9956,40.58785],[-73.99566,40.58794],[-73.99408,40.5887],[-73.99422,40.58888],[-73.99533,40.58834],[-73.99556,40.58829],[-73.99513,40.58849],[-73.99516,40.58852],[-73.99506,40.58857],[-73.9951,40.5886],[-73.99796,40.58728],[-73.99798,40.58732],[-73.99555,40.58843],[-73.99488,40.58878],[-73.99535,40.58934],[-74.00012,40.58696],[-74.00011,40.58657],[-74.00024,40.58648],[-74.00038,40.58648],[-74.00043,40.58655],[-74.00043,40.5867],[-74.00049,40.58705],[-74.00038,40.58714],[-73.99788,40.58835],[-73.99867,40.5892],[-73.99924,40.58894],[-73.99947,40.58924],[-73.99838,40.58978],[-73.99842,40.58982],[-73.99884,40.58963],[-73.99887,40.58968],[-73.99845,40.58987],[-73.99855,40.59003],[-73.99878,40.59024],[-73.99878,40.59032],[-73.99869,40.59033],[-73.9986,40.59024],[-73.99853,40.59022],[-73.99844,40.59025],[-73.99776,40.59096],[-73.99711,40.59129],[-73.99712,40.59146],[-73.99719,40.59161],[-73.99723,40.59166],[-73.99807,40.59122],[-73.99813,40.5913],[-73.99728,40.59172],[-73.99755,40.59193],[-73.99857,40.5915],[-73.99917,40.59116],[-73.99946,40.59111],[-73.99977,40.59112],[-73.99999,40.59118],[-74.00014,40.59129],[-74.00023,40.59149],[-74.00023,40.59154],[-74.00006,40.59172],[-73.99931,40.59219],[-73.99903,40.59232],[-73.99935,40.59263],[-73.99945,40.59283],[-73.99948,40.59298],[-73.99898,40.59331],[-73.99839,40.59354],[-73.99854,40.5936],[-74.00018,40.59286],[-74.0011,40.59253],[-74.00197,40.59389],[-74.00194,40.59391],[-74.00204,40.59407],[-74.00228,40.59434],[-74.00284,40.59516],[-74.00353,40.59593],[-74.00412,40.59646],[-74.00557,40.59758],[-74.00922,40.59985],[-74.01066,40.60061],[-74.01237,40.60136],[-74.01473,40.60207],[-74.01579,40.60229],[-74.01669,40.60243],[-74.01759,40.60251],[-74.01799,40.6025],[-74.01829,40.60246],[-74.01832,40.60243],[-74.01914,40.60262],[-74.01914,40.60266],[-74.01933,40.60282],[-74.01975,40.60309],[-74.0204,40.60339],[-74.02086,40.60353],[-74.02931,40.60461],[-74.03005,40.60477],[-74.03102,40.60526],[-74.0318,40.60579],[-74.03213,40.60591],[-74.03271,40.60634],[-74.03359,40.60709],[-74.03427,40.60773],[-74.03443,40.60794],[-74.03465,40.60834],[-74.03487,40.60859],[-74.03531,40.6089],[-74.03568,40.60904],[-74.03604,40.6093],[-74.03611,40.6094],[-74.0363,40.60982],[-74.03663,40.61073],[-74.03696,40.61126],[-74.03741,40.61174],[-74.03903,40.61317],[-74.03989,40.61436],[-74.04013,40.6148],[-74.04038,40.61535],[-74.04048,40.61563],[-74.04073,40.61706],[-74.04138,40.62],[-74.04153,40.62028],[-74.04162,40.62057],[-74.04162,40.62095],[-74.04158,40.62128],[-74.04167,40.6221],[-74.04175,40.62247],[-74.0417,40.62281],[-74.04171,40.62331],[-74.04186,40.62381],[-74.0419,40.62431],[-74.04188,40.62453],[-74.04168,40.62539],[-74.04143,40.62808],[-74.0413,40.62901],[-74.04109,40.62973],[-74.04111,40.62992],[-74.04107,40.6302],[-74.04095,40.63047],[-74.04075,40.63071],[-74.04066,40.6309],[-74.0393,40.63389],[-74.03681,40.63899],[-74.03876,40.6396],[-74.03869,40.63975],[-74.03673,40.63915],[-74.0362,40.64002],[-74.03571,40.64065],[-74.03598,40.64095],[-74.03635,40.64116],[-74.03674,40.64148],[-74.0367,40.64169],[-74.03445,40.64384],[-74.03454,40.64388],[-74.03407,40.64432],[-74.03288,40.64359],[-74.03264,40.6438],[-74.0323,40.64359],[-74.03224,40.64365],[-74.03254,40.64383],[-74.03227,40.64408],[-74.03198,40.6439],[-74.0319,40.6439],[-74.03052,40.64528],[-74.02908,40.64441],[-74.029,40.64448],[-74.02916,40.64459],[-74.02886,40.64487],[-74.02882,40.64485],[-74.02909,40.64459],[-74.0285,40.64419],[-74.02823,40.64445],[-74.02819,40.64442],[-74.02846,40.64416],[-74.02821,40.64402],[-74.02775,40.64451],[-74.02704,40.64521],[-74.02605,40.64627],[-74.02974,40.64849],[-74.02939,40.64881],[-74.02572,40.64662],[-74.02538,40.64692],[-74.02507,40.64673],[-74.02415,40.64762],[-74.02513,40.64833],[-74.02497,40.64861],[-74.02554,40.64979],[-74.02485,40.65061],[-74.02521,40.65083],[-74.02542,40.65063],[-74.02605,40.651],[-74.02587,40.65117],[-74.02593,40.6512],[-74.02578,40.65134],[-74.02569,40.65133],[-74.02553,40.65149],[-74.02491,40.65111],[-74.0251,40.6509],[-74.02477,40.6507],[-74.02452,40.65095],[-74.02449,40.65093],[-74.02424,40.65114],[-74.0255,40.65185],[-74.02542,40.65194],[-74.02418,40.6512],[-74.02382,40.65136],[-74.02366,40.65126],[-74.0236,40.65132],[-74.02306,40.65098],[-74.02285,40.65118],[-74.02537,40.65273],[-74.02523,40.65284],[-74.02273,40.65131],[-74.02262,40.65132],[-74.02154,40.65068],[-74.02135,40.65086],[-74.02128,40.65083],[-74.02125,40.65084],[-74.02128,40.6509],[-74.02139,40.65098],[-74.02136,40.65101],[-74.02124,40.65093],[-74.02119,40.65099],[-74.02113,40.65095],[-74.02105,40.65111],[-74.02234,40.65192],[-74.02225,40.65199],[-74.02098,40.65117],[-74.0209,40.65126],[-74.02381,40.65305],[-74.0236,40.65322],[-74.02354,40.6531],[-74.02333,40.65295],[-74.02294,40.65289],[-74.02285,40.65275],[-74.02196,40.65223],[-74.02187,40.65223],[-74.02162,40.65233],[-74.02123,40.65271],[-74.02119,40.65285],[-74.02321,40.6541],[-74.02306,40.65424],[-74.0221,40.6536],[-74.02188,40.65356],[-74.02163,40.65365],[-74.02129,40.65397],[-74.02124,40.65414],[-74.02115,40.65422],[-74.02183,40.65466],[-74.02165,40.65489],[-74.0209,40.65444],[-74.02064,40.65445],[-74.0206,40.65442],[-74.0206,40.6543],[-74.02048,40.65422],[-74.02024,40.65423],[-74.02003,40.65417],[-74.01962,40.65417],[-74.01942,40.65401],[-74.01919,40.65403],[-74.01925,40.65395],[-74.01918,40.65389],[-74.01897,40.65388],[-74.01873,40.65348],[-74.01862,40.6535],[-74.01812,40.65389],[-74.02026,40.65513],[-74.02005,40.65534],[-74.01788,40.65407],[-74.01715,40.65478],[-74.01747,40.65494],[-74.01742,40.655],[-74.0198,40.6565],[-74.01971,40.65659],[-74.01727,40.6552],[-74.01692,40.65549],[-74.01665,40.65535],[-74.0164,40.65563],[-74.01911,40.65738],[-74.01861,40.65785],[-74.01586,40.65622],[-74.01544,40.65664],[-74.01774,40.65811],[-74.01767,40.65819],[-74.01787,40.65832],[-74.01769,40.65846],[-74.01749,40.65835],[-74.01751,40.65828],[-74.01505,40.65696],[-74.01442,40.65762],[-74.01746,40.65946],[-74.01554,40.66077],[-74.01401,40.65982],[-74.01366,40.66004],[-74.01184,40.65892],[-74.01142,40.65934],[-74.01111,40.65971],[-74.01402,40.66154],[-74.01316,40.66199],[-74.01266,40.66199],[-74.01024,40.66047],[-74.0086,40.65953],[-74.00746,40.66057],[-74.01037,40.66241],[-74.01046,40.66265],[-74.00955,40.66328],[-74.00869,40.66338],[-74.00616,40.66185],[-74.00569,40.66228],[-74.00429,40.66145],[-74.00415,40.66157],[-74.00513,40.66215],[-74.00514,40.66219],[-74.00562,40.6625],[-74.00579,40.66259],[-74.00586,40.66258],[-74.00623,40.6628],[-74.00593,40.66312],[-74.00423,40.66219],[-74.00381,40.66192],[-74.00349,40.66225],[-74.00456,40.66282],[-74.00461,40.66273],[-74.00455,40.66269],[-74.00473,40.6625],[-74.00536,40.66288],[-74.00516,40.66306],[-74.00506,40.663],[-74.00497,40.66308],[-74.00519,40.66321],[-74.00525,40.66316],[-74.00525,40.66311],[-74.00519,40.66308],[-74.00538,40.66289],[-74.006,40.66327],[-74.0058,40.66344],[-74.0057,40.66339],[-74.00561,40.66347],[-74.00772,40.66473],[-74.00768,40.6648],[-74.00764,40.6648],[-74.00731,40.66461],[-74.00725,40.6647],[-74.00732,40.66474],[-74.00713,40.66492],[-74.00653,40.66456],[-74.00671,40.66437],[-74.0068,40.66443],[-74.00688,40.66435],[-74.00663,40.6642],[-74.00654,40.66427],[-74.00664,40.66433],[-74.00645,40.66451],[-74.00584,40.66415],[-74.00603,40.66397],[-74.00612,40.66402],[-74.0062,40.66394],[-74.00605,40.66385],[-74.00599,40.6639],[-74.00592,40.66386],[-74.0059,40.66388],[-74.00581,40.66388],[-74.00576,40.66393],[-74.00578,40.664],[-74.00575,40.66402],[-74.00582,40.66406],[-74.00576,40.66412],[-74.00589,40.6642],[-74.00575,40.66433],[-74.00574,40.66439],[-74.00577,40.66441],[-74.00575,40.66443],[-74.00585,40.66451],[-74.00582,40.66454],[-74.00564,40.66454],[-74.00565,40.66391],[-74.0043,40.6631],[-74.00427,40.66312],[-74.00363,40.66274],[-74.0034,40.66299],[-74.00459,40.66374],[-74.00432,40.66406],[-74.00528,40.66467],[-74.00486,40.66507],[-74.00114,40.66291],[-74.00095,40.66308],[-74.00084,40.66301],[-74.0005,40.66332],[-74.00054,40.66334],[-74.00003,40.66383],[-74.0001,40.66386],[-73.99953,40.66441],[-74.00293,40.66647],[-74.00224,40.6668],[-74.00162,40.66677],[-74.00121,40.66703],[-74.00147,40.66718],[-74.00069,40.66755],[-73.99998,40.66746],[-73.99903,40.66845],[-73.99906,40.66886],[-73.99895,40.66898],[-73.99903,40.66902],[-73.99918,40.6683],[-73.99924,40.66831],[-73.99908,40.66905],[-73.99866,40.66952],[-73.99891,40.66966],[-73.99889,40.66995],[-73.99856,40.67134],[-73.99877,40.67161],[-73.99893,40.67142],[-73.99931,40.67078],[-74.0003,40.66873],[-74.00106,40.66895],[-74.00142,40.66837],[-74.00222,40.66859],[-74.0029,40.66736],[-74.00319,40.66727],[-74.0037,40.66744],[-74.00363,40.66758],[-74.0051,40.66798],[-74.00547,40.66796],[-74.00553,40.66791],[-74.00587,40.668],[-74.00597,40.66789],[-74.006,40.6679],[-74.00626,40.66734],[-74.00623,40.66734],[-74.00678,40.66619],[-74.00684,40.66621],[-74.00687,40.66614],[-74.00684,40.66606],[-74.00691,40.66603],[-74.00697,40.66606],[-74.00696,40.66611],[-74.00689,40.66614],[-74.00685,40.66621],[-74.0069,40.66623],[-74.00476,40.67073],[-74.00544,40.67093],[-74.00662,40.66863],[-74.0068,40.6686],[-74.00755,40.66706],[-74.0078,40.66717],[-74.00709,40.6686],[-74.00986,40.66853],[-74.01154,40.66509],[-74.01575,40.66458],[-74.0169,40.66485],[-74.01745,40.66528],[-74.01789,40.66586],[-74.01858,40.6704],[-74.01876,40.67108],[-74.01934,40.67163],[-74.01888,40.67161],[-74.01751,40.67104],[-74.01669,40.66545],[-74.01658,40.66505],[-74.01649,40.66494],[-74.01603,40.66487],[-74.01594,40.66548],[-74.01228,40.66574],[-74.01088,40.66861],[-74.01036,40.66865],[-74.01034,40.66909],[-74.01056,40.6692],[-74.01091,40.6692],[-74.01087,40.66972],[-74.01154,40.66979],[-74.01162,40.67012],[-74.01152,40.67042],[-74.01163,40.67059],[-74.01406,40.66971],[-74.01425,40.66974],[-74.01424,40.66982],[-74.01175,40.67067],[-74.01187,40.67083],[-74.01208,40.67094],[-74.0124,40.67095],[-74.01262,40.67085],[-74.01355,40.67127],[-74.01371,40.67119],[-74.01394,40.67119],[-74.01428,40.67139],[-74.01508,40.67069],[-74.0152,40.67076],[-74.01387,40.67189],[-74.01423,40.67214],[-74.0156,40.67098],[-74.01569,40.67105],[-74.01429,40.67225],[-74.01423,40.67222],[-74.01298,40.67334],[-74.01337,40.6736],[-74.01512,40.67217],[-74.01632,40.67292],[-74.01458,40.67442],[-74.01497,40.67469],[-74.01817,40.67195],[-74.0188,40.67226],[-74.01727,40.67362],[-74.01775,40.67406],[-74.01789,40.67397],[-74.01795,40.67389],[-74.01801,40.67392],[-74.01796,40.674],[-74.01792,40.67398],[-74.0178,40.6741],[-74.01814,40.67437],[-74.01818,40.67447],[-74.01805,40.67478],[-74.01802,40.67502],[-74.01793,40.67508],[-74.01799,40.67513],[-74.01784,40.67527],[-74.01815,40.67548],[-74.0182,40.67545],[-74.0183,40.67547],[-74.01841,40.67537],[-74.01832,40.67531],[-74.01826,40.67536],[-74.01817,40.6753],[-74.01839,40.67511],[-74.01848,40.67516],[-74.01842,40.67522],[-74.01852,40.67528],[-74.01877,40.67506],[-74.01883,40.67505],[-74.01889,40.6751],[-74.01889,40.67513],[-74.01841,40.67553],[-74.01848,40.67561],[-74.01854,40.67578],[-74.01851,40.67585],[-74.01842,40.67588],[-74.01802,40.67589],[-74.01789,40.67616],[-74.01788,40.67638],[-74.01792,40.67652],[-74.01797,40.67652],[-74.01798,40.67658],[-74.01911,40.67655],[-74.01912,40.67662],[-74.01977,40.67662],[-74.01995,40.67711],[-74.01908,40.67715],[-74.01914,40.67773],[-74.01922,40.67779],[-74.01918,40.67784],[-74.01908,40.67784],[-74.01904,40.67788],[-74.01843,40.67792],[-74.01841,40.67842],[-74.0186,40.67841],[-74.01863,40.67838],[-74.01866,40.6784],[-74.01896,40.67839],[-74.01898,40.67836],[-74.01902,40.67839],[-74.01947,40.67837],[-74.01954,40.67831],[-74.01966,40.67839],[-74.01955,40.67849],[-74.01943,40.67841],[-74.01928,40.67841],[-74.01925,40.67844],[-74.01921,40.67842],[-74.01907,40.67842],[-74.01903,40.67845],[-74.019,40.67843],[-74.01885,40.67843],[-74.01882,40.67846],[-74.01863,40.67844],[-74.0186,40.67847],[-74.01841,40.67845],[-74.01842,40.67856],[-74.01827,40.67856],[-74.01828,40.67874],[-74.01838,40.67875],[-74.01858,40.67899],[-74.01946,40.67894],[-74.01954,40.67898],[-74.01955,40.67904],[-74.01928,40.67966],[-74.01893,40.67985],[-74.01899,40.67991],[-74.01773,40.68067],[-74.01765,40.68061],[-74.01757,40.68066],[-74.01747,40.68062],[-74.0152,40.68199],[-74.01532,40.68212],[-74.01282,40.68363],[-74.01263,40.68348],[-74.01212,40.68297],[-74.01214,40.68291],[-74.01411,40.68172],[-74.01361,40.68123],[-74.01388,40.68102],[-74.01302,40.68042],[-74.00967,40.68328],[-74.01077,40.68437],[-74.01178,40.68377],[-74.01193,40.6839],[-74.00798,40.68628],[-74.00777,40.68626],[-74.00702,40.68653],[-74.00644,40.6863],[-74.00588,40.6862],[-74.00563,40.68679],[-74.00501,40.68761],[-74.00459,40.68822],[-74.00382,40.68894],[-74.00341,40.68962],[-74.00298,40.69043],[-74.00196,40.69014],[-74.00185,40.6904],[-74.00096,40.69014],[-74.0007,40.69062],[-74.00133,40.69147],[-74.00197,40.69185],[-74.00175,40.69242],[-74.00127,40.6933],[-74.00096,40.69408],[-74.00027,40.69497],[-73.99941,40.69637],[-73.99953,40.69658],[-73.99948,40.69671],[-73.99918,40.69689],[-73.999,40.69682],[-73.99894,40.69695],[-73.99887,40.69693],[-73.99877,40.69713],[-73.99887,40.69717],[-73.99802,40.69877],[-73.9975,40.69965],[-73.99737,40.69964],[-73.99716,40.6998],[-73.99718,40.70011],[-73.99725,40.70015],[-73.99505,40.70314],[-73.9948,40.7033],[-73.99466,40.70344],[-73.995,40.70366],[-73.99472,40.704],[-73.99479,40.70408],[-73.9947,40.70417],[-73.99478,40.70425],[-73.99457,40.70438],[-73.99386,40.70456],[-73.99381,40.70455],[-73.99378,40.70446],[-73.99359,40.70452],[-73.99363,40.7046],[-73.99351,40.70463],[-73.99269,40.70464],[-73.99251,40.7047],[-73.99213,40.7047],[-73.99212,40.7044],[-73.99186,40.70409],[-73.99142,40.70401],[-73.99095,40.70404],[-73.99072,40.70436],[-73.99055,40.70442],[-73.99023,40.70494],[-73.99009,40.70495],[-73.9895,40.70482],[-73.98935,40.70474],[-73.98899,40.7047],[-73.9887,40.70457],[-73.9883,40.70455],[-73.98829,40.70508],[-73.98796,40.70514],[-73.98727,40.70518],[-73.98687,40.70517],[-73.98674,40.70512],[-73.98662,40.70499],[-73.98653,40.70499],[-73.98643,40.70508],[-73.98644,40.70536],[-73.98474,40.70555],[-73.98344,40.70565],[-73.98341,40.70547],[-73.98337,40.70547],[-73.98309,40.70549],[-73.98309,40.70552],[-73.98274,40.70558],[-73.98275,40.70554],[-73.98246,40.70552],[-73.98246,40.70555],[-73.98233,40.70556],[-73.98093,40.70538],[-73.98091,40.70592],[-73.98074,40.70586],[-73.98022,40.70586],[-73.98024,40.70577],[-73.97956,40.70575],[-73.97956,40.70578],[-73.97933,40.70577],[-73.97928,40.7058],[-73.97927,40.70593],[-73.97922,40.70591],[-73.97918,40.70597],[-73.97905,40.70598],[-73.97893,40.70593],[-73.97906,40.70595],[-73.97924,40.70556],[-73.97896,40.70551],[-73.97887,40.70588],[-73.97882,40.70587],[-73.97893,40.7055],[-73.97874,40.70547],[-73.97864,40.70584],[-73.9786,40.70583],[-73.97869,40.70546],[-73.97865,40.7056],[-73.97847,40.70557],[-73.97843,40.70569],[-73.97846,40.70569],[-73.97845,40.70572],[-73.97842,40.70572],[-73.97839,40.70584],[-73.97842,40.70585],[-73.97841,40.70588],[-73.97838,40.70587],[-73.97839,40.70598],[-73.97885,40.70607],[-73.97835,40.70601],[-73.97838,40.70598],[-73.97835,40.70583],[-73.97838,40.70584],[-73.97839,40.70568],[-73.97842,40.70568],[-73.97846,40.70557],[-73.97843,40.70557],[-73.97859,40.70499],[-73.97853,40.70488],[-73.97844,40.70488],[-73.97816,40.70454],[-73.97818,40.70448],[-73.97802,40.7043],[-73.97736,40.70419],[-73.97734,40.70424],[-73.97721,40.70422],[-73.97751,40.70321],[-73.97736,40.70315],[-73.9773,40.7032],[-73.97714,40.70301],[-73.97624,40.70478],[-73.97596,40.70472],[-73.97693,40.70281],[-73.97664,40.70251],[-73.97616,40.70218],[-73.97554,40.70305],[-73.97533,40.70296],[-73.97601,40.70195],[-73.9755,40.70177],[-73.9754,40.70192],[-73.97455,40.7016],[-73.9758,40.69976],[-73.97579,40.69966],[-73.97572,40.69958],[-73.97552,40.69953],[-73.97536,40.69959],[-73.97432,40.7012],[-73.97412,40.70131],[-73.97389,40.70109],[-73.97376,40.70109],[-73.97293,40.7003],[-73.97257,40.70009],[-73.97239,40.70017],[-73.97262,40.70047],[-73.97298,40.70081],[-73.97327,40.70106],[-73.97333,40.70106],[-73.97352,40.70123],[-73.97354,40.70134],[-73.97376,40.70154],[-73.97319,40.70168],[-73.97289,40.70143],[-73.97285,40.70144],[-73.97114,40.69993],[-73.97098,40.69986],[-73.97078,40.69999],[-73.97081,40.70011],[-73.97254,40.70164],[-73.97251,40.70167],[-73.97333,40.70242],[-73.97284,40.70274],[-73.96983,40.70025],[-73.96949,40.70053],[-73.97284,40.70335],[-73.97267,40.70351],[-73.96925,40.70137],[-73.96894,40.70162],[-73.96899,40.70176],[-73.97231,40.70385],[-73.97216,40.70398],[-73.97146,40.70352],[-73.9711,40.70347],[-73.97093,40.70363],[-73.97102,40.70382],[-73.97466,40.70608],[-73.97439,40.70633],[-73.97339,40.70574],[-73.97255,40.70621],[-73.9733,40.70671],[-73.97463,40.70769],[-73.97424,40.70803],[-73.97311,40.70714],[-73.97123,40.7058],[-73.9711,40.70586],[-73.97101,40.70684],[-73.97106,40.70695],[-73.97276,40.70884],[-73.97232,40.70909],[-73.97067,40.70727],[-73.97054,40.70732],[-73.97026,40.7069],[-73.97049,40.70541],[-73.97017,40.70537],[-73.97018,40.70494],[-73.96762,40.70336],[-73.96752,40.70345],[-73.96748,40.70396],[-73.9693,40.7051],[-73.96924,40.706],[-73.96929,40.7071],[-73.96985,40.70801],[-73.96994,40.70931],[-73.96962,40.71016],[-73.96961,40.71028],[-73.96969,40.71033],[-73.97002,40.7104],[-73.97007,40.71046],[-73.96999,40.71053],[-73.96966,40.71051],[-73.96963,40.71067],[-73.96978,40.71069],[-73.96977,40.7108],[-73.96969,40.71086],[-73.96942,40.71095],[-73.96938,40.71103],[-73.96991,40.71128],[-73.96931,40.71112],[-73.96924,40.71125],[-73.96929,40.71128],[-73.96923,40.71144],[-73.96915,40.71147],[-73.96887,40.71224],[-73.96882,40.71226],[-73.96887,40.71228],[-73.96884,40.7124],[-73.96894,40.71243],[-73.96887,40.71259],[-73.96879,40.71276],[-73.96872,40.71275],[-73.96867,40.71287],[-73.9685,40.71282],[-73.96844,40.71295],[-73.96856,40.713],[-73.96851,40.71311],[-73.96885,40.71322],[-73.96801,40.71513],[-73.96737,40.71649],[-73.96724,40.7166],[-73.96726,40.71668],[-73.96711,40.71692],[-73.96725,40.71699],[-73.96655,40.71805],[-73.96653,40.71804],[-73.96631,40.71832],[-73.9662,40.71826],[-73.96553,40.71893],[-73.96512,40.71924],[-73.96528,40.71937],[-73.9654,40.71959],[-73.96541,40.71971],[-73.96537,40.71991],[-73.96528,40.72013],[-73.96518,40.72026],[-73.96503,40.72039],[-73.96448,40.72004],[-73.96434,40.72022],[-73.96445,40.72029],[-73.96434,40.72039],[-73.9644,40.72045],[-73.96407,40.72081],[-73.964,40.72095],[-73.96354,40.72158],[-73.96344,40.72157],[-73.96297,40.72204],[-73.96276,40.72241],[-73.96224,40.72358],[-73.96201,40.724],[-73.9619,40.72411],[-73.96166,40.72487],[-73.96212,40.72516],[-73.9619,40.72533],[-73.96154,40.72512],[-73.96117,40.72527],[-73.96043,40.72512],[-73.96037,40.72506],[-73.95833,40.72442],[-73.95804,40.72444],[-73.95794,40.72466],[-73.95795,40.72504],[-73.95835,40.72521],[-73.95843,40.72541],[-73.96013,40.72533],[-73.96029,40.72596],[-73.96106,40.72585],[-73.96162,40.72587],[-73.96165,40.72621],[-73.96162,40.72667],[-73.9615,40.72676],[-73.96142,40.72736],[-73.96114,40.72811],[-73.96102,40.72871],[-73.96143,40.73095],[-73.96176,40.73167],[-73.96226,40.73292],[-73.96234,40.7334],[-73.96231,40.73354],[-73.96233,40.73376],[-73.96229,40.73406],[-73.96209,40.73452],[-73.96191,40.73476],[-73.96176,40.7349],[-73.96158,40.73519],[-73.95983,40.73707],[-73.95838,40.73811],[-73.95772,40.7385],[-73.95693,40.7389],[-73.95476,40.73913],[-73.9544,40.73912]]],[[[-73.85722,40.65029],[-73.86001,40.65398],[-73.86099,40.65522],[-73.86076,40.65522],[-73.86046,40.65508],[-73.85979,40.65448],[-73.85976,40.65411],[-73.85941,40.65387],[-73.85945,40.65365],[-73.85934,40.65357],[-73.85925,40.65326],[-73.85905,40.65312],[-73.85901,40.65301],[-73.85898,40.65268],[-73.85855,40.65237],[-73.85784,40.65157],[-73.85732,40.65125],[-73.8573,40.65107],[-73.85696,40.6506],[-73.85715,40.6505],[-73.8572,40.65043],[-73.85722,40.65029]]],[[[-74.01093,40.6845],[-74.01193,40.6839],[-74.01218,40.6841],[-74.00836,40.68641],[-74.00817,40.68618],[-74.01093,40.6845]]],[[[-74.00501,40.68761],[-74.00563,40.68679],[-74.00783,40.68739],[-74.00742,40.68821],[-74.00501,40.68761]]],[[[-74.00382,40.68894],[-74.00459,40.68822],[-74.00679,40.68884],[-74.00637,40.68968],[-74.00382,40.68894]]],[[[-74.00298,40.69043],[-74.00341,40.68962],[-74.00576,40.69024],[-74.00534,40.6911],[-74.00298,40.69043]]],[[[-74.00199,40.69234],[-74.0018,40.69228],[-74.00181,40.69225],[-74.00201,40.69231],[-74.00205,40.69221],[-74.00216,40.69225],[-74.00206,40.69245],[-74.00195,40.69242],[-74.00199,40.69234]]],[[[-74.00133,40.69147],[-74.0007,40.69062],[-74.0048,40.69177],[-74.00441,40.69254],[-74.00197,40.69185],[-74.00133,40.69147]]],[[[-74.00154,40.69279],[-74.00175,40.69242],[-74.00401,40.69322],[-74.00345,40.69406],[-74.00127,40.6933],[-74.00154,40.69279]]],[[[-74.00078,40.69429],[-74.00096,40.69408],[-74.00302,40.69479],[-74.0024,40.69572],[-74.00027,40.69497],[-74.00078,40.69429]]],[[[-73.99838,40.69807],[-73.99887,40.69717],[-74.00105,40.69792],[-74.00049,40.69877],[-73.99838,40.69807]]],[[[-73.998,40.69881],[-73.99802,40.69877],[-74.00002,40.69947],[-73.99948,40.70033],[-73.9975,40.69965],[-73.998,40.69881]]],[[[-73.99629,40.70143],[-73.9967,40.70089],[-73.99682,40.701],[-73.99753,40.70124],[-73.99776,40.70137],[-73.9978,40.70133],[-73.99814,40.70153],[-73.99619,40.70339],[-73.99514,40.70298],[-73.99629,40.70143]]],[[[-73.99502,40.70316],[-73.99505,40.70314],[-73.99545,40.70328],[-73.99529,40.70356],[-73.9948,40.7033],[-73.99502,40.70316]]],[[[-73.99477,40.70396],[-73.99488,40.7038],[-73.99493,40.70378],[-73.99503,40.70382],[-73.99488,40.70402],[-73.99477,40.70396]]],[[[-73.98237,40.70555],[-73.98246,40.70555],[-73.98242,40.70583],[-73.98103,40.70591],[-73.98102,40.70581],[-73.9823,40.70575],[-73.98233,40.70556],[-73.98237,40.70555]]],[[[-73.96715,40.71832],[-73.96656,40.71802],[-73.9666,40.71798],[-73.96718,40.71828],[-73.96731,40.71832],[-73.96718,40.71849],[-73.96707,40.71845],[-73.96715,40.71832]]],[[[-73.96644,40.71925],[-73.9665,40.7192],[-73.96637,40.71911],[-73.96632,40.71911],[-73.96637,40.71906],[-73.96574,40.71872],[-73.96576,40.7187],[-73.96635,40.71902],[-73.96638,40.71899],[-73.96664,40.71914],[-73.96655,40.71923],[-73.96652,40.71921],[-73.96647,40.71925],[-73.96648,40.71937],[-73.96654,40.7194],[-73.96652,40.71944],[-73.96644,40.71943],[-73.96647,40.71937],[-73.96644,40.71925]]],[[[-73.96503,40.72039],[-73.96512,40.72032],[-73.96568,40.72069],[-73.9656,40.72075],[-73.96503,40.72039]]],[[[-73.96484,40.7208],[-73.96436,40.72049],[-73.9644,40.72045],[-73.96487,40.72078],[-73.96493,40.72073],[-73.96503,40.7208],[-73.96485,40.72096],[-73.96475,40.72089],[-73.96484,40.7208]]],[[[-73.96403,40.72089],[-73.96407,40.72081],[-73.96438,40.721],[-73.96431,40.72106],[-73.96403,40.72089]]],[[[-73.96424,40.72062],[-73.96428,40.72058],[-73.96495,40.72143],[-73.96484,40.72147],[-73.9642,40.72066],[-73.96424,40.72062]]],[[[-73.96237,40.72422],[-73.96201,40.724],[-73.96207,40.72389],[-73.96247,40.72414],[-73.96244,40.72421],[-73.96237,40.72422]]],[[[-73.96129,40.73017],[-73.96128,40.73007],[-73.96141,40.73007],[-73.9614,40.73012],[-73.96169,40.73009],[-73.96191,40.72997],[-73.96189,40.72996],[-73.96196,40.72987],[-73.96203,40.72989],[-73.96198,40.72995],[-73.96222,40.72993],[-73.96242,40.72981],[-73.96249,40.72972],[-73.96255,40.72975],[-73.96248,40.72985],[-73.96227,40.72994],[-73.96225,40.72999],[-73.9622,40.72998],[-73.9622,40.72996],[-73.96195,40.73],[-73.96171,40.73013],[-73.96129,40.73017]]],[[[-73.96197,40.73159],[-73.96197,40.73156],[-73.96171,40.73157],[-73.96168,40.73149],[-73.96199,40.73147],[-73.962,40.7315],[-73.9632,40.73143],[-73.9632,40.73136],[-73.96356,40.73134],[-73.96355,40.73127],[-73.96366,40.73126],[-73.9637,40.73144],[-73.96359,40.73147],[-73.96357,40.73138],[-73.96328,40.7314],[-73.96329,40.7315],[-73.96197,40.73159]]]]}},{"type":"Feature","properties":{"borough":"Queens","boro_code":4},"geometry":{"type":"MultiPolygon","coordinates":[[[[-73.83446,40.6072],[-73.83574,40.6058],[-73.83533,40.60686],[-73.83517,40.60701],[-73.8349,40.60715],[-73.83475,40.60727],[-73.8347,40.60735],[-73.83473,40.60743],[-73.83469,40.60754],[-73.83438,40.60786],[-73.83446,40.6072]]],[[[-73.8337,40.62099],[-73.83402,40.61439],[-73.83407,40.61436],[-73.83434,40.61437],[-73.83496,40.61448],[-73.83542,40.61462],[-73.83548,40.6147],[-73.83543,40.61478],[-73.83552,40.61496],[-73.83566,40.61511],[-73.83586,40.61522],[-73.8361,40.61524],[-73.83622,40.61519],[-73.83615,40.61513],[-73.83635,40.61513],[-73.83626,40.61519],[-73.83629,40.61524],[-73.83651,40.6153],[-73.83659,40.61528],[-73.83659,40.61519],[-73.83664,40.61515],[-73.83674,40.61518],[-73.83689,40.6153],[-73.83725,40.61536],[-73.83728,40.61534],[-73.83739,40.61542],[-73.83777,40.61553],[-73.83779,40.61561],[-73.83771,40.61571],[-73.83725,40.6158],[-73.83691,40.61616],[-73.83656,40.61612],[-73.83644,40.61618],[-73.83575,40.61673],[-73.83528,40.61726],[-73.83507,40.61756],[-73.83496,40.61779],[-73.83494,40.61789],[-73.83497,40.61797],[-73.83511,40.61798],[-73.83517,40.61805],[-73.83513,40.61809],[-73.83506,40.61809],[-73.83502,40.61814],[-73.83497,40.61832],[-73.83496,40.61854],[-73.83498,40.6186],[-73.83512,40.61874],[-73.83536,40.61872],[-73.83534,40.6188],[-73.83544,40.6189],[-73.83549,40.61901],[-73.83552,40.61939],[-73.83575,40.61958],[-73.83571,40.61974],[-73.83556,40.61986],[-73.83551,40.61997],[-73.83532,40.61995],[-73.83523,40.61997],[-73.83515,40.61991],[-73.83501,40.61989],[-73.83496,40.61985],[-73.83497,40.61975],[-73.83514,40.61959],[-73.83513,40.61952],[-73.83507,40.61951],[-73.83494,40.61961],[-73.83489,40.61962],[-73.83488,40.61975],[-73.83478,40.61984],[-73.8348,40.61993],[-73.83521,40.62014],[-73.83531,40.62015],[-73.83506,40.6203],[-73.83494,40.62048],[-73.83491,40.62048],[-73.83483,40.62042],[-73.83455,40.62038],[-73.83468,40.62037],[-73.83473,40.62028],[-73.83472,40.62023],[-73.83466,40.62015],[-73.83438,40.61996],[-73.83439,40.61986],[-73.83427,40.61986],[-73.83412,40.6198],[-73.8339,40.61964],[-73.8338,40.61965],[-73.83378,40.61973],[-73.83411,40.61986],[-73.83407,40.62003],[-73.83412,40.62],[-73.83414,40.61991],[-73.83423,40.6199],[-73.83425,40.61998],[-73.83443,40.62007],[-73.83447,40.62013],[-73.83444,40.6202],[-73.83423,40.62026],[-73.8342,40.62033],[-73.83421,40.62042],[-73.83432,40.62052],[-73.83428,40.62066],[-73.83419,40.62072],[-73.83397,40.62076],[-73.83382,40.62082],[-73.83376,40.62087],[-73.8337,40.62099]]],[[[-73.83478,40.62263],[-73.83466,40.62263],[-73.83447,40.6225],[-73.83426,40.62253],[-73.83422,40.62248],[-73.83421,40.62239],[-73.83414,40.62236],[-73.83396,40.62238],[-73.83391,40.62246],[-73.83384,40.6225],[-73.83381,40.62258],[-73.83372,40.62262],[-73.83362,40.62261],[-73.83368,40.62139],[-73.83379,40.62131],[-73.83388,40.6213],[-73.83385,40.62123],[-73.83395,40.62116],[-73.83401,40.62104],[-73.83412,40.62099],[-73.8343,40.62098],[-73.83455,40.62102],[-73.83499,40.62102],[-73.83484,40.62108],[-73.83475,40.62127],[-73.83488,40.6214],[-73.83486,40.62153],[-73.83475,40.6216],[-73.8348,40.62175],[-73.83467,40.62191],[-73.83465,40.62201],[-73.83476,40.62216],[-73.83476,40.62222],[-73.83488,40.62231],[-73.83485,40.62243],[-73.83497,40.62254],[-73.83498,40.62264],[-73.83502,40.62269],[-73.83478,40.62263]]],[[[-73.83359,40.6236],[-73.83371,40.6237],[-73.83364,40.62375],[-73.83361,40.62382],[-73.83365,40.62392],[-73.83364,40.62396],[-73.83356,40.62394],[-73.83359,40.6236]]],[[[-73.82645,40.59054],[-73.8264,40.59043],[-73.82643,40.59032],[-73.8269,40.58994],[-73.82738,40.58977],[-73.82732,40.5899],[-73.82734,40.58995],[-73.82741,40.58997],[-73.82754,40.58995],[-73.82762,40.59],[-73.82764,40.59024],[-73.82757,40.59051],[-73.82769,40.59058],[-73.82754,40.59055],[-73.82741,40.59068],[-73.82713,40.59087],[-73.82706,40.59099],[-73.82708,40.59116],[-73.8273,40.59135],[-73.82732,40.59142],[-73.82729,40.59149],[-73.82598,40.59198],[-73.82571,40.59203],[-73.82548,40.59198],[-73.82549,40.59186],[-73.82562,40.59172],[-73.82608,40.59158],[-73.82633,40.59147],[-73.82644,40.59126],[-73.82649,40.59104],[-73.8265,40.59096],[-73.82646,40.59089],[-73.82648,40.59072],[-73.82645,40.59054]]],[[[-73.83193,40.59346],[-73.83117,40.5915],[-73.83358,40.58904],[-73.83392,40.58909],[-73.83397,40.58914],[-73.83407,40.58915],[-73.83426,40.58914],[-73.83447,40.58917],[-73.83459,40.58913],[-73.83484,40.58922],[-73.83499,40.58932],[-73.8351,40.58932],[-73.8351,40.58936],[-73.83519,40.58939],[-73.83547,40.58936],[-73.83569,40.5894],[-73.83584,40.58936],[-73.83605,40.58941],[-73.83619,40.58942],[-73.83634,40.5895],[-73.83647,40.58947],[-73.8367,40.58958],[-73.83688,40.58953],[-73.83693,40.58958],[-73.83692,40.58968],[-73.837,40.58971],[-73.83708,40.5898],[-73.83763,40.59004],[-73.83763,40.59009],[-73.83768,40.59016],[-73.83792,40.59021],[-73.83807,40.59031],[-73.83814,40.5905],[-73.83815,40.59074],[-73.8388,40.59121],[-73.83883,40.59119],[-73.83882,40.59113],[-73.83876,40.591],[-73.8384,40.5904],[-73.83862,40.59049],[-73.8388,40.59064],[-73.83885,40.59065],[-73.83892,40.59062],[-73.83909,40.59071],[-73.83966,40.5911],[-73.83977,40.59121],[-73.84018,40.59132],[-73.84063,40.59154],[-73.84049,40.59124],[-73.84051,40.59121],[-73.84101,40.59156],[-73.84137,40.59185],[-73.8418,40.59202],[-73.84176,40.59211],[-73.84215,40.59232],[-73.84238,40.59249],[-73.84244,40.59272],[-73.84244,40.59288],[-73.84257,40.59287],[-73.84265,40.59296],[-73.84273,40.59308],[-73.84279,40.59334],[-73.84313,40.59338],[-73.8432,40.59347],[-73.84337,40.59348],[-73.8435,40.59509],[-73.84057,40.59731],[-73.83746,40.59687],[-73.83659,40.59582],[-73.83628,40.59561],[-73.83599,40.59525],[-73.8357,40.59482],[-73.83493,40.59432],[-73.83476,40.59412],[-73.83476,40.59395],[-73.8344,40.59376],[-73.834,40.59363],[-73.83193,40.59346]]],[[[-73.80997,40.60008],[-73.81,40.60004],[-73.81015,40.60006],[-73.81015,40.60002],[-73.80999,40.59989],[-73.80998,40.59984],[-73.81005,40.59983],[-73.81019,40.59987],[-73.81024,40.59978],[-73.81023,40.59967],[-73.8103,40.5997],[-73.81026,40.59937],[-73.81033,40.59933],[-73.81036,40.59927],[-73.81029,40.599],[-73.81039,40.59893],[-73.81041,40.59885],[-73.81049,40.59879],[-73.81079,40.59868],[-73.81096,40.59857],[-73.81122,40.59859],[-73.81132,40.59856],[-73.81139,40.59851],[-73.81153,40.59834],[-73.81151,40.59822],[-73.81158,40.59815],[-73.81179,40.59833],[-73.81222,40.59856],[-73.81223,40.59866],[-73.8124,40.5989],[-73.81273,40.59926],[-73.81306,40.59951],[-73.81307,40.5996],[-73.8133,40.59994],[-73.81358,40.60025],[-73.8136,40.60037],[-73.81374,40.60043],[-73.81378,40.60052],[-73.81421,40.60099],[-73.8143,40.60112],[-73.81461,40.60131],[-73.8149,40.60198],[-73.81502,40.60206],[-73.81498,40.60218],[-73.81502,40.60265],[-73.81497,40.60293],[-73.81492,40.60303],[-73.81495,40.60354],[-73.8148,40.60409],[-73.81471,40.60414],[-73.81444,40.60417],[-73.81441,40.60433],[-73.81429,40.60446],[-73.81321,40.60436],[-73.81308,40.60428],[-73.8129,40.60407],[-73.81267,40.6039],[-73.81239,40.60379],[-73.8117,40.60362],[-73.81142,40.60346],[-73.81086,40.60323],[-73.81052,40.60304],[-73.81033,40.60288],[-73.81017,40.60281],[-73.81004,40.60266],[-73.81008,40.60254],[-73.81008,40.60222],[-73.80991,40.60206],[-73.80986,40.6019],[-73.81004,40.60162],[-73.81003,40.60147],[-73.80991,40.60133],[-73.81004,40.6011],[-73.81004,40.60096],[-73.80986,40.60049],[-73.80985,40.60037],[-73.80988,40.60031],[-73.80999,40.60024],[-73.81002,40.60012],[-73.80997,40.60008]]],[[[-73.80032,40.60707],[-73.80009,40.60707],[-73.79999,40.60698],[-73.79995,40.60701],[-73.79985,40.607],[-73.79975,40.60689],[-73.79972,40.60693],[-73.79922,40.60683],[-73.79852,40.60683],[-73.79848,40.60679],[-73.79833,40.60678],[-73.79837,40.60671],[-73.79836,40.60667],[-73.79818,40.60675],[-73.79807,40.60672],[-73.79793,40.60659],[-73.79802,40.6065],[-73.79805,40.60635],[-73.79811,40.60628],[-73.79841,40.60602],[-73.79838,40.60579],[-73.79824,40.60553],[-73.79827,40.6055],[-73.79868,40.60571],[-73.79907,40.60561],[-73.7992,40.60546],[-73.79928,40.60541],[-73.7995,40.6054],[-73.79958,40.60532],[-73.79987,40.60532],[-73.79997,40.60537],[-73.80005,40.60547],[-73.80011,40.60533],[-73.79998,40.60532],[-73.79983,40.60526],[-73.79953,40.60525],[-73.79945,40.60534],[-73.79933,40.60534],[-73.79914,40.6054],[-73.79905,40.60553],[-73.79897,40.60559],[-73.79871,40.60563],[-73.79828,40.60544],[-73.79805,40.60541],[-73.79784,40.60526],[-73.79781,40.60517],[-73.79788,40.60494],[-73.79804,40.60485],[-73.79822,40.60485],[-73.79829,40.6049],[-73.79836,40.60486],[-73.79863,40.60481],[-73.79869,40.60486],[-73.79866,40.60488],[-73.7987,40.60494],[-73.79868,40.60501],[-73.79874,40.605],[-73.79877,40.60502],[-73.79883,40.605],[-73.79876,40.60492],[-73.7988,40.60487],[-73.79912,40.60482],[-73.79916,40.60489],[-73.79931,40.60482],[-73.79932,40.60477],[-73.79994,40.60462],[-73.80006,40.60463],[-73.80015,40.60476],[-73.80014,40.6048],[-73.80021,40.60484],[-73.80033,40.60486],[-73.80041,40.60478],[-73.80049,40.60477],[-73.8004,40.60476],[-73.80029,40.60482],[-73.80024,40.60481],[-73.80018,40.60476],[-73.80015,40.60461],[-73.80005,40.60457],[-73.79967,40.60459],[-73.79938,40.60467],[-73.79887,40.60476],[-73.79865,40.60469],[-73.79836,40.6047],[-73.7982,40.60475],[-73.7981,40.60471],[-73.7979,40.60473],[-73.79781,40.6048],[-73.79764,40.60516],[-73.79766,40.60532],[-73.79775,40.6054],[-73.79806,40.60556],[-73.79815,40.60564],[-73.79815,40.60567],[-73.79803,40.60565],[-73.79802,40.60567],[-73.79818,40.60577],[-73.79822,40.60594],[-73.79791,40.60617],[-73.7978,40.60632],[-73.79766,40.60637],[-73.79751,40.6063],[-73.7973,40.60614],[-73.79726,40.60607],[-73.7972,40.60608],[-73.79695,40.60597],[-73.7968,40.60595],[-73.79673,40.60591],[-73.79659,40.60594],[-73.79635,40.6058],[-73.79632,40.60564],[-73.7964,40.60549],[-73.79647,40.6052],[-73.79649,40.60516],[-73.79655,40.60515],[-73.79663,40.60522],[-73.7967,40.60511],[-73.79648,40.60492],[-73.79634,40.60486],[-73.79636,40.60476],[-73.79621,40.6048],[-73.79612,40.6047],[-73.79617,40.60464],[-73.79625,40.60469],[-73.79631,40.60467],[-73.79631,40.60472],[-73.79641,40.60473],[-73.79649,40.60467],[-73.79654,40.60458],[-73.79665,40.60455],[-73.79664,40.60451],[-73.79668,40.60449],[-73.79657,40.60448],[-73.79658,40.60444],[-73.79673,40.60443],[-73.79678,40.60439],[-73.7968,40.60445],[-73.79676,40.60448],[-73.7968,40.60451],[-73.79695,40.60438],[-73.79694,40.6043],[-73.79706,40.60431],[-73.79708,40.6042],[-73.79713,40.60419],[-73.79724,40.60424],[-73.79726,40.60422],[-73.79724,40.60413],[-73.79732,40.60407],[-73.79751,40.60411],[-73.79757,40.60416],[-73.79768,40.60413],[-73.79778,40.60419],[-73.79801,40.60422],[-73.79818,40.60415],[-73.79834,40.60417],[-73.79852,40.60415],[-73.79867,40.60421],[-73.79882,40.60421],[-73.79891,40.6042],[-73.7989,40.60412],[-73.79897,40.60411],[-73.79917,40.60428],[-73.79929,40.60425],[-73.7995,40.60434],[-73.79972,40.60435],[-73.8002,40.60423],[-73.80027,40.60433],[-73.80038,40.60438],[-73.80054,40.60437],[-73.80062,40.60424],[-73.80069,40.60427],[-73.8007,40.60435],[-73.80075,40.60436],[-73.80076,40.60424],[-73.80079,40.60422],[-73.80097,40.60425],[-73.80096,40.60436],[-73.80107,40.60439],[-73.8011,40.6043],[-73.8012,40.60428],[-73.80123,40.60431],[-73.80129,40.60422],[-73.80139,40.60424],[-73.8016,40.6042],[-73.8016,40.60413],[-73.80172,40.60412],[-73.80174,40.60424],[-73.80178,40.60428],[-73.80193,40.60419],[-73.802,40.60418],[-73.80225,40.60424],[-73.80227,40.60438],[-73.80231,40.60442],[-73.80236,40.60428],[-73.80243,40.60423],[-73.80253,40.60429],[-73.80254,40.60434],[-73.80266,40.60438],[-73.80273,40.60452],[-73.80282,40.60445],[-73.80317,40.60449],[-73.80319,40.60457],[-73.80322,40.60457],[-73.80326,40.60446],[-73.80338,40.60438],[-73.80338,40.60431],[-73.80359,40.60429],[-73.80373,40.60431],[-73.80381,40.60437],[-73.8037,40.60463],[-73.80363,40.60463],[-73.80358,40.60469],[-73.80353,40.60467],[-73.80346,40.60472],[-73.80343,40.6047],[-73.80343,40.60466],[-73.8034,40.60465],[-73.80338,40.60471],[-73.80344,40.60484],[-73.80367,40.60496],[-73.80377,40.60516],[-73.80379,40.6052],[-73.80365,40.60538],[-73.80367,40.60545],[-73.80394,40.6056],[-73.80394,40.60565],[-73.80384,40.60568],[-73.8036,40.60584],[-73.80339,40.60588],[-73.80333,40.60602],[-73.80334,40.60615],[-73.80314,40.60638],[-73.80256,40.6065],[-73.80182,40.60643],[-73.80173,40.60646],[-73.80147,40.60676],[-73.80087,40.60708],[-73.80077,40.60708],[-73.80069,40.60704],[-73.8007,40.60698],[-73.80058,40.60692],[-73.80058,40.60685],[-73.80066,40.60679],[-73.80097,40.60672],[-73.801,40.6066],[-73.80097,40.60653],[-73.8008,40.6065],[-73.80069,40.60645],[-73.80065,40.60634],[-73.8007,40.60633],[-73.80078,40.60642],[-73.80104,40.60649],[-73.80108,40.60647],[-73.80108,40.60642],[-73.80096,40.60635],[-73.80094,40.60631],[-73.80092,40.60633],[-73.80093,40.60639],[-73.80087,40.6064],[-73.80077,40.60626],[-73.8007,40.60624],[-73.80061,40.60634],[-73.80049,40.60635],[-73.80047,40.60631],[-73.80034,40.60629],[-73.80029,40.60631],[-73.8003,40.60635],[-73.80038,40.60633],[-73.80086,40.60664],[-73.80058,40.6067],[-73.80048,40.6068],[-73.80044,40.60686],[-73.80053,40.6071],[-73.80032,40.60707]]],[[[-73.79666,40.60897],[-73.79631,40.60874],[-73.79601,40.60823],[-73.7961,40.60813],[-73.79625,40.60813],[-73.79648,40.60801],[-73.79653,40.6079],[-73.79642,40.60786],[-73.79632,40.6079],[-73.79628,40.60786],[-73.79626,40.60763],[-73.7963,40.60751],[-73.79648,40.6074],[-73.79655,40.6073],[-73.7965,40.60724],[-73.79638,40.60724],[-73.79611,40.60742],[-73.79606,40.60749],[-73.79606,40.60759],[-73.79612,40.6078],[-73.79608,40.60789],[-73.79601,40.60789],[-73.79591,40.60798],[-73.79582,40.60814],[-73.79572,40.60793],[-73.7957,40.60775],[-73.79557,40.60754],[-73.79552,40.60736],[-73.79551,40.60713],[-73.79547,40.60696],[-73.79549,40.6069],[-73.79541,40.60682],[-73.7954,40.60677],[-73.79544,40.60673],[-73.79534,40.60659],[-73.79529,40.60642],[-73.79528,40.60582],[-73.7953,40.60564],[-73.79558,40.60532],[-73.79573,40.60524],[-73.79603,40.60531],[-73.79603,40.60541],[-73.79571,40.60573],[-73.79561,40.6059],[-73.79563,40.60603],[-73.79559,40.60622],[-73.79561,40.60637],[-73.7957,40.60647],[-73.79587,40.60649],[-73.79613,40.60628],[-73.79626,40.60622],[-73.79641,40.6062],[-73.79675,40.60623],[-73.79702,40.60633],[-73.79749,40.60669],[-73.79763,40.60669],[-73.7979,40.60688],[-73.79815,40.60686],[-73.79834,40.6069],[-73.79839,40.60689],[-73.79849,40.60694],[-73.79867,40.60694],[-73.79891,40.60694],[-73.79902,40.60688],[-73.79908,40.60691],[-73.79948,40.60697],[-73.80004,40.60715],[-73.80025,40.60715],[-73.80053,40.60723],[-73.80093,40.60723],[-73.80107,40.60719],[-73.80129,40.60702],[-73.80158,40.60687],[-73.80161,40.60679],[-73.80167,40.60676],[-73.80172,40.60675],[-73.80163,40.60687],[-73.80165,40.6069],[-73.8018,40.60685],[-73.80184,40.60678],[-73.80182,40.6067],[-73.80193,40.60665],[-73.80211,40.60664],[-73.80249,40.60669],[-73.80276,40.60665],[-73.80282,40.6066],[-73.80327,40.60658],[-73.80334,40.60655],[-73.80349,40.60631],[-73.80362,40.60626],[-73.80378,40.60613],[-73.80388,40.60608],[-73.80387,40.60613],[-73.80402,40.60614],[-73.80395,40.60625],[-73.80387,40.60633],[-73.80384,40.60642],[-73.80387,40.60656],[-73.80371,40.60673],[-73.80361,40.60694],[-73.80337,40.60709],[-73.80319,40.60737],[-73.80309,40.60747],[-73.80278,40.60766],[-73.80274,40.60772],[-73.80254,40.60782],[-73.80182,40.60797],[-73.80169,40.60811],[-73.8014,40.60824],[-73.80163,40.60836],[-73.80132,40.60855],[-73.801,40.60868],[-73.80058,40.6087],[-73.8002,40.60879],[-73.79982,40.60881],[-73.7992,40.60892],[-73.79897,40.6089],[-73.79818,40.609],[-73.79708,40.60902],[-73.79666,40.60897]]],[[[-73.8273,40.60949],[-73.82716,40.60948],[-73.82713,40.60942],[-73.82704,40.60937],[-73.82685,40.60935],[-73.82669,40.6094],[-73.82641,40.60929],[-73.82635,40.6093],[-73.82613,40.60914],[-73.82602,40.60912],[-73.82599,40.60906],[-73.82588,40.60899],[-73.82589,40.60895],[-73.82581,40.60893],[-73.82583,40.60887],[-73.82577,40.60883],[-73.82581,40.60878],[-73.82577,40.60875],[-73.82581,40.60871],[-73.82577,40.60865],[-73.82582,40.6086],[-73.82581,40.60856],[-73.82584,40.60852],[-73.8259,40.60852],[-73.82588,40.60848],[-73.82592,40.60847],[-73.82592,40.6085],[-73.82596,40.60851],[-73.82597,40.60846],[-73.82603,40.60845],[-73.82598,40.6084],[-73.82602,40.60837],[-73.826,40.60832],[-73.82603,40.60833],[-73.82605,40.6083],[-73.82595,40.60825],[-73.82593,40.60819],[-73.82596,40.60816],[-73.82592,40.60814],[-73.82596,40.60812],[-73.82593,40.60811],[-73.82595,40.60807],[-73.82583,40.60804],[-73.8258,40.60796],[-73.82574,40.60794],[-73.82578,40.6079],[-73.82577,40.60786],[-73.82591,40.60782],[-73.82605,40.60783],[-73.82626,40.60803],[-73.82635,40.608],[-73.82645,40.60802],[-73.82649,40.60799],[-73.82666,40.60802],[-73.82668,40.608],[-73.82662,40.60796],[-73.82673,40.60794],[-73.82678,40.60797],[-73.82679,40.60792],[-73.82645,40.60789],[-73.82625,40.60783],[-73.82621,40.60785],[-73.82613,40.60779],[-73.82601,40.60775],[-73.82567,40.60779],[-73.82567,40.6077],[-73.82558,40.6076],[-73.8256,40.60748],[-73.82556,40.60744],[-73.82559,40.60741],[-73.82553,40.60737],[-73.82557,40.60733],[-73.82553,40.60727],[-73.82555,40.60722],[-73.82543,40.60686],[-73.82541,40.60671],[-73.82519,40.60631],[-73.82506,40.60592],[-73.82475,40.60551],[-73.82458,40.60513],[-73.82454,40.60509],[-73.82453,40.60504],[-73.82456,40.60502],[-73.82454,40.60496],[-73.82461,40.60474],[-73.82471,40.60474],[-73.82476,40.60478],[-73.82489,40.60479],[-73.82504,40.60485],[-73.82512,40.60481],[-73.82535,40.60489],[-73.82543,40.60488],[-73.82551,40.60496],[-73.8256,40.60494],[-73.82564,40.60497],[-73.82561,40.60501],[-73.8257,40.60501],[-73.82577,40.60504],[-73.8259,40.60502],[-73.82642,40.60512],[-73.8266,40.60507],[-73.82689,40.60508],[-73.82702,40.60512],[-73.82705,40.60509],[-73.82712,40.60513],[-73.82771,40.60525],[-73.8281,40.60537],[-73.82823,40.60547],[-73.82843,40.60556],[-73.82855,40.60556],[-73.82869,40.60562],[-73.82871,40.60559],[-73.82878,40.6056],[-73.82878,40.60569],[-73.82884,40.60569],[-73.82886,40.60575],[-73.82909,40.60583],[-73.82912,40.60606],[-73.82924,40.60623],[-73.8294,40.60659],[-73.82926,40.60707],[-73.82914,40.60717],[-73.82904,40.60736],[-73.829,40.60739],[-73.82897,40.60733],[-73.82885,40.60731],[-73.8287,40.6074],[-73.82829,40.60753],[-73.82824,40.6076],[-73.82815,40.60762],[-73.82814,40.60765],[-73.82777,40.60777],[-73.82759,40.60792],[-73.82766,40.60807],[-73.82747,40.60823],[-73.82734,40.60827],[-73.82728,40.60836],[-73.82712,40.60832],[-73.82708,40.60834],[-73.82711,40.6084],[-73.82726,40.60852],[-73.82746,40.60916],[-73.82754,40.60919],[-73.8276,40.60931],[-73.82761,40.60938],[-73.82754,40.60948],[-73.82744,40.60952],[-73.8273,40.60949]]],[[[-73.83213,40.60952],[-73.83208,40.6095],[-73.83206,40.60946],[-73.83197,40.60944],[-73.83189,40.60938],[-73.8319,40.60936],[-73.8318,40.60932],[-73.83179,40.60928],[-73.83146,40.60908],[-73.83136,40.60899],[-73.83134,40.60892],[-73.83132,40.60894],[-73.83122,40.60884],[-73.83121,40.60879],[-73.83125,40.60876],[-73.83126,40.60869],[-73.83118,40.60869],[-73.83124,40.60861],[-73.83122,40.6086],[-73.83125,40.60856],[-73.83123,40.60853],[-73.8313,40.60848],[-73.83131,40.60842],[-73.83116,40.60849],[-73.83109,40.60856],[-73.83083,40.60848],[-73.83052,40.60832],[-73.83048,40.60826],[-73.83037,40.60825],[-73.83017,40.60807],[-73.83018,40.60803],[-73.83013,40.60799],[-73.83013,40.60794],[-73.83006,40.60793],[-73.83007,40.60789],[-73.83001,40.60786],[-73.83002,40.60775],[-73.82993,40.60762],[-73.8299,40.60761],[-73.82989,40.60754],[-73.82995,40.60751],[-73.82987,40.6075],[-73.82989,40.60747],[-73.82983,40.60736],[-73.82985,40.60734],[-73.8298,40.60719],[-73.82984,40.60717],[-73.82978,40.60712],[-73.82979,40.60685],[-73.82987,40.60655],[-73.8298,40.60655],[-73.82986,40.60651],[-73.82983,40.60648],[-73.8299,40.60641],[-73.82988,40.60633],[-73.82994,40.60632],[-73.82999,40.6062],[-73.83013,40.60613],[-73.83011,40.60611],[-73.83028,40.60599],[-73.83028,40.60589],[-73.83055,40.60575],[-73.83062,40.60566],[-73.83071,40.60564],[-73.83082,40.60545],[-73.83092,40.60537],[-73.83113,40.60525],[-73.83121,40.60528],[-73.83138,40.60521],[-73.83163,40.60519],[-73.83178,40.6051],[-73.83183,40.60513],[-73.8319,40.6051],[-73.83189,40.60515],[-73.83194,40.6052],[-73.83191,40.60525],[-73.83195,40.60528],[-73.83217,40.60522],[-73.83227,40.60515],[-73.83248,40.60515],[-73.8325,40.60517],[-73.83245,40.60518],[-73.83247,40.6052],[-73.83258,40.60518],[-73.83261,40.60522],[-73.83271,40.60521],[-73.83284,40.60527],[-73.83313,40.60528],[-73.83327,40.60525],[-73.8336,40.60527],[-73.83388,40.60521],[-73.83391,40.60517],[-73.83438,40.60516],[-73.83508,40.60526],[-73.83552,40.60547],[-73.83554,40.60552],[-73.83566,40.60559],[-73.83565,40.60566],[-73.83574,40.60579],[-73.83446,40.6072],[-73.83438,40.60786],[-73.83423,40.60806],[-73.83384,40.60841],[-73.83325,40.6088],[-73.83313,40.60884],[-73.83313,40.60887],[-73.83306,40.60889],[-73.83309,40.60899],[-73.83294,40.60899],[-73.83288,40.60908],[-73.83283,40.6091],[-73.83286,40.60914],[-73.83276,40.60914],[-73.83273,40.60916],[-73.83274,40.60922],[-73.83265,40.60923],[-73.83259,40.60933],[-73.83251,40.60938],[-73.83247,40.60947],[-73.83213,40.60952]]],[[[-73.76669,40.61426],[-73.76631,40.6142],[-73.76618,40.61405],[-73.76598,40.61394],[-73.76585,40.61393],[-73.76555,40.61385],[-73.76553,40.61382],[-73.76546,40.61384],[-73.7654,40.6138],[-73.7653,40.61383],[-73.76517,40.61376],[-73.76502,40.61348],[-73.76504,40.61338],[-73.76513,40.61332],[-73.76516,40.61309],[-73.76511,40.6127],[-73.76512,40.61249],[-73.76498,40.61234],[-73.7651,40.61221],[-73.76509,40.61208],[-73.76506,40.61204],[-73.76451,40.61183],[-73.76414,40.61178],[-73.76366,40.61176],[-73.76324,40.61169],[-73.76257,40.61142],[-73.7623,40.61137],[-73.76173,40.61186],[-73.76024,40.61083],[-73.76077,40.61019],[-73.76087,40.61021],[-73.76178,40.60916],[-73.76155,40.60904],[-73.76141,40.60925],[-73.75999,40.61089],[-73.75949,40.61082],[-73.75972,40.61016],[-73.7596,40.61018],[-73.75946,40.61035],[-73.7592,40.61038],[-73.75842,40.61029],[-73.7582,40.61032],[-73.75753,40.61028],[-73.75732,40.6103],[-73.75728,40.61027],[-73.75666,40.61022],[-73.75656,40.61015],[-73.75648,40.61019],[-73.75608,40.61025],[-73.75599,40.61021],[-73.75596,40.61029],[-73.75587,40.61032],[-73.75579,40.61028],[-73.75565,40.61009],[-73.75561,40.61009],[-73.7556,40.61011],[-73.75581,40.61037],[-73.75588,40.61039],[-73.7557,40.61037],[-73.75576,40.61037],[-73.75557,40.61013],[-73.7554,40.61012],[-73.75518,40.61017],[-73.755,40.61014],[-73.75485,40.61024],[-73.75473,40.61041],[-73.75346,40.61053],[-73.75009,40.61165],[-73.74912,40.6118],[-73.74822,40.61202],[-73.74799,40.61232],[-73.74762,40.61201],[-73.74722,40.61219],[-73.74692,40.61173],[-73.74686,40.61158],[-73.74576,40.612],[-73.74537,40.61121],[-73.74457,40.61013],[-73.74387,40.6089],[-73.74337,40.60817],[-73.74311,40.60772],[-73.7434,40.60748],[-73.74122,40.60553],[-73.74029,40.60461],[-73.73921,40.60405],[-73.73841,40.60313],[-73.7384,40.60281],[-73.73823,40.60257],[-73.73837,40.59835],[-73.73836,40.59761],[-73.73865,40.59733],[-73.73863,40.59729],[-73.73856,40.59727],[-73.73849,40.59737],[-73.73872,40.59696],[-73.73859,40.59726],[-73.73863,40.59727],[-73.73879,40.59698],[-73.73907,40.59717],[-73.73938,40.59725],[-73.73963,40.59722],[-73.73993,40.59706],[-73.74009,40.59689],[-73.74012,40.59674],[-73.74,40.59655],[-73.73981,40.59647],[-73.7398,40.59644],[-73.74004,40.59629],[-73.7401,40.59622],[-73.74039,40.59619],[-73.74039,40.59624],[-73.74029,40.59642],[-73.74036,40.59678],[-73.74044,40.59685],[-73.7406,40.59688],[-73.74061,40.59698],[-73.74065,40.59701],[-73.741,40.59694],[-73.74101,40.59691],[-73.74096,40.59692],[-73.74096,40.59689],[-73.74108,40.59683],[-73.74129,40.59681],[-73.74137,40.59685],[-73.74144,40.59695],[-73.74158,40.59691],[-73.74166,40.59682],[-73.7418,40.59678],[-73.74183,40.5967],[-73.74178,40.59661],[-73.74151,40.59654],[-73.74052,40.59658],[-73.7405,40.59655],[-73.74059,40.59641],[-73.74062,40.59628],[-73.74055,40.59613],[-73.74051,40.59613],[-73.74048,40.59608],[-73.74042,40.5961],[-73.7403,40.59607],[-73.74029,40.59605],[-73.73993,40.59607],[-73.73981,40.59628],[-73.73958,40.59638],[-73.73953,40.59654],[-73.73961,40.59677],[-73.73947,40.59689],[-73.7395,40.59703],[-73.7397,40.59693],[-73.73988,40.59678],[-73.73974,40.59658],[-73.73965,40.59658],[-73.73975,40.59655],[-73.73991,40.59678],[-73.7398,40.59689],[-73.73951,40.59705],[-73.7394,40.59705],[-73.73893,40.59688],[-73.7394,40.59704],[-73.73945,40.59704],[-73.73944,40.59691],[-73.73933,40.59692],[-73.73911,40.59681],[-73.73912,40.59679],[-73.73895,40.59677],[-73.73886,40.59679],[-73.73838,40.59713],[-73.73841,40.59685],[-73.73841,40.59593],[-73.73799,40.59456],[-73.7384,40.59449],[-73.73845,40.59446],[-73.73849,40.59436],[-73.73854,40.59445],[-73.73877,40.59453],[-73.73878,40.59436],[-73.73882,40.59437],[-73.73879,40.59454],[-73.739,40.59459],[-73.7392,40.59459],[-73.73929,40.59454],[-73.7393,40.59446],[-73.73937,40.59453],[-73.73957,40.59457],[-73.73955,40.59443],[-73.73959,40.59443],[-73.73958,40.59457],[-73.73962,40.59459],[-73.7397,40.5946],[-73.73968,40.59451],[-73.73996,40.59451],[-73.73995,40.59464],[-73.73999,40.59464],[-73.74005,40.59462],[-73.74009,40.59454],[-73.74014,40.59452],[-73.74014,40.59459],[-73.74021,40.59463],[-73.74063,40.59473],[-73.74079,40.59466],[-73.74084,40.59461],[-73.74085,40.59451],[-73.7409,40.5945],[-73.7409,40.59462],[-73.74132,40.5948],[-73.74162,40.59479],[-73.74166,40.59476],[-73.74166,40.59466],[-73.7417,40.59465],[-73.74174,40.59469],[-73.74174,40.59474],[-73.7418,40.59478],[-73.74223,40.59491],[-73.74243,40.59488],[-73.74239,40.59474],[-73.74276,40.59475],[-73.7428,40.59481],[-73.74292,40.59484],[-73.74313,40.59479],[-73.74335,40.5948],[-73.74347,40.59474],[-73.74346,40.59462],[-73.74349,40.5946],[-73.74354,40.59466],[-73.74359,40.59467],[-73.74463,40.59467],[-73.74589,40.5944],[-73.74666,40.5943],[-73.74684,40.59423],[-73.74693,40.59413],[-73.74745,40.59403],[-73.74759,40.59392],[-73.74801,40.5937],[-73.74818,40.59352],[-73.74864,40.59341],[-73.74913,40.59322],[-73.74972,40.59281],[-73.7505,40.59236],[-73.75105,40.5919],[-73.75143,40.59152],[-73.7517,40.59132],[-73.75195,40.59125],[-73.75233,40.59124],[-73.75291,40.59116],[-73.75345,40.59097],[-73.75387,40.59092],[-73.75446,40.59096],[-73.75492,40.59088],[-73.75522,40.59087],[-73.75596,40.59088],[-73.75645,40.59104],[-73.75676,40.59108],[-73.75789,40.59137],[-73.75886,40.59148],[-73.75938,40.59151],[-73.75995,40.59163],[-73.76055,40.59165],[-73.76134,40.59173],[-73.76295,40.59162],[-73.76354,40.59148],[-73.76567,40.59114],[-73.76633,40.59098],[-73.76736,40.59087],[-73.76797,40.59074],[-73.76813,40.59075],[-73.76829,40.59084],[-73.76873,40.59088],[-73.76983,40.59075],[-73.77014,40.59067],[-73.77083,40.59056],[-73.77154,40.59059],[-73.77242,40.59047],[-73.77354,40.59041],[-73.77376,40.59036],[-73.7741,40.5904],[-73.77442,40.59029],[-73.77529,40.59027],[-73.77593,40.59019],[-73.77584,40.59033],[-73.77646,40.59019],[-73.77654,40.59011],[-73.77666,40.59007],[-73.7772,40.59011],[-73.77761,40.59006],[-73.77919,40.5896],[-73.77942,40.58959],[-73.77986,40.58966],[-73.78043,40.5896],[-73.78142,40.58928],[-73.78179,40.58926],[-73.78234,40.5891],[-73.78289,40.58901],[-73.7835,40.58877],[-73.78453,40.58849],[-73.78551,40.58834],[-73.78631,40.58816],[-73.78721,40.58803],[-73.78769,40.58793],[-73.78842,40.58765],[-73.7886,40.58749],[-73.78879,40.58746],[-73.78901,40.58751],[-73.78923,40.58763],[-73.78942,40.58764],[-73.7904,40.58747],[-73.79113,40.58728],[-73.7915,40.58731],[-73.79201,40.58723],[-73.79257,40.58705],[-73.79345,40.58695],[-73.79385,40.58679],[-73.79405,40.58682],[-73.79461,40.58673],[-73.79505,40.58654],[-73.79583,40.58646],[-73.79609,40.58633],[-73.79638,40.58638],[-73.79672,40.58637],[-73.79882,40.5859],[-73.79974,40.58578],[-73.80028,40.58564],[-73.80061,40.58549],[-73.80183,40.58536],[-73.80326,40.5849],[-73.80345,40.58494],[-73.80356,40.58502],[-73.80372,40.58503],[-73.80434,40.58491],[-73.80486,40.58473],[-73.80584,40.58447],[-73.80624,40.58451],[-73.80679,40.58443],[-73.80799,40.58401],[-73.8086,40.58404],[-73.80894,40.58402],[-73.80953,40.58383],[-73.81133,40.58373],[-73.81353,40.58348],[-73.81508,40.58296],[-73.81589,40.58272],[-73.81656,40.58258],[-73.81731,40.58234],[-73.81838,40.58208],[-73.81887,40.58194],[-73.81929,40.58178],[-73.82134,40.58127],[-73.82223,40.58112],[-73.82265,40.58095],[-73.82398,40.58049],[-73.82474,40.58027],[-73.82496,40.58015],[-73.8267,40.57967],[-73.82718,40.57945],[-73.82878,40.57905],[-73.82957,40.57879],[-73.83017,40.57876],[-73.8309,40.5785],[-73.83146,40.57843],[-73.83227,40.57814],[-73.8327,40.57803],[-73.83387,40.57766],[-73.83456,40.57733],[-73.83625,40.57666],[-73.83766,40.57602],[-73.83779,40.57593],[-73.83826,40.5758],[-73.83862,40.57564],[-73.84378,40.5739],[-73.84527,40.57333],[-73.84616,40.57304],[-73.84777,40.57241],[-73.84897,40.57199],[-73.84995,40.5716],[-73.85128,40.57118],[-73.8522,40.57075],[-73.85312,40.57051],[-73.85358,40.57035],[-73.85397,40.57032],[-73.8541,40.57026],[-73.85423,40.57015],[-73.85472,40.56994],[-73.85494,40.56991],[-73.85506,40.56982],[-73.85551,40.56967],[-73.85597,40.56953],[-73.85612,40.56951],[-73.8565,40.56933],[-73.8572,40.56911],[-73.85733,40.56902],[-73.85778,40.56887],[-73.85827,40.56863],[-73.85923,40.56827],[-73.85969,40.56814],[-73.86022,40.56793],[-73.86203,40.56712],[-73.86255,40.56682],[-73.86287,40.56684],[-73.86268,40.56653],[-73.86269,40.56651],[-73.86301,40.56688],[-73.86336,40.56703],[-73.86356,40.56704],[-73.86475,40.56666],[-73.86526,40.56663],[-73.86558,40.56657],[-73.86644,40.56615],[-73.86661,40.5661],[-73.86631,40.56555],[-73.86663,40.5661],[-73.86686,40.56609],[-73.86738,40.56594],[-73.86833,40.56554],[-73.86849,40.56554],[-73.86823,40.56509],[-73.86825,40.56508],[-73.86853,40.56555],[-73.86925,40.56539],[-73.87062,40.56482],[-73.87025,40.56419],[-73.87028,40.56418],[-73.87064,40.56482],[-73.87091,40.56477],[-73.87264,40.56409],[-73.87265,40.56405],[-73.87238,40.56358],[-73.87267,40.56404],[-73.87275,40.56411],[-73.87321,40.56407],[-73.87395,40.56382],[-73.87393,40.56377],[-73.874,40.56381],[-73.87455,40.56364],[-73.87462,40.56359],[-73.8746,40.56352],[-73.87469,40.56355],[-73.87503,40.5635],[-73.87533,40.5634],[-73.87529,40.56332],[-73.87534,40.5634],[-73.87599,40.56318],[-73.87595,40.5631],[-73.87601,40.56317],[-73.87625,40.56311],[-73.87665,40.56291],[-73.87663,40.56287],[-73.8767,40.56289],[-73.87725,40.56268],[-73.87724,40.56266],[-73.87727,40.56268],[-73.87741,40.56263],[-73.87861,40.56216],[-73.87923,40.56188],[-73.87961,40.56179],[-73.88027,40.56154],[-73.88029,40.56151],[-73.88027,40.56141],[-73.88029,40.56138],[-73.88036,40.56138],[-73.88042,40.56148],[-73.88046,40.56148],[-73.88128,40.56138],[-73.88147,40.56132],[-73.88204,40.56105],[-73.88242,40.56092],[-73.88235,40.5608],[-73.88238,40.56077],[-73.88243,40.56078],[-73.88247,40.56088],[-73.88252,40.56089],[-73.88305,40.5609],[-73.88325,40.56086],[-73.88388,40.56057],[-73.88489,40.56019],[-73.88483,40.56009],[-73.88486,40.56005],[-73.8849,40.56006],[-73.88495,40.56017],[-73.88511,40.56016],[-73.88578,40.56004],[-73.88611,40.55993],[-73.88696,40.55957],[-73.887,40.55952],[-73.88695,40.55943],[-73.88698,40.55941],[-73.88701,40.55941],[-73.88707,40.55955],[-73.88767,40.55955],[-73.88789,40.55952],[-73.88939,40.55893],[-73.88962,40.5588],[-73.88959,40.55871],[-73.88964,40.55867],[-73.88971,40.55878],[-73.89022,40.55882],[-73.8908,40.55863],[-73.8916,40.55831],[-73.89182,40.55819],[-73.89192,40.55817],[-73.89209,40.55806],[-73.89214,40.55788],[-73.89217,40.55788],[-73.89227,40.55803],[-73.89253,40.55813],[-73.89294,40.55808],[-73.89347,40.55795],[-73.89375,40.5578],[-73.89495,40.5573],[-73.89488,40.55711],[-73.89492,40.55709],[-73.89496,40.55711],[-73.89502,40.55727],[-73.89514,40.55732],[-73.89519,40.55739],[-73.89529,40.55743],[-73.89551,40.55742],[-73.89583,40.55736],[-73.89595,40.55728],[-73.89626,40.55719],[-73.897,40.5569],[-73.89708,40.5568],[-73.89708,40.55667],[-73.89713,40.55667],[-73.89718,40.55685],[-73.89736,40.55701],[-73.89759,40.55707],[-73.898,40.55711],[-73.89831,40.55707],[-73.89912,40.55681],[-73.8991,40.55667],[-73.89913,40.55665],[-73.89921,40.55672],[-73.89956,40.55671],[-73.8998,40.55664],[-73.8998,40.55655],[-73.89983,40.55653],[-73.8999,40.55663],[-73.90028,40.55661],[-73.90054,40.55653],[-73.90054,40.55647],[-73.90059,40.55643],[-73.90063,40.55646],[-73.90066,40.55661],[-73.9007,40.55664],[-73.90124,40.55677],[-73.90204,40.5568],[-73.9028,40.55674],[-73.90346,40.55663],[-73.90444,40.55638],[-73.90692,40.55561],[-73.90788,40.55525],[-73.9088,40.55484],[-73.91626,40.55198],[-73.91781,40.55129],[-73.91867,40.55101],[-73.91948,40.55063],[-73.92642,40.54816],[-73.92774,40.54764],[-73.92887,40.5471],[-73.93055,40.54643],[-73.93408,40.54518],[-73.93512,40.54488],[-73.93612,40.54452],[-73.93709,40.54412],[-73.93836,40.54348],[-73.9389,40.54325],[-73.93967,40.54301],[-73.94047,40.54287],[-73.94056,40.54187],[-73.94074,40.54184],[-73.94013,40.54801],[-73.94013,40.54952],[-73.94009,40.55055],[-73.94026,40.55138],[-73.94029,40.55179],[-73.94027,40.55242],[-73.94017,40.55304],[-73.93991,40.55384],[-73.93962,40.55443],[-73.93926,40.55499],[-73.93866,40.55568],[-73.93684,40.55679],[-73.93647,40.55694],[-73.9359,40.55712],[-73.9351,40.55728],[-73.93448,40.55733],[-73.93381,40.55729],[-73.93314,40.55737],[-73.93251,40.55756],[-73.93178,40.55791],[-73.92879,40.55993],[-73.92829,40.56016],[-73.92775,40.56045],[-73.92616,40.56156],[-73.9253,40.56182],[-73.92422,40.56201],[-73.9233,40.5621],[-73.92279,40.56208],[-73.92108,40.56209],[-73.92037,40.56223],[-73.9202,40.56254],[-73.92024,40.56255],[-73.92026,40.56262],[-73.92012,40.56265],[-73.9201,40.56258],[-73.92018,40.56253],[-73.92033,40.56223],[-73.9191,40.56248],[-73.91766,40.56283],[-73.9168,40.56319],[-73.91519,40.5641],[-73.91455,40.56436],[-73.91387,40.56462],[-73.91325,40.56466],[-73.91313,40.56465],[-73.9122,40.56506],[-73.91216,40.56498],[-73.91188,40.565],[-73.91193,40.56512],[-73.91196,40.56582],[-73.91215,40.56579],[-73.91216,40.56584],[-73.91197,40.56588],[-73.91174,40.56588],[-73.91174,40.56582],[-73.91193,40.56582],[-73.9119,40.56512],[-73.91186,40.565],[-73.91145,40.56511],[-73.91108,40.56506],[-73.9108,40.56512],[-73.9108,40.56505],[-73.91056,40.56502],[-73.91033,40.56503],[-73.91031,40.56501],[-73.91032,40.56497],[-73.91018,40.56493],[-73.9101,40.56496],[-73.91008,40.56493],[-73.9101,40.56483],[-73.91004,40.5648],[-73.90977,40.56531],[-73.90972,40.5653],[-73.91002,40.56479],[-73.90997,40.56475],[-73.90988,40.56443],[-73.90976,40.56429],[-73.90953,40.56413],[-73.90928,40.56401],[-73.90873,40.56394],[-73.90821,40.564],[-73.90809,40.56403],[-73.908,40.56417],[-73.90792,40.56416],[-73.90788,40.56407],[-73.90803,40.56391],[-73.90809,40.56373],[-73.90809,40.56361],[-73.90799,40.56345],[-73.90775,40.56331],[-73.90745,40.56326],[-73.90709,40.56299],[-73.90665,40.56279],[-73.90628,40.56271],[-73.90595,40.5627],[-73.90532,40.56274],[-73.9047,40.56284],[-73.90371,40.56312],[-73.90287,40.56352],[-73.90271,40.56313],[-73.90245,40.56291],[-73.9021,40.56277],[-73.90181,40.56274],[-73.90161,40.56276],[-73.90069,40.56296],[-73.90001,40.56322],[-73.89613,40.56537],[-73.89582,40.56563],[-73.89543,40.56616],[-73.89534,40.56634],[-73.89546,40.56665],[-73.89568,40.567],[-73.89567,40.56704],[-73.89559,40.56704],[-73.89549,40.56688],[-73.89545,40.56687],[-73.89531,40.56693],[-73.89519,40.56692],[-73.89505,40.5672],[-73.89413,40.56783],[-73.89314,40.5684],[-73.89261,40.5686],[-73.8925,40.56854],[-73.89147,40.56842],[-73.89076,40.56823],[-73.8905,40.56819],[-73.89029,40.56818],[-73.89017,40.56824],[-73.89002,40.5681],[-73.88963,40.56799],[-73.8896,40.56795],[-73.88911,40.56792],[-73.88879,40.56794],[-73.88866,40.56798],[-73.8884,40.56809],[-73.88837,40.56815],[-73.88834,40.56807],[-73.88819,40.56804],[-73.88786,40.56805],[-73.88748,40.56814],[-73.88688,40.56836],[-73.88686,40.56839],[-73.88655,40.56848],[-73.88644,40.56845],[-73.88593,40.56849],[-73.88534,40.56861],[-73.8849,40.56851],[-73.88431,40.5687],[-73.88431,40.56867],[-73.88489,40.56848],[-73.88476,40.5683],[-73.88464,40.56835],[-73.88471,40.56844],[-73.88468,40.56845],[-73.88463,40.56838],[-73.88434,40.5685],[-73.8843,40.56845],[-73.88474,40.56828],[-73.88446,40.5679],[-73.88417,40.56801],[-73.88426,40.56817],[-73.88423,40.56817],[-73.88415,40.56802],[-73.88399,40.56807],[-73.88407,40.5682],[-73.88404,40.56821],[-73.88398,40.56807],[-73.88379,40.56813],[-73.88402,40.56851],[-73.88399,40.56852],[-73.88378,40.56814],[-73.88358,40.56822],[-73.88369,40.5684],[-73.88348,40.56848],[-73.8837,40.56884],[-73.88391,40.56891],[-73.88369,40.56885],[-73.88337,40.56834],[-73.88309,40.56839],[-73.88284,40.56836],[-73.88263,40.56838],[-73.88209,40.56861],[-73.88207,40.56869],[-73.88192,40.56874],[-73.88189,40.56869],[-73.8816,40.56876],[-73.88122,40.56878],[-73.88046,40.56868],[-73.87872,40.56868],[-73.87868,40.56865],[-73.87781,40.56881],[-73.87707,40.56906],[-73.87599,40.56953],[-73.86554,40.57465],[-73.85306,40.58126],[-73.85045,40.58214],[-73.84861,40.5822],[-73.84521,40.58159],[-73.83936,40.58187],[-73.83913,40.58211],[-73.83896,40.58258],[-73.83865,40.58273],[-73.83854,40.58274],[-73.83855,40.5828],[-73.83848,40.58281],[-73.83847,40.58275],[-73.8383,40.58277],[-73.83829,40.58272],[-73.83584,40.58289],[-73.83123,40.58413],[-73.83123,40.58417],[-73.82923,40.5847],[-73.82922,40.58468],[-73.82853,40.58486],[-73.82826,40.58576],[-73.82817,40.58593],[-73.82804,40.58606],[-73.82785,40.58615],[-73.82669,40.5865],[-73.82477,40.58705],[-73.82481,40.58716],[-73.82474,40.58705],[-73.82326,40.58748],[-73.82294,40.5875],[-73.82264,40.58741],[-73.82146,40.58678],[-73.8193,40.5879],[-73.81884,40.58826],[-73.81828,40.58847],[-73.81742,40.58893],[-73.81747,40.58905],[-73.81764,40.58929],[-73.81761,40.58928],[-73.81742,40.58937],[-73.81737,40.58926],[-73.81717,40.58937],[-73.81692,40.58932],[-73.81674,40.58933],[-73.81658,40.58944],[-73.81642,40.58946],[-73.8163,40.58957],[-73.81625,40.58956],[-73.81597,40.5897],[-73.81583,40.58972],[-73.81525,40.59],[-73.81493,40.59043],[-73.8147,40.59062],[-73.81445,40.59069],[-73.81422,40.59063],[-73.81406,40.59063],[-73.81363,40.5908],[-73.81326,40.59105],[-73.81359,40.59171],[-73.81356,40.59172],[-73.81324,40.59108],[-73.81313,40.59125],[-73.81274,40.5913],[-73.8125,40.5914],[-73.81224,40.59133],[-73.8117,40.5916],[-73.81157,40.59169],[-73.81151,40.59179],[-73.81151,40.59197],[-73.81157,40.59216],[-73.81151,40.5922],[-73.81158,40.59284],[-73.8115,40.59291],[-73.81143,40.59226],[-73.81134,40.59175],[-73.81101,40.59178],[-73.81095,40.59183],[-73.81089,40.59196],[-73.81091,40.59207],[-73.81082,40.5921],[-73.81095,40.59251],[-73.81139,40.59245],[-73.81141,40.59288],[-73.81107,40.59303],[-73.81103,40.593],[-73.81138,40.59287],[-73.81137,40.59271],[-73.81075,40.5928],[-73.81137,40.59269],[-73.81136,40.59247],[-73.81095,40.59252],[-73.81094,40.59256],[-73.81081,40.5921],[-73.8102,40.59225],[-73.81007,40.59223],[-73.8099,40.59228],[-73.81004,40.59309],[-73.8099,40.59309],[-73.80978,40.59241],[-73.80973,40.59241],[-73.80977,40.59265],[-73.8098,40.59266],[-73.80981,40.59272],[-73.80974,40.5927],[-73.80971,40.59245],[-73.80963,40.5925],[-73.80949,40.59277],[-73.80952,40.59301],[-73.8097,40.59354],[-73.80961,40.59359],[-73.80951,40.59358],[-73.80936,40.59338],[-73.80918,40.5934],[-73.80905,40.59337],[-73.80832,40.59298],[-73.80794,40.59285],[-73.80688,40.59227],[-73.80665,40.59227],[-73.80603,40.59202],[-73.80594,40.59189],[-73.8059,40.59136],[-73.80579,40.59112],[-73.80579,40.5908],[-73.80575,40.59077],[-73.80575,40.59115],[-73.80584,40.59151],[-73.80587,40.59184],[-73.80583,40.5919],[-73.80512,40.59163],[-73.80474,40.59145],[-73.80434,40.59132],[-73.80427,40.59135],[-73.80423,40.59143],[-73.80417,40.59186],[-73.80701,40.59306],[-73.80732,40.59307],[-73.80766,40.5933],[-73.80782,40.59337],[-73.80805,40.59366],[-73.80789,40.59378],[-73.80781,40.59392],[-73.80781,40.59403],[-73.80798,40.59417],[-73.80789,40.5942],[-73.8079,40.59431],[-73.80778,40.5944],[-73.80773,40.59449],[-73.80753,40.59461],[-73.80744,40.59477],[-73.80745,40.59487],[-73.80731,40.59497],[-73.80711,40.59529],[-73.80697,40.59534],[-73.80687,40.59542],[-73.80604,40.59556],[-73.80541,40.59529],[-73.80536,40.5953],[-73.80531,40.59525],[-73.80485,40.59506],[-73.80464,40.59491],[-73.80465,40.59483],[-73.80449,40.59476],[-73.80426,40.59446],[-73.80412,40.59433],[-73.80404,40.59418],[-73.80401,40.59378],[-73.80404,40.59356],[-73.80413,40.59352],[-73.80403,40.59322],[-73.80391,40.5931],[-73.80375,40.593],[-73.80381,40.5929],[-73.80369,40.59289],[-73.80362,40.59295],[-73.80329,40.59277],[-73.80303,40.59259],[-73.80244,40.59265],[-73.80249,40.59329],[-73.80238,40.59329],[-73.80251,40.59396],[-73.80314,40.59386],[-73.80314,40.59377],[-73.80318,40.59395],[-73.80314,40.59388],[-73.80251,40.59398],[-73.80257,40.59428],[-73.80324,40.5942],[-73.80322,40.5941],[-73.80324,40.5941],[-73.80329,40.59429],[-73.80326,40.59429],[-73.80324,40.59421],[-73.80282,40.59427],[-73.80283,40.5943],[-73.80272,40.59431],[-73.80272,40.59428],[-73.80261,40.5943],[-73.80271,40.59431],[-73.80258,40.59433],[-73.80259,40.59439],[-73.80234,40.59441],[-73.80235,40.5945],[-73.80278,40.59449],[-73.80278,40.59456],[-73.80304,40.59454],[-73.80319,40.59467],[-73.80347,40.59451],[-73.80342,40.59445],[-73.80344,40.59444],[-73.80351,40.59451],[-73.8032,40.59469],[-73.80338,40.59488],[-73.80366,40.59474],[-73.80373,40.59483],[-73.80365,40.59476],[-73.80339,40.59489],[-73.8032,40.59488],[-73.8032,40.59495],[-73.80339,40.59496],[-73.80321,40.59496],[-73.80321,40.59502],[-73.80339,40.59501],[-73.80321,40.59503],[-73.80322,40.59515],[-73.80332,40.59517],[-73.80364,40.59514],[-73.80391,40.59501],[-73.80365,40.59516],[-73.80332,40.59519],[-73.80359,40.59517],[-73.80369,40.59521],[-73.80428,40.59589],[-73.80434,40.59601],[-73.80464,40.59632],[-73.80511,40.59716],[-73.80485,40.59742],[-73.8047,40.59769],[-73.80444,40.59773],[-73.80393,40.59795],[-73.80388,40.59807],[-73.80385,40.59806],[-73.80385,40.59811],[-73.8038,40.59809],[-73.80371,40.59812],[-73.80368,40.59819],[-73.80365,40.59817],[-73.80359,40.5982],[-73.80356,40.5983],[-73.80352,40.5983],[-73.80345,40.5984],[-73.8034,40.59842],[-73.80343,40.59846],[-73.80338,40.59853],[-73.80327,40.59856],[-73.80298,40.59885],[-73.80266,40.59894],[-73.80236,40.59893],[-73.80199,40.59886],[-73.80167,40.5989],[-73.80124,40.59913],[-73.80095,40.59916],[-73.80095,40.59919],[-73.80089,40.59921],[-73.80092,40.5994],[-73.80088,40.5994],[-73.80086,40.59922],[-73.80078,40.5992],[-73.80078,40.59917],[-73.8005,40.59921],[-73.80051,40.59934],[-73.80048,40.59934],[-73.80045,40.59919],[-73.79916,40.59927],[-73.7992,40.59938],[-73.79913,40.59938],[-73.79914,40.59927],[-73.79869,40.59927],[-73.79857,40.5992],[-73.79843,40.59918],[-73.79811,40.59925],[-73.79811,40.59931],[-73.79562,40.59945],[-73.79554,40.59948],[-73.79555,40.59951],[-73.79495,40.59943],[-73.79457,40.59943],[-73.79421,40.59949],[-73.79388,40.59961],[-73.79355,40.5998],[-73.79331,40.59999],[-73.79291,40.60001],[-73.79277,40.59997],[-73.79274,40.60002],[-73.79262,40.60004],[-73.7926,40.60008],[-73.79233,40.59998],[-73.79228,40.60004],[-73.79221,40.60004],[-73.79211,40.60011],[-73.79203,40.60024],[-73.79154,40.60037],[-73.79135,40.6005],[-73.79105,40.60074],[-73.79067,40.60111],[-73.7904,40.60117],[-73.79025,40.60126],[-73.79,40.60145],[-73.78985,40.60162],[-73.7894,40.60198],[-73.78786,40.60312],[-73.78777,40.60315],[-73.78762,40.60313],[-73.78728,40.60325],[-73.7865,40.60326],[-73.78635,40.6032],[-73.78631,40.60317],[-73.78632,40.60313],[-73.78617,40.60308],[-73.78618,40.60304],[-73.78647,40.60281],[-73.78651,40.60277],[-73.78647,40.60273],[-73.78659,40.60265],[-73.78663,40.60269],[-73.78716,40.60233],[-73.78766,40.60138],[-73.78793,40.601],[-73.78807,40.60086],[-73.7885,40.60055],[-73.78922,40.60012],[-73.78928,40.60003],[-73.78954,40.59998],[-73.78958,40.5999],[-73.7898,40.59972],[-73.79003,40.5994],[-73.79028,40.59929],[-73.79034,40.59921],[-73.79032,40.59902],[-73.79041,40.59872],[-73.79095,40.59742],[-73.79114,40.59716],[-73.79116,40.59702],[-73.7912,40.59693],[-73.79119,40.59685],[-73.79124,40.5968],[-73.79124,40.59663],[-73.7912,40.59652],[-73.7911,40.5964],[-73.79093,40.59597],[-73.79104,40.59553],[-73.79086,40.59502],[-73.79071,40.59489],[-73.79065,40.59479],[-73.79042,40.59476],[-73.79046,40.59497],[-73.79057,40.59496],[-73.79072,40.59609],[-73.79081,40.5961],[-73.7906,40.59612],[-73.79068,40.5961],[-73.79054,40.59499],[-73.79043,40.595],[-73.79041,40.59486],[-73.79032,40.59487],[-73.79041,40.59484],[-73.79038,40.59476],[-73.79015,40.59478],[-73.79032,40.59606],[-73.79043,40.59606],[-73.79018,40.59608],[-73.79028,40.59606],[-73.79013,40.59483],[-73.79011,40.59478],[-73.78991,40.59482],[-73.78987,40.59472],[-73.7899,40.59483],[-73.78985,40.59473],[-73.78979,40.59474],[-73.78981,40.59485],[-73.78976,40.59475],[-73.78967,40.59485],[-73.78971,40.59485],[-73.78987,40.59621],[-73.79,40.59622],[-73.7897,40.59624],[-73.78984,40.59622],[-73.78968,40.59487],[-73.78946,40.59501],[-73.7894,40.59496],[-73.78943,40.59505],[-73.78938,40.59518],[-73.78917,40.5952],[-73.78919,40.59529],[-73.78914,40.59535],[-73.78911,40.59548],[-73.78912,40.59558],[-73.78922,40.5957],[-73.78911,40.59589],[-73.78914,40.59594],[-73.78911,40.596],[-73.78916,40.59609],[-73.78921,40.59637],[-73.78927,40.59646],[-73.7892,40.59679],[-73.78926,40.59695],[-73.78921,40.59715],[-73.7891,40.59743],[-73.78919,40.59761],[-73.78919,40.5978],[-73.78917,40.59789],[-73.78907,40.59803],[-73.78873,40.59834],[-73.78861,40.59834],[-73.78843,40.59847],[-73.78822,40.59856],[-73.78818,40.59864],[-73.78775,40.59898],[-73.78756,40.59919],[-73.78733,40.5993],[-73.78717,40.59945],[-73.7871,40.59945],[-73.78697,40.5996],[-73.78702,40.59967],[-73.78695,40.5997],[-73.78685,40.59986],[-73.78663,40.60003],[-73.78597,40.60032],[-73.7858,40.60058],[-73.78607,40.60068],[-73.78609,40.60064],[-73.78614,40.60066],[-73.78611,40.60072],[-73.78578,40.6006],[-73.78564,40.60081],[-73.78598,40.60093],[-73.78594,40.60099],[-73.78589,40.60097],[-73.78592,40.60093],[-73.78563,40.60082],[-73.78557,40.601],[-73.78558,40.60119],[-73.78554,40.60134],[-73.78539,40.60153],[-73.78529,40.60159],[-73.78494,40.60166],[-73.78448,40.60181],[-73.7838,40.60225],[-73.78351,40.60257],[-73.78334,40.60314],[-73.78317,40.60348],[-73.78313,40.60377],[-73.78314,40.60382],[-73.78321,40.60391],[-73.78333,40.60394],[-73.78348,40.60406],[-73.78364,40.60432],[-73.78361,40.60437],[-73.78363,40.60443],[-73.78381,40.6046],[-73.78395,40.60483],[-73.78393,40.60493],[-73.78386,40.60499],[-73.78373,40.60516],[-73.78367,40.60527],[-73.78367,40.60533],[-73.78349,40.6055],[-73.78339,40.60553],[-73.78341,40.60558],[-73.78332,40.6056],[-73.78327,40.60564],[-73.78323,40.60571],[-73.78325,40.60575],[-73.78318,40.60584],[-73.78294,40.60606],[-73.78281,40.60613],[-73.78279,40.60618],[-73.78265,40.60629],[-73.78259,40.60638],[-73.78249,40.6064],[-73.78226,40.60659],[-73.78188,40.60703],[-73.78151,40.60741],[-73.78041,40.60843],[-73.7794,40.60923],[-73.77882,40.60956],[-73.77857,40.60965],[-73.77798,40.60977],[-73.77728,40.60986],[-73.77693,40.60984],[-73.77627,40.60966],[-73.77535,40.60975],[-73.77515,40.60967],[-73.77492,40.60953],[-73.77422,40.6089],[-73.77413,40.60875],[-73.77413,40.6087],[-73.77422,40.60861],[-73.77449,40.60844],[-73.77466,40.60846],[-73.77482,40.60841],[-73.7747,40.60818],[-73.77431,40.60786],[-73.77422,40.60764],[-73.77425,40.60754],[-73.77433,40.60747],[-73.77446,40.60743],[-73.7746,40.60743],[-73.77464,40.60746],[-73.77467,40.60766],[-73.77483,40.60785],[-73.77485,40.60803],[-73.77524,40.60856],[-73.77554,40.60882],[-73.77561,40.60897],[-73.77592,40.60921],[-73.77597,40.60923],[-73.77601,40.6092],[-73.77534,40.60853],[-73.77495,40.60807],[-73.77491,40.60786],[-73.77474,40.60762],[-73.77474,40.60746],[-73.77459,40.60731],[-73.77455,40.60713],[-73.77463,40.60679],[-73.77459,40.60653],[-73.77472,40.60634],[-73.77483,40.60599],[-73.77491,40.60564],[-73.77489,40.60527],[-73.77516,40.60464],[-73.77519,40.60451],[-73.77513,40.6044],[-73.77479,40.60443],[-73.7747,40.60439],[-73.77469,40.60433],[-73.77477,40.60421],[-73.77492,40.60412],[-73.7751,40.60411],[-73.7753,40.60417],[-73.77538,40.60417],[-73.77588,40.60348],[-73.77602,40.6031],[-73.77606,40.60276],[-73.77601,40.60274],[-73.77587,40.60278],[-73.77582,40.60284],[-73.77576,40.60301],[-73.77569,40.60305],[-73.77559,40.60305],[-73.7756,40.60294],[-73.77569,40.60282],[-73.77606,40.60252],[-73.77619,40.60249],[-73.77635,40.60253],[-73.77648,40.60246],[-73.77659,40.60233],[-73.77663,40.60222],[-73.77657,40.6022],[-73.77651,40.60222],[-73.77649,40.60218],[-73.77673,40.602],[-73.777,40.6017],[-73.77737,40.60146],[-73.77752,40.6013],[-73.77762,40.60125],[-73.77769,40.60109],[-73.7778,40.60097],[-73.77808,40.60081],[-73.77837,40.60085],[-73.77808,40.60071],[-73.77808,40.60052],[-73.77818,40.60039],[-73.77835,40.60037],[-73.77872,40.60048],[-73.77931,40.60058],[-73.7799,40.60075],[-73.78011,40.60074],[-73.78035,40.60059],[-73.7807,40.60023],[-73.78074,40.60012],[-73.78073,40.60006],[-73.78081,40.59996],[-73.78117,40.59978],[-73.78144,40.59955],[-73.78159,40.59931],[-73.78191,40.59912],[-73.78201,40.59892],[-73.78199,40.59869],[-73.78194,40.59854],[-73.78183,40.59835],[-73.7815,40.59803],[-73.78136,40.59798],[-73.78133,40.59776],[-73.78093,40.5975],[-73.7806,40.59732],[-73.78042,40.5973],[-73.78018,40.59722],[-73.78015,40.59715],[-73.78017,40.59691],[-73.78006,40.59689],[-73.78007,40.59693],[-73.77968,40.59734],[-73.77967,40.59738],[-73.77905,40.59766],[-73.77898,40.59773],[-73.779,40.59779],[-73.77877,40.59797],[-73.77871,40.59796],[-73.77862,40.59799],[-73.77849,40.59811],[-73.77823,40.59819],[-73.77807,40.59837],[-73.77782,40.59848],[-73.77742,40.59882],[-73.77737,40.59892],[-73.7773,40.59936],[-73.7772,40.59959],[-73.77699,40.5998],[-73.77662,40.6005],[-73.77636,40.60094],[-73.77632,40.60105],[-73.77619,40.60111],[-73.77618,40.60117],[-73.77601,40.60133],[-73.776,40.6014],[-73.7756,40.60166],[-73.77539,40.60166],[-73.77497,40.60175],[-73.77486,40.60158],[-73.77489,40.60135],[-73.77471,40.60105],[-73.77474,40.60097],[-73.77462,40.60098],[-73.77462,40.601],[-73.77448,40.601],[-73.7746,40.60094],[-73.77462,40.60097],[-73.77475,40.60096],[-73.77477,40.60085],[-73.77464,40.60085],[-73.77476,40.60084],[-73.77474,40.60075],[-73.7746,40.60054],[-73.77457,40.60042],[-73.77447,40.60035],[-73.77442,40.60025],[-73.77425,40.60014],[-73.77423,40.60004],[-73.77412,40.59989],[-73.77411,40.59977],[-73.77418,40.59962],[-73.77411,40.5996],[-73.77419,40.59931],[-73.77412,40.59926],[-73.77422,40.59901],[-73.77416,40.59899],[-73.77406,40.59888],[-73.77384,40.59877],[-73.77375,40.59868],[-73.7737,40.59833],[-73.77372,40.59825],[-73.77359,40.59813],[-73.77349,40.59809],[-73.7732,40.59805],[-73.77303,40.59789],[-73.77274,40.59793],[-73.77249,40.5979],[-73.77198,40.59793],[-73.77168,40.59799],[-73.77113,40.59831],[-73.77099,40.5983],[-73.7708,40.5982],[-73.77062,40.59817],[-73.77053,40.59811],[-73.77037,40.5981],[-73.76982,40.59813],[-73.76948,40.59827],[-73.76854,40.59792],[-73.76812,40.59783],[-73.76794,40.59815],[-73.76814,40.59824],[-73.76827,40.59834],[-73.76891,40.59841],[-73.76889,40.59845],[-73.76893,40.59848],[-73.76898,40.59846],[-73.76904,40.59852],[-73.76926,40.59851],[-73.7697,40.59865],[-73.77002,40.59879],[-73.77034,40.59899],[-73.77045,40.59899],[-73.7706,40.59887],[-73.77073,40.59882],[-73.77093,40.59887],[-73.77104,40.59899],[-73.77107,40.59924],[-73.77115,40.59935],[-73.77116,40.59943],[-73.77109,40.5997],[-73.77114,40.60017],[-73.77111,40.60025],[-73.77111,40.60055],[-73.77094,40.60116],[-73.77074,40.60154],[-73.77075,40.60163],[-73.77085,40.60173],[-73.77084,40.60182],[-73.77075,40.60195],[-73.77065,40.60186],[-73.77062,40.60188],[-73.77028,40.6025],[-73.77019,40.60276],[-73.77042,40.60295],[-73.77033,40.60307],[-73.77016,40.60309],[-73.77027,40.60325],[-73.77038,40.60359],[-73.77049,40.60434],[-73.77046,40.60449],[-73.77056,40.60472],[-73.77057,40.60485],[-73.77045,40.605],[-73.77017,40.60513],[-73.77012,40.60524],[-73.77001,40.60534],[-73.77006,40.60566],[-73.76987,40.60606],[-73.76984,40.60629],[-73.76986,40.60644],[-73.77,40.60687],[-73.77001,40.60724],[-73.76978,40.60754],[-73.76984,40.60776],[-73.76979,40.60794],[-73.76967,40.60804],[-73.76951,40.6083],[-73.7693,40.60838],[-73.76923,40.60845],[-73.76923,40.60855],[-73.76916,40.60864],[-73.76894,40.60914],[-73.769,40.6094],[-73.76918,40.60971],[-73.76982,40.6101],[-73.77026,40.61026],[-73.7704,40.61019],[-73.77059,40.61017],[-73.77074,40.6103],[-73.77087,40.61036],[-73.77099,40.6104],[-73.77112,40.61037],[-73.77125,40.6104],[-73.77185,40.61083],[-73.77195,40.61105],[-73.77199,40.61126],[-73.77213,40.61146],[-73.77224,40.61151],[-73.77253,40.61148],[-73.77308,40.61131],[-73.77326,40.61122],[-73.77341,40.6111],[-73.77338,40.611],[-73.7729,40.61024],[-73.77288,40.61017],[-73.77296,40.61016],[-73.77355,40.61101],[-73.77377,40.61126],[-73.77381,40.61142],[-73.77382,40.61165],[-73.77394,40.61213],[-73.77399,40.6121],[-73.77413,40.61182],[-73.77417,40.61184],[-73.77404,40.61212],[-73.77399,40.61246],[-73.77384,40.61292],[-73.77351,40.61359],[-73.77339,40.61368],[-73.77321,40.61368],[-73.77309,40.61359],[-73.77297,40.61357],[-73.77217,40.61385],[-73.77174,40.61397],[-73.77124,40.61394],[-73.77108,40.614],[-73.77092,40.61398],[-73.77073,40.61404],[-73.7702,40.61407],[-73.76964,40.61404],[-73.76947,40.61398],[-73.76933,40.61398],[-73.76897,40.61405],[-73.76836,40.61424],[-73.76746,40.61423],[-73.76692,40.6143],[-73.76669,40.61426]]],[[[-73.76672,40.61501],[-73.76671,40.61492],[-73.76826,40.61541],[-73.77088,40.61587],[-73.76855,40.62057],[-73.76746,40.62052],[-73.76672,40.61501]]],[[[-73.81252,40.62021],[-73.81256,40.62017],[-73.81262,40.62026],[-73.81269,40.62047],[-73.81268,40.62058],[-73.81265,40.62064],[-73.81261,40.62066],[-73.8126,40.62057],[-73.81252,40.62046],[-73.81255,40.6203],[-73.81252,40.62021]]],[[[-73.83191,40.62418],[-73.83205,40.62396],[-73.83228,40.62374],[-73.83251,40.62302],[-73.83242,40.62293],[-73.83261,40.62294],[-73.8326,40.62287],[-73.83275,40.62284],[-73.8331,40.62242],[-73.83314,40.62225],[-73.83312,40.62199],[-73.8332,40.62204],[-73.83325,40.62202],[-73.8332,40.62191],[-73.8331,40.62196],[-73.83305,40.62192],[-73.83311,40.62169],[-73.83368,40.62139],[-73.83362,40.62261],[-73.83336,40.62257],[-73.83309,40.62277],[-73.83306,40.62288],[-73.83307,40.62298],[-73.83303,40.62308],[-73.83314,40.62321],[-73.83314,40.62327],[-73.83323,40.62336],[-73.83301,40.62353],[-73.83303,40.62366],[-73.83292,40.6238],[-73.83276,40.62381],[-73.83272,40.62378],[-73.83273,40.62388],[-73.83268,40.62392],[-73.83272,40.62403],[-73.83277,40.62404],[-73.83278,40.62398],[-73.83275,40.62397],[-73.83279,40.62387],[-73.83284,40.62383],[-73.83294,40.62383],[-73.833,40.62378],[-73.83304,40.62378],[-73.83303,40.62372],[-73.83306,40.6237],[-73.83319,40.62375],[-73.83322,40.62383],[-73.83326,40.62384],[-73.83325,40.62379],[-73.83333,40.62369],[-73.83327,40.62364],[-73.83341,40.62356],[-73.83358,40.62361],[-73.83356,40.62394],[-73.83343,40.62398],[-73.83339,40.62406],[-73.8332,40.62413],[-73.83319,40.62419],[-73.83316,40.62421],[-73.83298,40.62418],[-73.8327,40.62424],[-73.83238,40.62445],[-73.83225,40.62467],[-73.83216,40.6247],[-73.83202,40.62469],[-73.83179,40.62448],[-73.83178,40.62433],[-73.83191,40.62425],[-73.83191,40.62418]]],[[[-73.81224,40.62531],[-73.81227,40.62493],[-73.81233,40.62471],[-73.81231,40.62463],[-73.81225,40.6246],[-73.81225,40.62456],[-73.81244,40.62454],[-73.81244,40.6244],[-73.8122,40.62408],[-73.81199,40.62396],[-73.8118,40.62392],[-73.81174,40.62388],[-73.81168,40.62366],[-73.81208,40.6234],[-73.81231,40.62339],[-73.81252,40.62355],[-73.81253,40.62314],[-73.81301,40.62227],[-73.81325,40.62257],[-73.81301,40.62357],[-73.81303,40.62387],[-73.81331,40.62424],[-73.8137,40.62462],[-73.81375,40.6247],[-73.81373,40.62475],[-73.814,40.62501],[-73.81386,40.62505],[-73.81401,40.62517],[-73.81412,40.62521],[-73.81443,40.6252],[-73.81448,40.62548],[-73.81438,40.62567],[-73.81393,40.62582],[-73.81386,40.62586],[-73.81383,40.62593],[-73.81337,40.62603],[-73.8126,40.62633],[-73.81255,40.62641],[-73.81257,40.6265],[-73.81249,40.62655],[-73.81226,40.62639],[-73.81199,40.62603],[-73.81204,40.62566],[-73.81209,40.62551],[-73.81222,40.62543],[-73.81224,40.62531]]],[[[-73.79882,40.62534],[-73.79866,40.62538],[-73.79866,40.62532],[-73.79853,40.62513],[-73.79833,40.62493],[-73.79824,40.62485],[-73.79795,40.62473],[-73.79787,40.62465],[-73.79782,40.62459],[-73.79782,40.62446],[-73.79787,40.62438],[-73.79797,40.62436],[-73.79821,40.62447],[-73.79854,40.62471],[-73.79859,40.62491],[-73.79876,40.62509],[-73.79904,40.62496],[-73.79917,40.62495],[-73.79942,40.62481],[-73.80037,40.62412],[-73.80039,40.62402],[-73.80036,40.62394],[-73.80004,40.6241],[-73.79966,40.6242],[-73.79939,40.62423],[-73.79923,40.6242],[-73.79922,40.62409],[-73.79896,40.62396],[-73.7987,40.62367],[-73.79866,40.62361],[-73.79868,40.62344],[-73.79896,40.62293],[-73.79975,40.62106],[-73.79978,40.62075],[-73.79975,40.62042],[-73.79984,40.62007],[-73.80004,40.61974],[-73.80016,40.61964],[-73.80023,40.6196],[-73.80034,40.61959],[-73.80056,40.61948],[-73.80074,40.61949],[-73.80112,40.61971],[-73.80128,40.61984],[-73.80145,40.62035],[-73.80156,40.62044],[-73.80181,40.62084],[-73.80187,40.62086],[-73.80207,40.6208],[-73.80207,40.62061],[-73.80199,40.6204],[-73.80179,40.62009],[-73.80152,40.6194],[-73.80145,40.6191],[-73.80147,40.61902],[-73.80135,40.61875],[-73.80137,40.61869],[-73.80132,40.61862],[-73.80131,40.61855],[-73.80134,40.61848],[-73.80146,40.61846],[-73.80149,40.61842],[-73.80151,40.61773],[-73.80187,40.61678],[-73.80207,40.61644],[-73.80216,40.61635],[-73.80218,40.61623],[-73.80229,40.61615],[-73.80242,40.61583],[-73.80249,40.61575],[-73.80267,40.61569],[-73.80348,40.61441],[-73.80362,40.61603],[-73.8038,40.61632],[-73.80454,40.61699],[-73.80448,40.61756],[-73.80458,40.61764],[-73.80456,40.61772],[-73.80461,40.6178],[-73.80463,40.61793],[-73.80479,40.61817],[-73.80483,40.61826],[-73.8048,40.61831],[-73.80493,40.6186],[-73.80515,40.61872],[-73.80522,40.61882],[-73.8052,40.61889],[-73.80531,40.61894],[-73.80539,40.61912],[-73.80566,40.61932],[-73.80575,40.61948],[-73.80583,40.61952],[-73.8059,40.61963],[-73.80589,40.61974],[-73.80564,40.6199],[-73.80641,40.62112],[-73.80617,40.62138],[-73.80629,40.62174],[-73.80625,40.62181],[-73.80615,40.62183],[-73.80641,40.62235],[-73.80595,40.62339],[-73.80542,40.6238],[-73.80502,40.62376],[-73.80485,40.6238],[-73.80487,40.62387],[-73.80466,40.62385],[-73.8047,40.624],[-73.80465,40.62403],[-73.80456,40.62401],[-73.80452,40.62405],[-73.80445,40.62404],[-73.80439,40.62409],[-73.80439,40.62418],[-73.80428,40.62429],[-73.80406,40.62444],[-73.80375,40.62457],[-73.80366,40.62464],[-73.80366,40.62469],[-73.80356,40.62473],[-73.80353,40.6247],[-73.80339,40.62473],[-73.80321,40.62468],[-73.80295,40.62473],[-73.80197,40.62524],[-73.80163,40.6256],[-73.79957,40.62613],[-73.79923,40.62633],[-73.79906,40.62659],[-73.79885,40.62654],[-73.79832,40.62619],[-73.79759,40.62611],[-73.79898,40.62535],[-73.79882,40.62534]]],[[[-73.8143,40.62915],[-73.81467,40.62751],[-73.81532,40.62777],[-73.81617,40.62891],[-73.81645,40.62984],[-73.81597,40.63039],[-73.81528,40.63024],[-73.81468,40.62999],[-73.8143,40.62915]]],[[[-73.83598,40.63222],[-73.83592,40.63214],[-73.83579,40.63213],[-73.83506,40.63185],[-73.83507,40.63173],[-73.83526,40.63159],[-73.83564,40.63141],[-73.83571,40.63132],[-73.83594,40.63136],[-73.83614,40.6315],[-73.83619,40.63165],[-73.8362,40.63204],[-73.83603,40.63216],[-73.83603,40.63222],[-73.83598,40.63222]]],[[[-73.82338,40.639],[-73.82277,40.63559],[-73.82234,40.63474],[-73.82217,40.6343],[-73.82198,40.63363],[-73.82185,40.63273],[-73.82185,40.63205],[-73.82108,40.62974],[-73.82085,40.62939],[-73.82067,40.62892],[-73.82023,40.62825],[-73.8201,40.62783],[-73.81994,40.62769],[-73.81826,40.627],[-73.81824,40.6264],[-73.81789,40.62592],[-73.81726,40.62539],[-73.81623,40.6247],[-73.81618,40.62442],[-73.81675,40.62396],[-73.81795,40.6241],[-73.81864,40.62338],[-73.81866,40.62289],[-73.81755,40.6221],[-73.81758,40.62176],[-73.81672,40.62158],[-73.81663,40.62198],[-73.81621,40.6221],[-73.81539,40.62151],[-73.81531,40.6207],[-73.81543,40.62012],[-73.81639,40.61963],[-73.81683,40.61947],[-73.81718,40.61928],[-73.81745,40.61892],[-73.81745,40.61812],[-73.81765,40.61762],[-73.81778,40.61751],[-73.81776,40.61732],[-73.8176,40.61699],[-73.81752,40.6164],[-73.81717,40.61585],[-73.81712,40.61529],[-73.81653,40.61496],[-73.81658,40.61482],[-73.81659,40.61461],[-73.81652,40.61441],[-73.81643,40.61429],[-73.81624,40.61424],[-73.81583,40.61434],[-73.8157,40.61435],[-73.81555,40.61432],[-73.81507,40.61449],[-73.81496,40.61447],[-73.81472,40.6145],[-73.81444,40.61476],[-73.81421,40.61471],[-73.81408,40.61457],[-73.81417,40.6143],[-73.81442,40.61411],[-73.81468,40.61398],[-73.81487,40.61402],[-73.81486,40.61431],[-73.81504,40.61431],[-73.81536,40.61418],[-73.8155,40.61405],[-73.81536,40.61394],[-73.81537,40.61384],[-73.815,40.61359],[-73.8148,40.6132],[-73.81504,40.61298],[-73.81524,40.61299],[-73.81529,40.61308],[-73.81528,40.61321],[-73.81547,40.61335],[-73.81561,40.61334],[-73.81572,40.61328],[-73.81579,40.61311],[-73.81589,40.61303],[-73.81599,40.61302],[-73.81616,40.61295],[-73.81605,40.61277],[-73.81603,40.61237],[-73.81586,40.61203],[-73.81589,40.61189],[-73.81582,40.61161],[-73.81564,40.6112],[-73.8156,40.61068],[-73.81541,40.61039],[-73.81504,40.61073],[-73.81462,40.61094],[-73.8145,40.61107],[-73.8145,40.61074],[-73.81521,40.60982],[-73.81492,40.60906],[-73.81477,40.60886],[-73.81476,40.60847],[-73.81487,40.60803],[-73.815,40.60783],[-73.81496,40.60765],[-73.81506,40.60733],[-73.81523,40.60706],[-73.81562,40.60671],[-73.81574,40.60647],[-73.81546,40.60644],[-73.81553,40.60617],[-73.81559,40.60618],[-73.81553,40.60642],[-73.81571,40.60645],[-73.81573,40.60636],[-73.81581,40.60637],[-73.81596,40.60627],[-73.81601,40.60615],[-73.81596,40.60615],[-73.81597,40.60608],[-73.81589,40.60603],[-73.81589,40.60594],[-73.81594,40.60594],[-73.81599,40.60574],[-73.81609,40.60575],[-73.81643,40.60523],[-73.81739,40.60517],[-73.81726,40.60395],[-73.81772,40.60223],[-73.81831,40.60135],[-73.81849,40.5994],[-73.81899,40.59827],[-73.81928,40.59754],[-73.81957,40.59728],[-73.82016,40.59688],[-73.82034,40.59666],[-73.82046,40.59641],[-73.82054,40.59615],[-73.82045,40.59576],[-73.8206,40.59561],[-73.82062,40.59536],[-73.82067,40.5952],[-73.82093,40.59512],[-73.82109,40.59481],[-73.8212,40.59472],[-73.82196,40.59475],[-73.82231,40.59474],[-73.82317,40.59462],[-73.82414,40.59464],[-73.82548,40.59509],[-73.82573,40.59496],[-73.82612,40.59503],[-73.82678,40.59493],[-73.82725,40.59478],[-73.8277,40.59482],[-73.82837,40.59471],[-73.82888,40.59481],[-73.82921,40.59467],[-73.83048,40.59451],[-73.83131,40.59449],[-73.83199,40.59442],[-73.83322,40.59423],[-73.83374,40.59436],[-73.83425,40.59467],[-73.83472,40.59506],[-73.83485,40.59555],[-73.83446,40.59624],[-73.8344,40.59647],[-73.8342,40.59667],[-73.83349,40.59692],[-73.83336,40.59724],[-73.83251,40.59758],[-73.8324,40.59781],[-73.83154,40.59796],[-73.83126,40.5979],[-73.83108,40.5978],[-73.83076,40.59745],[-73.83063,40.59744],[-73.8305,40.5975],[-73.83051,40.59763],[-73.83039,40.59774],[-73.83027,40.5978],[-73.83005,40.59782],[-73.82986,40.59788],[-73.82976,40.598],[-73.82948,40.59814],[-73.82935,40.59809],[-73.82927,40.59799],[-73.82921,40.59783],[-73.8291,40.59777],[-73.82875,40.59777],[-73.82857,40.59769],[-73.82833,40.59765],[-73.82806,40.59769],[-73.82785,40.59793],[-73.82785,40.59801],[-73.82722,40.59834],[-73.82713,40.59844],[-73.8271,40.59853],[-73.82717,40.59862],[-73.8271,40.5987],[-73.827,40.59868],[-73.8269,40.59871],[-73.82684,40.59881],[-73.82668,40.59896],[-73.82629,40.59922],[-73.82618,40.59939],[-73.82608,40.59946],[-73.82598,40.59948],[-73.82585,40.59945],[-73.82591,40.59929],[-73.82591,40.59912],[-73.82573,40.59876],[-73.82557,40.59856],[-73.82536,40.59838],[-73.82508,40.59822],[-73.82481,40.59815],[-73.82466,40.59816],[-73.82449,40.5982],[-73.82432,40.59832],[-73.82396,40.59889],[-73.82452,40.59896],[-73.82474,40.59841],[-73.82477,40.5984],[-73.82449,40.59912],[-73.82453,40.59914],[-73.82439,40.59911],[-73.82447,40.59912],[-73.82452,40.59897],[-73.82408,40.59892],[-73.82411,40.599],[-73.82422,40.59908],[-73.82417,40.59931],[-73.82407,40.5993],[-73.82379,40.59986],[-73.82377,40.60005],[-73.82317,40.59999],[-73.82318,40.60009],[-73.82312,40.60009],[-73.82315,40.59998],[-73.82303,40.59994],[-73.82301,40.60006],[-73.82304,40.60008],[-73.82293,40.60007],[-73.82298,40.60005],[-73.82301,40.59993],[-73.82258,40.5999],[-73.82256,40.59995],[-73.82236,40.59993],[-73.82216,40.59987],[-73.82211,40.59983],[-73.82195,40.59981],[-73.8218,40.59987],[-73.82169,40.59996],[-73.82147,40.6],[-73.82148,40.60006],[-73.82173,40.60008],[-73.82172,40.60013],[-73.82235,40.60019],[-73.82235,40.60023],[-73.82249,40.60024],[-73.8225,40.60021],[-73.82261,40.60022],[-73.82261,40.60019],[-73.82315,40.60027],[-73.82331,40.60028],[-73.82332,40.60024],[-73.82444,40.60035],[-73.82441,40.6006],[-73.82445,40.60081],[-73.82431,40.60079],[-73.8243,40.60086],[-73.82414,40.6009],[-73.82399,40.60101],[-73.82388,40.60126],[-73.82354,40.60157],[-73.8235,40.60178],[-73.82365,40.60195],[-73.82368,40.60205],[-73.82362,40.60229],[-73.82326,40.60231],[-73.82307,40.60235],[-73.82295,40.60259],[-73.82277,40.60421],[-73.82278,40.60454],[-73.8229,40.6047],[-73.82282,40.60495],[-73.82272,40.60496],[-73.8226,40.6051],[-73.82253,40.60525],[-73.82254,40.60544],[-73.82247,40.60553],[-73.82248,40.60559],[-73.8226,40.60569],[-73.82291,40.60586],[-73.82236,40.60648],[-73.82225,40.60643],[-73.82212,40.60648],[-73.82174,40.60673],[-73.82168,40.60683],[-73.82127,40.60701],[-73.8212,40.6071],[-73.82126,40.60715],[-73.82117,40.60726],[-73.82119,40.60729],[-73.82108,40.60739],[-73.82089,40.60765],[-73.82091,40.60779],[-73.82003,40.60893],[-73.81994,40.60934],[-73.81998,40.60957],[-73.81981,40.60984],[-73.81962,40.61049],[-73.82052,40.61196],[-73.82043,40.612],[-73.82044,40.61208],[-73.82058,40.61224],[-73.82076,40.6123],[-73.82088,40.61227],[-73.82098,40.61201],[-73.82109,40.6119],[-73.82099,40.6117],[-73.82111,40.61144],[-73.82126,40.61132],[-73.82129,40.61111],[-73.82121,40.6109],[-73.82106,40.61077],[-73.82079,40.61064],[-73.82063,40.61054],[-73.82055,40.61044],[-73.82049,40.61023],[-73.82056,40.60996],[-73.82075,40.60962],[-73.82086,40.60924],[-73.82115,40.60907],[-73.8212,40.6089],[-73.82138,40.60855],[-73.82162,40.60849],[-73.82176,40.60862],[-73.82168,40.60872],[-73.82183,40.60897],[-73.8217,40.60914],[-73.82167,40.60924],[-73.8218,40.60941],[-73.82186,40.60988],[-73.8221,40.61017],[-73.82233,40.6103],[-73.82254,40.61024],[-73.82274,40.61034],[-73.82289,40.61035],[-73.8232,40.61095],[-73.82345,40.6111],[-73.8237,40.61131],[-73.82383,40.61151],[-73.82401,40.61164],[-73.82402,40.61177],[-73.82395,40.61186],[-73.8241,40.61233],[-73.82445,40.61235],[-73.82468,40.61243],[-73.82474,40.61256],[-73.82461,40.61292],[-73.82469,40.61308],[-73.82521,40.6135],[-73.82526,40.61377],[-73.8254,40.61389],[-73.82556,40.61414],[-73.82575,40.6142],[-73.82594,40.61417],[-73.8262,40.61401],[-73.8262,40.6139],[-73.82636,40.61379],[-73.82663,40.61375],[-73.82704,40.6134],[-73.82726,40.61339],[-73.82738,40.61343],[-73.82758,40.61368],[-73.82773,40.61361],[-73.82788,40.61371],[-73.8277,40.61388],[-73.82758,40.61394],[-73.82732,40.614],[-73.82724,40.61407],[-73.8275,40.61421],[-73.82774,40.61424],[-73.82808,40.61421],[-73.82846,40.61422],[-73.829,40.61436],[-73.82964,40.61465],[-73.8301,40.61481],[-73.83092,40.61501],[-73.83148,40.61501],[-73.83203,40.61491],[-73.83246,40.61472],[-73.83331,40.6145],[-73.83402,40.61439],[-73.8337,40.62099],[-73.83355,40.6211],[-73.83305,40.62127],[-73.8328,40.62146],[-73.83277,40.62154],[-73.83255,40.62176],[-73.83225,40.62174],[-73.8321,40.62181],[-73.83184,40.62186],[-73.83159,40.62204],[-73.83178,40.62206],[-73.8321,40.62191],[-73.83226,40.62188],[-73.83245,40.62193],[-73.83257,40.62191],[-73.83261,40.62187],[-73.83268,40.62187],[-73.83276,40.62207],[-73.83289,40.62216],[-73.83289,40.62223],[-73.83285,40.62234],[-73.83273,40.62238],[-73.83272,40.62248],[-73.83276,40.62252],[-73.83267,40.62255],[-73.83259,40.62269],[-73.83256,40.62269],[-73.83255,40.62264],[-73.83247,40.62263],[-73.83251,40.62271],[-73.83249,40.62273],[-73.83226,40.62276],[-73.83141,40.62241],[-73.83136,40.62243],[-73.83125,40.62261],[-73.83111,40.62268],[-73.83108,40.62277],[-73.83102,40.62278],[-73.8309,40.62277],[-73.83068,40.62263],[-73.83056,40.6225],[-73.83052,40.62243],[-73.83053,40.62236],[-73.83047,40.62235],[-73.83039,40.6224],[-73.83043,40.62247],[-73.83038,40.62254],[-73.83023,40.62258],[-73.83021,40.62291],[-73.83008,40.62305],[-73.83008,40.6232],[-73.83023,40.62335],[-73.83021,40.62341],[-73.83015,40.62345],[-73.83006,40.62342],[-73.83004,40.62362],[-73.82996,40.62371],[-73.82993,40.62368],[-73.82993,40.62347],[-73.82987,40.62341],[-73.82986,40.62355],[-73.82979,40.62367],[-73.82974,40.62369],[-73.82968,40.62366],[-73.8297,40.62371],[-73.82948,40.62377],[-73.82943,40.62381],[-73.82943,40.6239],[-73.82934,40.62393],[-73.82925,40.62416],[-73.82919,40.62421],[-73.82919,40.62428],[-73.82931,40.6243],[-73.82936,40.62427],[-73.82936,40.62421],[-73.82958,40.62423],[-73.82966,40.6242],[-73.82979,40.62413],[-73.82992,40.62389],[-73.83005,40.62382],[-73.83011,40.62384],[-73.83013,40.62368],[-73.8302,40.6236],[-73.83019,40.6235],[-73.83032,40.62337],[-73.83032,40.62327],[-73.83044,40.62313],[-73.83043,40.62303],[-73.83053,40.62287],[-73.83052,40.62283],[-73.83048,40.62283],[-73.83033,40.62285],[-73.83033,40.62277],[-73.83042,40.62264],[-73.83053,40.62265],[-73.83088,40.62287],[-73.83083,40.6229],[-73.83083,40.62294],[-73.83087,40.62297],[-73.83088,40.62306],[-73.83065,40.62318],[-73.83061,40.62326],[-73.8306,40.62331],[-73.83071,40.62349],[-73.83066,40.62364],[-73.83071,40.62375],[-73.8307,40.62378],[-73.83051,40.62386],[-73.83056,40.62398],[-73.83046,40.62408],[-73.83059,40.62403],[-73.83061,40.62393],[-73.83056,40.62387],[-73.8307,40.62383],[-73.83077,40.62369],[-73.8307,40.6236],[-73.83074,40.62351],[-73.83065,40.62334],[-73.83065,40.62327],[-73.83073,40.62318],[-73.83098,40.62315],[-73.8311,40.62294],[-73.83127,40.62289],[-73.83153,40.62289],[-73.83168,40.62305],[-73.8318,40.62309],[-73.83185,40.62318],[-73.83193,40.6232],[-73.83196,40.62317],[-73.83192,40.62309],[-73.83188,40.6231],[-73.83167,40.62294],[-73.83174,40.62289],[-73.83207,40.62308],[-73.83214,40.62319],[-73.83216,40.62331],[-73.83194,40.62355],[-73.83184,40.62372],[-73.83166,40.62387],[-73.83155,40.62411],[-73.83118,40.62434],[-73.83097,40.62458],[-73.83096,40.62467],[-73.8309,40.62476],[-73.83092,40.62484],[-73.83098,40.62489],[-73.83115,40.62492],[-73.83135,40.62501],[-73.83117,40.62522],[-73.83102,40.6252],[-73.83077,40.62531],[-73.83077,40.62544],[-73.83093,40.62549],[-73.83095,40.62554],[-73.83086,40.6257],[-73.83068,40.62582],[-73.83063,40.62619],[-73.83074,40.62651],[-73.83077,40.62676],[-73.83083,40.62682],[-73.83119,40.62693],[-73.83167,40.62714],[-73.83202,40.62706],[-73.83218,40.62698],[-73.83226,40.627],[-73.8323,40.62709],[-73.8323,40.6273],[-73.83223,40.6273],[-73.83219,40.62738],[-73.8323,40.62746],[-73.83238,40.62744],[-73.83246,40.62753],[-73.83248,40.62758],[-73.83229,40.62814],[-73.83222,40.62818],[-73.83205,40.62811],[-73.83194,40.62811],[-73.83178,40.62818],[-73.83159,40.6284],[-73.83157,40.62849],[-73.83162,40.62876],[-73.83178,40.62888],[-73.83188,40.62889],[-73.83179,40.62883],[-73.8317,40.62861],[-73.83163,40.62853],[-73.83169,40.62838],[-73.83185,40.62835],[-73.83186,40.62831],[-73.83181,40.62824],[-73.83189,40.62819],[-73.83199,40.62817],[-73.83208,40.62821],[-73.83214,40.62832],[-73.83217,40.62826],[-73.83263,40.62827],[-73.83262,40.62816],[-73.83267,40.62816],[-73.83272,40.62821],[-73.83278,40.62819],[-73.83292,40.62799],[-73.83301,40.62793],[-73.83306,40.62795],[-73.83302,40.62821],[-73.83304,40.62827],[-73.83287,40.62842],[-73.8329,40.62891],[-73.83236,40.62915],[-73.83196,40.62966],[-73.83183,40.63033],[-73.8319,40.63058],[-73.83161,40.6316],[-73.83147,40.63192],[-73.8312,40.63238],[-73.83114,40.63266],[-73.83115,40.63285],[-73.83133,40.63363],[-73.83194,40.63424],[-73.83191,40.63465],[-73.83196,40.63499],[-73.83231,40.63531],[-73.83249,40.63559],[-73.83246,40.6358],[-73.83264,40.63634],[-73.83291,40.63694],[-73.8331,40.63745],[-73.83341,40.63851],[-73.8329,40.63887],[-73.83222,40.63894],[-73.82867,40.63662],[-73.82809,40.63589],[-73.82592,40.63576],[-73.82548,40.6358],[-73.82505,40.63591],[-73.82466,40.63608],[-73.82443,40.63622],[-73.82414,40.6388],[-73.82458,40.63936],[-73.82419,40.63996],[-73.82338,40.639]]],[[[-73.83033,40.65514],[-73.83041,40.65517],[-73.83041,40.65522],[-73.83027,40.65544],[-73.83,40.65556],[-73.82989,40.65553],[-73.82995,40.65543],[-73.83033,40.65514]]],[[[-73.74462,40.77896],[-73.74429,40.77876],[-73.74435,40.77872],[-73.74441,40.77874],[-73.74455,40.77886],[-73.74462,40.77868],[-73.74481,40.77857],[-73.74506,40.77915],[-73.745,40.77921],[-73.74462,40.77896]]],[[[-73.74673,40.78031],[-73.74559,40.77959],[-73.74574,40.77962],[-73.74582,40.77967],[-73.74589,40.77961],[-73.74626,40.77958],[-73.74664,40.77937],[-73.74682,40.77938],[-73.74704,40.77963],[-73.74705,40.77974],[-73.74709,40.77979],[-73.74706,40.77987],[-73.7472,40.77996],[-73.74725,40.78008],[-73.74714,40.78019],[-73.74692,40.78019],[-73.74687,40.78026],[-73.74679,40.78026],[-73.74673,40.78031]]],[[[-73.8205,40.80102],[-73.82041,40.80065],[-73.82006,40.80081],[-73.81981,40.80081],[-73.81972,40.80074],[-73.81952,40.80073],[-73.81922,40.8006],[-73.81832,40.79993],[-73.81743,40.79932],[-73.81721,40.79922],[-73.81684,40.79911],[-73.81661,40.79944],[-73.81657,40.79942],[-73.81682,40.79911],[-73.8167,40.79908],[-73.81649,40.79937],[-73.81646,40.79935],[-73.81668,40.79907],[-73.81649,40.79902],[-73.81615,40.79874],[-73.81612,40.79862],[-73.81581,40.79904],[-73.81578,40.79903],[-73.8161,40.7986],[-73.81608,40.79858],[-73.81472,40.798],[-73.81461,40.79793],[-73.81415,40.79777],[-73.81368,40.79755],[-73.81363,40.79745],[-73.81375,40.79716],[-73.8137,40.79709],[-73.81342,40.7977],[-73.81335,40.79768],[-73.81364,40.79706],[-73.8135,40.79695],[-73.81325,40.79722],[-73.81304,40.79719],[-73.81299,40.7973],[-73.81294,40.79729],[-73.81299,40.79718],[-73.81288,40.79719],[-73.81286,40.79729],[-73.81281,40.79729],[-73.81278,40.79735],[-73.81269,40.79771],[-73.81255,40.79806],[-73.81249,40.7981],[-73.81224,40.79813],[-73.81179,40.79803],[-73.81176,40.79779],[-73.81182,40.79747],[-73.81161,40.79738],[-73.8102,40.79717],[-73.8099,40.79708],[-73.80926,40.79697],[-73.80879,40.7968],[-73.80768,40.79668],[-73.80745,40.79661],[-73.80704,40.79656],[-73.80636,40.7964],[-73.80627,40.79683],[-73.80623,40.79683],[-73.80633,40.7964],[-73.80627,40.7964],[-73.80623,40.79651],[-73.80589,40.79648],[-73.80563,40.79638],[-73.8054,40.79618],[-73.80537,40.79618],[-73.80535,40.79625],[-73.80532,40.79651],[-73.80528,40.79652],[-73.80534,40.79617],[-73.80513,40.7962],[-73.80502,40.79617],[-73.8048,40.7962],[-73.80467,40.79618],[-73.80465,40.79637],[-73.80463,40.79637],[-73.80465,40.79617],[-73.80463,40.79615],[-73.80435,40.79622],[-73.80427,40.79665],[-73.80424,40.79664],[-73.80431,40.79622],[-73.80417,40.79624],[-73.80412,40.79669],[-73.80407,40.79668],[-73.80414,40.79624],[-73.80401,40.79628],[-73.80396,40.79666],[-73.80392,40.79666],[-73.80398,40.79629],[-73.80388,40.79632],[-73.80385,40.79633],[-73.80381,40.79654],[-73.80382,40.79634],[-73.80364,40.79641],[-73.80361,40.79664],[-73.80359,40.79661],[-73.80361,40.79643],[-73.80348,40.79648],[-73.80343,40.79692],[-73.8034,40.79692],[-73.80347,40.79648],[-73.80341,40.79671],[-73.80328,40.79671],[-73.80324,40.79709],[-73.80321,40.79708],[-73.80326,40.79671],[-73.80298,40.79672],[-73.80296,40.79642],[-73.80264,40.79635],[-73.80262,40.79637],[-73.80258,40.7963],[-73.8023,40.79627],[-73.80201,40.79628],[-73.80178,40.79632],[-73.80175,40.79652],[-73.80172,40.79652],[-73.80176,40.79633],[-73.80141,40.79639],[-73.80101,40.79653],[-73.80096,40.7964],[-73.80088,40.79635],[-73.80066,40.79636],[-73.80062,40.79644],[-73.80048,40.79629],[-73.80039,40.79627],[-73.80037,40.79635],[-73.80029,40.79633],[-73.80032,40.79626],[-73.8003,40.79626],[-73.80021,40.79628],[-73.80016,40.79646],[-73.80013,40.79646],[-73.80018,40.79628],[-73.79983,40.79619],[-73.79968,40.79618],[-73.79965,40.79621],[-73.79968,40.79633],[-73.79961,40.79634],[-73.79951,40.79625],[-73.79938,40.79618],[-73.79933,40.7961],[-73.79874,40.79598],[-73.79859,40.79591],[-73.79836,40.79572],[-73.79813,40.79562],[-73.7979,40.79557],[-73.79767,40.79595],[-73.7977,40.79596],[-73.79767,40.796],[-73.79758,40.79598],[-73.79764,40.79594],[-73.79787,40.79556],[-73.7975,40.79547],[-73.79724,40.79546],[-73.79725,40.79535],[-73.79674,40.79522],[-73.79652,40.7956],[-73.79654,40.79561],[-73.79651,40.79566],[-73.79649,40.79565],[-73.79644,40.79564],[-73.79649,40.79559],[-73.79671,40.79521],[-73.7965,40.79513],[-73.79614,40.79503],[-73.79565,40.79499],[-73.79529,40.79499],[-73.79509,40.79507],[-73.79506,40.79505],[-73.79506,40.79496],[-73.79495,40.79491],[-73.79471,40.7949],[-73.7946,40.79495],[-73.79438,40.7948],[-73.79441,40.79478],[-73.79453,40.79481],[-73.79456,40.79475],[-73.79432,40.79435],[-73.79428,40.79407],[-73.79438,40.79386],[-73.79431,40.79367],[-73.79432,40.79359],[-73.79464,40.79311],[-73.79466,40.79294],[-73.79458,40.79271],[-73.7948,40.79261],[-73.79484,40.79254],[-73.79496,40.79191],[-73.79495,40.79176],[-73.79487,40.79165],[-73.79478,40.79131],[-73.79375,40.78907],[-73.79373,40.78904],[-73.79365,40.78907],[-73.79339,40.78949],[-73.79341,40.78955],[-73.79338,40.78959],[-73.79324,40.78954],[-73.79333,40.78947],[-73.79362,40.789],[-73.79336,40.78896],[-73.79302,40.78883],[-73.79281,40.78879],[-73.79259,40.7888],[-73.79235,40.78892],[-73.79206,40.7891],[-73.79192,40.78927],[-73.791,40.78995],[-73.79028,40.79033],[-73.78989,40.79038],[-73.78931,40.79039],[-73.78836,40.79034],[-73.78799,40.79036],[-73.7875,40.79032],[-73.78568,40.79035],[-73.78384,40.79065],[-73.78318,40.79087],[-73.78253,40.79129],[-73.78252,40.79136],[-73.78441,40.79168],[-73.78434,40.79176],[-73.78227,40.79138],[-73.78175,40.79114],[-73.78124,40.79149],[-73.78108,40.79169],[-73.7809,40.7922],[-73.78078,40.793],[-73.78078,40.7932],[-73.78085,40.79326],[-73.78084,40.79329],[-73.78159,40.79347],[-73.78164,40.79332],[-73.78169,40.79333],[-73.78161,40.79346],[-73.78166,40.79349],[-73.78164,40.79353],[-73.78082,40.79333],[-73.78081,40.79336],[-73.78073,40.79334],[-73.7807,40.79366],[-73.78079,40.79404],[-73.78101,40.79439],[-73.78153,40.79473],[-73.78181,40.79481],[-73.78191,40.79491],[-73.78258,40.79489],[-73.78311,40.79492],[-73.78332,40.79477],[-73.78326,40.79493],[-73.78318,40.79499],[-73.78311,40.795],[-73.78237,40.79497],[-73.782,40.79498],[-73.78183,40.79509],[-73.78173,40.79544],[-73.78166,40.79557],[-73.78154,40.79567],[-73.7799,40.79625],[-73.7798,40.79621],[-73.77945,40.79658],[-73.77947,40.79662],[-73.77943,40.79667],[-73.77936,40.79669],[-73.77929,40.79668],[-73.77927,40.79665],[-73.77872,40.79661],[-73.77852,40.79669],[-73.77827,40.79673],[-73.77752,40.79665],[-73.77687,40.79645],[-73.77618,40.7961],[-73.77505,40.79509],[-73.77472,40.79487],[-73.77432,40.79443],[-73.77415,40.79415],[-73.77401,40.79404],[-73.77404,40.79395],[-73.77402,40.79378],[-73.77394,40.79353],[-73.77376,40.79317],[-73.77375,40.79305],[-73.77363,40.79276],[-73.77321,40.79225],[-73.77288,40.79201],[-73.77236,40.79155],[-73.77227,40.79105],[-73.77224,40.79067],[-73.77225,40.79049],[-73.77213,40.79019],[-73.77203,40.79007],[-73.77178,40.78991],[-73.77174,40.78983],[-73.77175,40.7897],[-73.77167,40.7896],[-73.77088,40.78879],[-73.77063,40.78847],[-73.77082,40.78799],[-73.77174,40.78747],[-73.77199,40.78736],[-73.77228,40.78731],[-73.77379,40.78684],[-73.77397,40.78679],[-73.77427,40.78676],[-73.77435,40.78678],[-73.77439,40.78682],[-73.77439,40.78687],[-73.7742,40.78697],[-73.77423,40.78707],[-73.77433,40.78709],[-73.77445,40.78719],[-73.77502,40.7874],[-73.77629,40.78852],[-73.77634,40.7885],[-73.77505,40.7872],[-73.77486,40.78709],[-73.77481,40.78698],[-73.77474,40.78694],[-73.77463,40.78693],[-73.77446,40.78669],[-73.77427,40.78666],[-73.7741,40.7863],[-73.77408,40.78593],[-73.77161,40.783],[-73.77061,40.78209],[-73.76931,40.78079],[-73.76858,40.77989],[-73.76834,40.77964],[-73.76816,40.77964],[-73.76814,40.7796],[-73.76823,40.77951],[-73.7682,40.77945],[-73.76716,40.77979],[-73.76721,40.77988],[-73.767,40.77994],[-73.76707,40.78008],[-73.76703,40.78009],[-73.76693,40.77993],[-73.76696,40.77991],[-73.76689,40.77979],[-73.76678,40.77982],[-73.76676,40.77979],[-73.76709,40.77968],[-73.76714,40.77975],[-73.76816,40.77941],[-73.7678,40.77875],[-73.76761,40.77831],[-73.76762,40.778],[-73.76709,40.77685],[-73.76633,40.77585],[-73.76614,40.77548],[-73.76601,40.77508],[-73.76573,40.77461],[-73.76511,40.77381],[-73.7647,40.77335],[-73.76418,40.77284],[-73.76126,40.7704],[-73.76061,40.76977],[-73.76044,40.76949],[-73.7596,40.76873],[-73.75938,40.76864],[-73.75894,40.76834],[-73.75881,40.76819],[-73.75884,40.76805],[-73.75883,40.76778],[-73.75864,40.76737],[-73.75842,40.76721],[-73.75803,40.76708],[-73.75787,40.76695],[-73.75761,40.76698],[-73.75752,40.76712],[-73.75739,40.76717],[-73.75735,40.76708],[-73.75703,40.76683],[-73.75693,40.76681],[-73.75641,40.76652],[-73.75651,40.76635],[-73.75629,40.76635],[-73.75602,40.76647],[-73.75588,40.76642],[-73.75547,40.76637],[-73.75494,40.7661],[-73.75426,40.76554],[-73.7541,40.76536],[-73.75402,40.76532],[-73.75388,40.76536],[-73.75377,40.76531],[-73.75381,40.76508],[-73.75356,40.76488],[-73.75341,40.7647],[-73.75331,40.76465],[-73.75312,40.76444],[-73.75298,40.76435],[-73.75265,40.76421],[-73.75269,40.76414],[-73.75219,40.76384],[-73.75205,40.76363],[-73.75178,40.7629],[-73.7515,40.76237],[-73.75105,40.76191],[-73.75104,40.76185],[-73.75109,40.76181],[-73.75108,40.76177],[-73.7509,40.76167],[-73.75073,40.76175],[-73.75058,40.76169],[-73.75041,40.76152],[-73.74999,40.76134],[-73.74915,40.7612],[-73.74861,40.76094],[-73.74846,40.76084],[-73.74823,40.76051],[-73.74779,40.76015],[-73.74773,40.76005],[-73.74754,40.75987],[-73.74717,40.75963],[-73.74673,40.75945],[-73.74656,40.75935],[-73.74629,40.75907],[-73.74634,40.75871],[-73.7463,40.75858],[-73.74642,40.75848],[-73.74638,40.7584],[-73.74643,40.75822],[-73.74637,40.75804],[-73.74624,40.75793],[-73.74628,40.75781],[-73.74621,40.75772],[-73.74613,40.75769],[-73.74598,40.75774],[-73.74583,40.75785],[-73.74576,40.75784],[-73.74546,40.75756],[-73.74527,40.75747],[-73.74516,40.75733],[-73.74494,40.75719],[-73.74487,40.75704],[-73.74477,40.75702],[-73.74464,40.7569],[-73.74464,40.7567],[-73.74469,40.75665],[-73.74466,40.75657],[-73.74456,40.75657],[-73.74454,40.75664],[-73.74458,40.75692],[-73.74487,40.75721],[-73.74509,40.75734],[-73.74528,40.75753],[-73.74537,40.75755],[-73.74576,40.75792],[-73.74584,40.75793],[-73.74605,40.75782],[-73.74616,40.75792],[-73.7462,40.75801],[-73.74631,40.75806],[-73.74627,40.75844],[-73.7461,40.75863],[-73.74606,40.75877],[-73.74616,40.75903],[-73.74636,40.7593],[-73.74656,40.75946],[-73.74709,40.75969],[-73.7475,40.75998],[-73.74765,40.76023],[-73.74825,40.76085],[-73.74835,40.76103],[-73.74837,40.76119],[-73.74854,40.76139],[-73.74889,40.76158],[-73.74887,40.76168],[-73.74908,40.76168],[-73.74906,40.76158],[-73.74915,40.76161],[-73.74922,40.76159],[-73.74925,40.76155],[-73.74918,40.76139],[-73.75004,40.76158],[-73.75019,40.76165],[-73.75057,40.76192],[-73.75064,40.76207],[-73.75098,40.76231],[-73.75123,40.76253],[-73.75142,40.76277],[-73.75151,40.76296],[-73.75157,40.76317],[-73.75156,40.76332],[-73.7517,40.76366],[-73.75222,40.76418],[-73.75225,40.76428],[-73.7524,40.76436],[-73.75251,40.76454],[-73.75274,40.76459],[-73.75305,40.76483],[-73.75321,40.76514],[-73.75348,40.76547],[-73.75371,40.76568],[-73.7538,40.76585],[-73.75402,40.76605],[-73.75415,40.76631],[-73.75436,40.76647],[-73.75464,40.76694],[-73.75489,40.76719],[-73.75507,40.76754],[-73.75508,40.76767],[-73.75496,40.768],[-73.75487,40.76813],[-73.75483,40.76833],[-73.75486,40.76841],[-73.75479,40.76846],[-73.7547,40.76863],[-73.75449,40.76867],[-73.7544,40.76876],[-73.75444,40.76879],[-73.75467,40.76878],[-73.75472,40.7688],[-73.75473,40.76901],[-73.75468,40.76926],[-73.75471,40.76975],[-73.75477,40.76991],[-73.75487,40.77004],[-73.75521,40.77068],[-73.75533,40.77101],[-73.75551,40.77095],[-73.75554,40.77099],[-73.75534,40.77103],[-73.7555,40.77129],[-73.75557,40.77154],[-73.75543,40.77165],[-73.75508,40.77172],[-73.75512,40.77184],[-73.75508,40.77185],[-73.75506,40.77173],[-73.75438,40.77205],[-73.75357,40.7727],[-73.75341,40.77297],[-73.75337,40.77322],[-73.75368,40.77398],[-73.75384,40.77423],[-73.75396,40.77431],[-73.75411,40.77472],[-73.75415,40.77505],[-73.75419,40.77514],[-73.75428,40.77519],[-73.75424,40.77528],[-73.75442,40.77556],[-73.75466,40.77584],[-73.7548,40.77591],[-73.75489,40.7762],[-73.75514,40.77642],[-73.75519,40.77651],[-73.75518,40.77655],[-73.75502,40.77665],[-73.75486,40.7769],[-73.75487,40.77699],[-73.75498,40.77705],[-73.7549,40.77721],[-73.75481,40.77763],[-73.75542,40.77764],[-73.75543,40.77759],[-73.75552,40.77759],[-73.75552,40.77771],[-73.75542,40.77771],[-73.75542,40.77766],[-73.75481,40.77764],[-73.75471,40.77773],[-73.75457,40.77796],[-73.75465,40.778],[-73.75444,40.77813],[-73.7543,40.77841],[-73.75426,40.77864],[-73.75411,40.77903],[-73.75413,40.77939],[-73.75403,40.77961],[-73.75393,40.77977],[-73.75301,40.78087],[-73.753,40.7813],[-73.75236,40.78188],[-73.75232,40.78201],[-73.75218,40.78213],[-73.75184,40.78235],[-73.75173,40.78236],[-73.75135,40.78254],[-73.75107,40.78261],[-73.75072,40.78264],[-73.75021,40.78241],[-73.74998,40.78214],[-73.74992,40.78194],[-73.74973,40.7819],[-73.74954,40.78179],[-73.74925,40.78154],[-73.74911,40.78128],[-73.74899,40.78119],[-73.74896,40.78107],[-73.74852,40.78088],[-73.7484,40.78088],[-73.74825,40.78077],[-73.74803,40.78049],[-73.74802,40.78038],[-73.74806,40.78029],[-73.74815,40.78025],[-73.748,40.78021],[-73.74787,40.78008],[-73.74778,40.77995],[-73.74775,40.77986],[-73.74768,40.77985],[-73.74765,40.77972],[-73.74736,40.77939],[-73.74749,40.77921],[-73.74758,40.77921],[-73.74778,40.77912],[-73.74758,40.77905],[-73.74747,40.77904],[-73.7474,40.77907],[-73.74728,40.7789],[-73.74717,40.77886],[-73.74701,40.77887],[-73.74694,40.77891],[-73.74689,40.7789],[-73.74682,40.77905],[-73.7468,40.77904],[-73.74687,40.77889],[-73.74646,40.77858],[-73.74646,40.7785],[-73.74623,40.77835],[-73.74618,40.77838],[-73.74601,40.77827],[-73.74598,40.77821],[-73.7459,40.77816],[-73.74576,40.77788],[-73.74572,40.77784],[-73.74564,40.77784],[-73.74559,40.77772],[-73.74563,40.77769],[-73.74549,40.77758],[-73.7455,40.77751],[-73.74547,40.77745],[-73.74553,40.77738],[-73.74548,40.77734],[-73.7454,40.77735],[-73.74545,40.77731],[-73.74537,40.77725],[-73.74535,40.77716],[-73.7453,40.77729],[-73.74543,40.77746],[-73.74546,40.77759],[-73.74553,40.77766],[-73.74551,40.77772],[-73.74561,40.77786],[-73.7456,40.77795],[-73.74567,40.77807],[-73.74569,40.77816],[-73.74578,40.77829],[-73.74611,40.77846],[-73.74611,40.77853],[-73.74597,40.77863],[-73.74596,40.77883],[-73.74601,40.77888],[-73.74555,40.77893],[-73.74541,40.77899],[-73.74519,40.77875],[-73.74518,40.77859],[-73.74522,40.77853],[-73.74508,40.77826],[-73.74484,40.77818],[-73.74467,40.77801],[-73.74462,40.77793],[-73.74467,40.77783],[-73.74493,40.77763],[-73.74513,40.77757],[-73.74524,40.77741],[-73.74515,40.77719],[-73.7452,40.77702],[-73.74525,40.77697],[-73.74522,40.77688],[-73.74509,40.77677],[-73.74502,40.77661],[-73.74494,40.77664],[-73.74495,40.77672],[-73.74512,40.77691],[-73.74514,40.77701],[-73.74507,40.77714],[-73.7451,40.77739],[-73.74508,40.77746],[-73.74484,40.77757],[-73.74479,40.77763],[-73.74467,40.77769],[-73.74472,40.7775],[-73.74449,40.77743],[-73.74443,40.77746],[-73.74438,40.77764],[-73.74446,40.77767],[-73.74448,40.77774],[-73.74441,40.77801],[-73.74442,40.77813],[-73.74438,40.77818],[-73.74415,40.77818],[-73.74409,40.77826],[-73.74413,40.77837],[-73.74427,40.77841],[-73.74433,40.7784],[-73.74434,40.77844],[-73.7443,40.77849],[-73.74404,40.7786],[-73.74152,40.77711],[-73.74076,40.7767],[-73.74008,40.77622],[-73.73938,40.77602],[-73.73912,40.77571],[-73.73886,40.77558],[-73.7377,40.7748],[-73.73688,40.77434],[-73.73389,40.77254],[-73.73129,40.77082],[-73.72954,40.76978],[-73.72686,40.76809],[-73.72379,40.76625],[-73.72153,40.76483],[-73.72098,40.76477],[-73.72081,40.76466],[-73.72071,40.76454],[-73.72022,40.7642],[-73.71658,40.76179],[-73.71352,40.75985],[-73.71245,40.75925],[-73.70783,40.75622],[-73.70527,40.75478],[-73.70274,40.75326],[-73.70218,40.75289],[-73.70163,40.7525],[-73.70135,40.75079],[-73.70117,40.74893],[-73.70089,40.74707],[-73.70078,40.74505],[-73.70058,40.74319],[-73.70029,40.74102],[-73.70001,40.73933],[-73.70002,40.73924],[-73.70032,40.73898],[-73.70081,40.73845],[-73.70147,40.73752],[-73.70206,40.73645],[-73.70332,40.73457],[-73.70395,40.73353],[-73.70648,40.72972],[-73.70766,40.72784],[-73.7105,40.72724],[-73.71693,40.72639],[-73.72119,40.72527],[-73.72567,40.72405],[-73.72648,40.72376],[-73.72816,40.72309],[-73.72926,40.72272],[-73.72976,40.72249],[-73.73033,40.72217],[-73.72918,40.71918],[-73.72736,40.7124],[-73.72697,40.71072],[-73.7269,40.70999],[-73.72705,40.70951],[-73.72673,40.70215],[-73.72679,40.70195],[-73.72666,40.70112],[-73.72655,40.69899],[-73.7265,40.69689],[-73.7262,40.68899],[-73.72593,40.68632],[-73.7258,40.68436],[-73.72591,40.68266],[-73.72563,40.6796],[-73.7263,40.67707],[-73.72756,40.67417],[-73.72754,40.67394],[-73.72788,40.6708],[-73.728,40.66941],[-73.72817,40.66873],[-73.72824,40.66803],[-73.72822,40.66732],[-73.72827,40.66644],[-73.72822,40.66592],[-73.72811,40.66535],[-73.72786,40.66508],[-73.72788,40.6647],[-73.72781,40.66462],[-73.72777,40.66407],[-73.72783,40.66398],[-73.72782,40.66313],[-73.72833,40.66305],[-73.72815,40.66246],[-73.72805,40.66241],[-73.72793,40.66176],[-73.72721,40.66043],[-73.72645,40.65917],[-73.72557,40.65673],[-73.7255,40.65552],[-73.72499,40.65426],[-73.72506,40.65352],[-73.7251,40.65235],[-73.72523,40.65201],[-73.7265,40.65167],[-73.73052,40.65032],[-73.73207,40.6501],[-73.73514,40.64974],[-73.73905,40.64821],[-73.74144,40.6469],[-73.74144,40.64609],[-73.74166,40.64221],[-73.74205,40.64148],[-73.74142,40.64051],[-73.74228,40.64013],[-73.74126,40.63891],[-73.73947,40.63571],[-73.73996,40.63515],[-73.74001,40.63532],[-73.74067,40.63522],[-73.74067,40.6352],[-73.74077,40.63517],[-73.74075,40.63512],[-73.74097,40.63504],[-73.74098,40.63507],[-73.74104,40.63506],[-73.741,40.63509],[-73.74103,40.63513],[-73.74095,40.63515],[-73.74093,40.6351],[-73.74091,40.63513],[-73.74081,40.63516],[-73.74078,40.63513],[-73.74079,40.63517],[-73.74144,40.6351],[-73.74141,40.63499],[-73.74149,40.63509],[-73.74171,40.63505],[-73.74169,40.63496],[-73.74156,40.63497],[-73.74149,40.63502],[-73.74147,40.63495],[-73.7415,40.63498],[-73.74155,40.63497],[-73.74153,40.63492],[-73.74157,40.63495],[-73.74163,40.63494],[-73.74162,40.6349],[-73.74164,40.63494],[-73.7417,40.63493],[-73.7417,40.63489],[-73.74172,40.63494],[-73.74177,40.63493],[-73.74177,40.63489],[-73.7418,40.63499],[-73.74177,40.63494],[-73.7417,40.63496],[-73.74172,40.63501],[-73.74177,40.635],[-73.74179,40.63503],[-73.74192,40.63501],[-73.74188,40.63492],[-73.74196,40.6349],[-73.74194,40.63498],[-73.74234,40.63505],[-73.74254,40.63518],[-73.74256,40.63529],[-73.74242,40.63539],[-73.74246,40.6354],[-73.74247,40.63536],[-73.7425,40.63536],[-73.74249,40.63544],[-73.74243,40.6354],[-73.74237,40.63556],[-73.74242,40.63558],[-73.74239,40.63564],[-73.74244,40.63565],[-73.74255,40.63545],[-73.74259,40.63546],[-73.74244,40.63572],[-73.7424,40.63571],[-73.74243,40.63566],[-73.74238,40.63565],[-73.74237,40.6357],[-73.74231,40.6357],[-73.7423,40.63575],[-73.74238,40.63578],[-73.74242,40.63576],[-73.74237,40.63582],[-73.74235,40.63582],[-73.74237,40.63578],[-73.74233,40.63577],[-73.7423,40.63582],[-73.74226,40.63581],[-73.74223,40.63586],[-73.74226,40.63587],[-73.74225,40.6359],[-73.74221,40.63589],[-73.74198,40.63622],[-73.74159,40.63657],[-73.74162,40.6366],[-73.74158,40.63658],[-73.74148,40.63668],[-73.74149,40.63669],[-73.74147,40.63672],[-73.74155,40.63673],[-73.74151,40.63677],[-73.74146,40.63673],[-73.7414,40.63676],[-73.74125,40.63695],[-73.74124,40.637],[-73.74129,40.63701],[-73.74123,40.637],[-73.74117,40.63714],[-73.74122,40.63715],[-73.74116,40.63714],[-73.74115,40.63717],[-73.74119,40.6372],[-73.74114,40.63718],[-73.74102,40.63728],[-73.74112,40.63748],[-73.74103,40.63732],[-73.74097,40.63731],[-73.7411,40.63765],[-73.74122,40.63782],[-73.74137,40.63795],[-73.74149,40.63795],[-73.74189,40.63813],[-73.74273,40.63828],[-73.74335,40.63818],[-73.74397,40.63789],[-73.74404,40.63799],[-73.74352,40.6389],[-73.74365,40.639],[-73.74377,40.63903],[-73.74385,40.63896],[-73.74403,40.63866],[-73.74396,40.63863],[-73.74404,40.63845],[-73.74409,40.63844],[-73.74422,40.63803],[-73.74451,40.63759],[-73.7446,40.63755],[-73.74473,40.63739],[-73.74473,40.63734],[-73.74468,40.63732],[-73.74471,40.6373],[-73.74468,40.63729],[-73.7448,40.63708],[-73.74484,40.6371],[-73.74471,40.63732],[-73.74484,40.63719],[-73.745,40.63717],[-73.74517,40.63721],[-73.74564,40.63696],[-73.74598,40.63673],[-73.74627,40.63645],[-73.74643,40.63649],[-73.74661,40.63659],[-73.74678,40.63676],[-73.7468,40.63686],[-73.74646,40.63727],[-73.74614,40.63744],[-73.74604,40.63753],[-73.74597,40.63753],[-73.74527,40.63792],[-73.74525,40.63799],[-73.74517,40.63805],[-73.74516,40.63812],[-73.74528,40.63833],[-73.74538,40.6383],[-73.74567,40.63813],[-73.74551,40.63795],[-73.74644,40.63744],[-73.74692,40.63692],[-73.747,40.6369],[-73.74705,40.63695],[-73.74704,40.63706],[-73.747,40.63714],[-73.74712,40.63716],[-73.74714,40.63707],[-73.74716,40.63707],[-73.74713,40.63723],[-73.74711,40.63722],[-73.74712,40.63717],[-73.747,40.63716],[-73.747,40.63736],[-73.74694,40.63754],[-73.74705,40.63755],[-73.74704,40.63757],[-73.74694,40.63756],[-73.74688,40.63776],[-73.74678,40.63786],[-73.74686,40.63794],[-73.74687,40.63804],[-73.74675,40.63825],[-73.74664,40.6383],[-73.7466,40.63836],[-73.7465,40.63898],[-73.7464,40.63916],[-73.7464,40.63926],[-73.74633,40.63933],[-73.74637,40.63943],[-73.74633,40.63999],[-73.74617,40.6404],[-73.74629,40.64053],[-73.74636,40.64069],[-73.74636,40.64077],[-73.74628,40.64093],[-73.74637,40.6412],[-73.74632,40.6414],[-73.74636,40.64142],[-73.74638,40.64154],[-73.74654,40.6417],[-73.74675,40.64232],[-73.74688,40.64242],[-73.74691,40.64257],[-73.74702,40.64264],[-73.74719,40.64289],[-73.74723,40.64308],[-73.74729,40.64319],[-73.7474,40.64331],[-73.7475,40.64335],[-73.74752,40.64344],[-73.74758,40.64347],[-73.74764,40.64358],[-73.74783,40.64372],[-73.7479,40.64386],[-73.74808,40.64395],[-73.74814,40.64408],[-73.74843,40.64424],[-73.74875,40.64448],[-73.74877,40.64461],[-73.74869,40.64482],[-73.74869,40.64495],[-73.74878,40.64513],[-73.74881,40.64511],[-73.74887,40.64515],[-73.74885,40.64518],[-73.74904,40.64517],[-73.74929,40.64496],[-73.74945,40.64494],[-73.74957,40.64509],[-73.74977,40.64518],[-73.75007,40.64545],[-73.75053,40.64568],[-73.75063,40.64577],[-73.75115,40.64608],[-73.75136,40.64627],[-73.75167,40.64643],[-73.75171,40.64651],[-73.75197,40.64661],[-73.75327,40.64734],[-73.75341,40.64717],[-73.75321,40.64708],[-73.75323,40.64706],[-73.75354,40.6472],[-73.75353,40.64722],[-73.75342,40.64718],[-73.75329,40.64735],[-73.75346,40.64741],[-73.7536,40.6475],[-73.75389,40.64755],[-73.75406,40.64777],[-73.75428,40.64789],[-73.75439,40.6479],[-73.75451,40.64794],[-73.75476,40.64782],[-73.75488,40.6477],[-73.75493,40.64758],[-73.75461,40.64721],[-73.75379,40.64671],[-73.75366,40.64688],[-73.75377,40.64694],[-73.75374,40.64697],[-73.7534,40.64682],[-73.75344,40.64679],[-73.75361,40.64686],[-73.75376,40.64669],[-73.75057,40.64474],[-73.75033,40.64447],[-73.74908,40.64364],[-73.74871,40.64335],[-73.74825,40.64262],[-73.74777,40.6421],[-73.74753,40.64158],[-73.74742,40.64142],[-73.74741,40.64127],[-73.74755,40.64114],[-73.74751,40.64109],[-73.74749,40.64044],[-73.74744,40.64036],[-73.74744,40.64025],[-73.74749,40.63964],[-73.74755,40.63948],[-73.74753,40.63933],[-73.74762,40.63908],[-73.74762,40.63895],[-73.74768,40.63878],[-73.74774,40.63871],[-73.74773,40.63856],[-73.74783,40.63828],[-73.74784,40.63804],[-73.74793,40.63775],[-73.74795,40.63752],[-73.74803,40.63732],[-73.74813,40.63688],[-73.74827,40.63682],[-73.7484,40.63666],[-73.74846,40.63597],[-73.74843,40.63584],[-73.74845,40.63564],[-73.74856,40.63542],[-73.74869,40.63538],[-73.7488,40.63521],[-73.74904,40.63509],[-73.74925,40.63503],[-73.74936,40.63496],[-73.74987,40.63484],[-73.75007,40.63476],[-73.75049,40.63472],[-73.7507,40.63464],[-73.7511,40.63437],[-73.75149,40.63418],[-73.75158,40.63406],[-73.75203,40.63393],[-73.75219,40.63381],[-73.75234,40.63377],[-73.75244,40.63369],[-73.75264,40.63362],[-73.75295,40.63363],[-73.75349,40.63352],[-73.75353,40.63346],[-73.75375,40.63339],[-73.75376,40.63334],[-73.75414,40.63317],[-73.75438,40.63309],[-73.75458,40.63307],[-73.75467,40.63296],[-73.75479,40.63289],[-73.75511,40.63283],[-73.75523,40.63274],[-73.75539,40.63279],[-73.7555,40.63277],[-73.7556,40.6327],[-73.75562,40.63263],[-73.75568,40.63259],[-73.75629,40.63247],[-73.75636,40.63242],[-73.75671,40.63234],[-73.75679,40.63227],[-73.75698,40.63226],[-73.75739,40.63212],[-73.75747,40.63206],[-73.75755,40.63193],[-73.75774,40.63183],[-73.75822,40.63178],[-73.75844,40.63169],[-73.75855,40.63156],[-73.75901,40.6315],[-73.75913,40.63141],[-73.75931,40.63136],[-73.75945,40.63116],[-73.75983,40.63098],[-73.75993,40.631],[-73.76001,40.63098],[-73.76053,40.63067],[-73.76078,40.63068],[-73.76113,40.63052],[-73.76129,40.63053],[-73.76168,40.63045],[-73.76181,40.63035],[-73.76199,40.63033],[-73.76205,40.63026],[-73.76212,40.63029],[-73.7622,40.63027],[-73.7623,40.63016],[-73.76265,40.62998],[-73.76309,40.62967],[-73.76321,40.62968],[-73.76341,40.6296],[-73.7636,40.62959],[-73.76364,40.62957],[-73.76363,40.62951],[-73.76453,40.62923],[-73.76488,40.62941],[-73.76501,40.62942],[-73.76504,40.62938],[-73.76502,40.62934],[-73.76476,40.62921],[-73.76474,40.62918],[-73.76521,40.62899],[-73.76578,40.62867],[-73.76612,40.62854],[-73.7664,40.62836],[-73.7665,40.62826],[-73.76674,40.6279],[-73.76687,40.62758],[-73.76701,40.62753],[-73.76703,40.62733],[-73.76709,40.62724],[-73.76717,40.62703],[-73.76748,40.62651],[-73.76772,40.6262],[-73.76776,40.62612],[-73.76778,40.62593],[-73.76828,40.62534],[-73.76831,40.62513],[-73.76861,40.62474],[-73.76864,40.6245],[-73.76878,40.62433],[-73.76878,40.6242],[-73.76883,40.62411],[-73.76881,40.62402],[-73.76884,40.62395],[-73.76876,40.62383],[-73.76877,40.62376],[-73.76867,40.6236],[-73.76855,40.6232],[-73.76867,40.62274],[-73.7688,40.62253],[-73.76934,40.62215],[-73.76945,40.62202],[-73.76948,40.62203],[-73.76952,40.62213],[-73.76959,40.62188],[-73.76972,40.62177],[-73.76973,40.62167],[-73.76981,40.62159],[-73.76982,40.62141],[-73.76962,40.62116],[-73.77011,40.62026],[-73.77018,40.62001],[-73.77017,40.61993],[-73.77012,40.61988],[-73.77019,40.6198],[-73.77025,40.61983],[-73.77071,40.61986],[-73.77109,40.61999],[-73.77148,40.62021],[-73.77166,40.62042],[-73.77171,40.62068],[-73.77172,40.62097],[-73.77148,40.62161],[-73.77131,40.62178],[-73.77107,40.62215],[-73.77103,40.62228],[-73.77092,40.62241],[-73.77091,40.62258],[-73.77095,40.62266],[-73.77081,40.62296],[-73.77089,40.62301],[-73.77091,40.62309],[-73.77082,40.62329],[-73.77086,40.62334],[-73.77093,40.62338],[-73.77099,40.62333],[-73.77109,40.62334],[-73.77108,40.62326],[-73.77115,40.62323],[-73.77125,40.62329],[-73.77144,40.62329],[-73.7716,40.62341],[-73.77173,40.62359],[-73.77179,40.62351],[-73.77169,40.62347],[-73.7717,40.62345],[-73.7718,40.6235],[-73.77197,40.62328],[-73.77187,40.62323],[-73.77188,40.62321],[-73.77199,40.62326],[-73.77215,40.62305],[-73.77203,40.623],[-73.77207,40.62295],[-73.77219,40.623],[-73.77512,40.61924],[-73.77518,40.61927],[-73.77516,40.6193],[-73.77512,40.61928],[-73.77495,40.61949],[-73.775,40.61954],[-73.77494,40.61951],[-73.77477,40.61973],[-73.77482,40.61976],[-73.77481,40.61977],[-73.77476,40.61975],[-73.77458,40.61997],[-73.77464,40.61999],[-73.77462,40.62001],[-73.77457,40.61998],[-73.7744,40.62021],[-73.77444,40.62024],[-73.77439,40.62022],[-73.77422,40.62044],[-73.77427,40.62046],[-73.7742,40.62046],[-73.77403,40.62068],[-73.77409,40.6207],[-73.77407,40.62072],[-73.77402,40.62069],[-73.77385,40.62091],[-73.77389,40.62095],[-73.77383,40.62093],[-73.77366,40.62114],[-73.77372,40.62117],[-73.7737,40.62119],[-73.77365,40.62116],[-73.77348,40.62138],[-73.77352,40.62142],[-73.77347,40.6214],[-73.77329,40.62162],[-73.77335,40.62164],[-73.77334,40.62166],[-73.77329,40.62164],[-73.77311,40.62185],[-73.77315,40.62189],[-73.7731,40.62187],[-73.77293,40.62209],[-73.77298,40.62211],[-73.77297,40.62213],[-73.77291,40.62211],[-73.77275,40.62233],[-73.77279,40.62235],[-73.77273,40.62234],[-73.77256,40.62256],[-73.77261,40.62259],[-73.7726,40.6226],[-73.77255,40.62258],[-73.77237,40.6228],[-73.77243,40.62282],[-73.77236,40.62281],[-73.77221,40.62301],[-73.7724,40.6231],[-73.77236,40.62316],[-73.77217,40.62306],[-73.77201,40.62327],[-73.77219,40.62335],[-73.77217,40.62337],[-73.772,40.62329],[-73.77182,40.62351],[-73.772,40.62359],[-73.77199,40.62361],[-73.77181,40.62352],[-73.77174,40.62361],[-73.77186,40.62377],[-73.77266,40.62458],[-73.77324,40.625],[-73.77337,40.62507],[-73.77344,40.62504],[-73.77349,40.62509],[-73.77381,40.62493],[-73.77383,40.62495],[-73.77349,40.62512],[-73.7735,40.62515],[-73.77364,40.62522],[-73.77363,40.62525],[-73.77369,40.62534],[-73.77408,40.62579],[-73.77654,40.62766],[-73.77947,40.62732],[-73.78136,40.62485],[-73.7842,40.6209],[-73.78442,40.62074],[-73.78492,40.62049],[-73.78522,40.62007],[-73.78508,40.61997],[-73.78518,40.61966],[-73.78515,40.61947],[-73.78516,40.6193],[-73.78521,40.61925],[-73.78516,40.6191],[-73.78516,40.61866],[-73.78506,40.61851],[-73.78478,40.61834],[-73.78478,40.61814],[-73.78481,40.61806],[-73.78479,40.61799],[-73.78452,40.61799],[-73.7845,40.61792],[-73.78458,40.61786],[-73.78436,40.61777],[-73.78435,40.61771],[-73.78446,40.61761],[-73.78445,40.61756],[-73.78432,40.61751],[-73.7843,40.61736],[-73.78437,40.61724],[-73.78443,40.61722],[-73.78446,40.61704],[-73.78438,40.61693],[-73.78419,40.6168],[-73.78416,40.61661],[-73.7839,40.61644],[-73.78391,40.61628],[-73.78382,40.61615],[-73.78366,40.61612],[-73.78365,40.61603],[-73.78345,40.61597],[-73.78334,40.61583],[-73.78327,40.61563],[-73.78323,40.61559],[-73.78298,40.61565],[-73.78276,40.61564],[-73.78249,40.61558],[-73.78231,40.61546],[-73.78228,40.61536],[-73.78232,40.61525],[-73.7823,40.61518],[-73.78205,40.61519],[-73.78189,40.61506],[-73.78188,40.61517],[-73.78184,40.61521],[-73.78172,40.61519],[-73.78164,40.61511],[-73.7815,40.61505],[-73.78142,40.6149],[-73.78121,40.61489],[-73.78114,40.61484],[-73.78116,40.61479],[-73.78099,40.61476],[-73.7808,40.6146],[-73.78081,40.61437],[-73.78073,40.61422],[-73.78077,40.61418],[-73.78071,40.61404],[-73.78085,40.61396],[-73.78115,40.61401],[-73.78112,40.61388],[-73.78092,40.61374],[-73.78088,40.61365],[-73.78091,40.61361],[-73.78099,40.61359],[-73.78116,40.61361],[-73.78122,40.61342],[-73.78128,40.6134],[-73.78126,40.61333],[-73.78138,40.61326],[-73.7816,40.61322],[-73.78178,40.61312],[-73.78198,40.61289],[-73.78232,40.61266],[-73.78239,40.61267],[-73.78262,40.61251],[-73.78279,40.61254],[-73.78288,40.6125],[-73.78296,40.61227],[-73.78303,40.61221],[-73.78316,40.61221],[-73.78331,40.61211],[-73.78346,40.61207],[-73.78355,40.61193],[-73.78371,40.61188],[-73.78383,40.61203],[-73.78395,40.61205],[-73.78448,40.61186],[-73.78459,40.61196],[-73.78458,40.612],[-73.78464,40.61203],[-73.78473,40.61203],[-73.78477,40.61194],[-73.78498,40.61194],[-73.78507,40.61186],[-73.78507,40.61165],[-73.78521,40.61149],[-73.78523,40.61142],[-73.78545,40.61122],[-73.78551,40.61121],[-73.78578,40.611],[-73.78622,40.61092],[-73.78647,40.61069],[-73.78685,40.6108],[-73.7872,40.61066],[-73.78723,40.61045],[-73.7872,40.61039],[-73.78726,40.61033],[-73.78742,40.61027],[-73.78758,40.61025],[-73.78762,40.61032],[-73.78771,40.61037],[-73.78791,40.61029],[-73.78786,40.6102],[-73.78824,40.61013],[-73.78829,40.61018],[-73.78836,40.61012],[-73.78837,40.61006],[-73.78854,40.61003],[-73.7886,40.61013],[-73.78866,40.6101],[-73.78872,40.61],[-73.78871,40.60987],[-73.7888,40.60974],[-73.78876,40.60965],[-73.78884,40.60965],[-73.78894,40.60956],[-73.78908,40.60956],[-73.78912,40.60939],[-73.7891,40.60932],[-73.78902,40.60923],[-73.78929,40.60915],[-73.78948,40.60916],[-73.78965,40.60906],[-73.78996,40.60899],[-73.79,40.60892],[-73.79011,40.60887],[-73.7901,40.60881],[-73.79001,40.60878],[-73.79001,40.60869],[-73.79018,40.60857],[-73.7904,40.60851],[-73.79047,40.60846],[-73.79047,40.60831],[-73.79038,40.60825],[-73.79055,40.60812],[-73.79072,40.60814],[-73.79086,40.60806],[-73.79084,40.60788],[-73.79089,40.60783],[-73.79088,40.6077],[-73.79099,40.60769],[-73.79099,40.60773],[-73.79105,40.60776],[-73.79134,40.60775],[-73.79139,40.60768],[-73.7914,40.60762],[-73.79148,40.60766],[-73.7916,40.60782],[-73.79151,40.60816],[-73.79141,40.60824],[-73.79116,40.60826],[-73.79107,40.60839],[-73.79117,40.60848],[-73.79142,40.60861],[-73.79148,40.60871],[-73.79173,40.60877],[-73.79193,40.60875],[-73.79209,40.60877],[-73.79275,40.60865],[-73.79293,40.60868],[-73.79306,40.60878],[-73.79321,40.60879],[-73.79327,40.60884],[-73.79331,40.60893],[-73.7934,40.60899],[-73.79365,40.60899],[-73.79373,40.60906],[-73.79378,40.60916],[-73.79395,40.60926],[-73.79394,40.6093],[-73.79384,40.60935],[-73.79385,40.60943],[-73.7939,40.60948],[-73.79398,40.60949],[-73.79406,40.60958],[-73.79419,40.60961],[-73.79425,40.60959],[-73.79434,40.60962],[-73.79454,40.60976],[-73.79455,40.60979],[-73.79446,40.60982],[-73.79447,40.60986],[-73.79453,40.60992],[-73.79456,40.61002],[-73.79481,40.61026],[-73.79476,40.61028],[-73.79481,40.61039],[-73.79506,40.6105],[-73.79566,40.61055],[-73.79603,40.61074],[-73.79625,40.61077],[-73.79655,40.61094],[-73.7968,40.61102],[-73.7969,40.61102],[-73.79693,40.61103],[-73.79692,40.61112],[-73.79697,40.61115],[-73.79737,40.61116],[-73.79736,40.61126],[-73.79746,40.61133],[-73.79771,40.61129],[-73.79838,40.61132],[-73.79851,40.61136],[-73.79849,40.61147],[-73.79853,40.61152],[-73.79864,40.61155],[-73.79899,40.61149],[-73.79913,40.61162],[-73.79911,40.61195],[-73.79917,40.61203],[-73.79932,40.61203],[-73.79938,40.61201],[-73.79939,40.61196],[-73.79961,40.61188],[-73.79971,40.61189],[-73.79989,40.61179],[-73.79989,40.61175],[-73.80002,40.61165],[-73.80026,40.61161],[-73.80034,40.61168],[-73.80054,40.61166],[-73.80057,40.61171],[-73.80056,40.61178],[-73.8008,40.61194],[-73.80068,40.61202],[-73.80048,40.61201],[-73.80024,40.61209],[-73.8002,40.61215],[-73.80021,40.6122],[-73.80019,40.61226],[-73.80006,40.61252],[-73.79999,40.61258],[-73.80009,40.61269],[-73.80009,40.61274],[-73.80006,40.61284],[-73.80002,40.61287],[-73.79999,40.61306],[-73.79994,40.61315],[-73.79972,40.6132],[-73.79969,40.61325],[-73.79954,40.61326],[-73.79932,40.61337],[-73.79931,40.61344],[-73.79935,40.61353],[-73.79942,40.61357],[-73.79965,40.61362],[-73.79969,40.61379],[-73.79952,40.61392],[-73.79948,40.61418],[-73.79951,40.61426],[-73.79944,40.61431],[-73.79951,40.61433],[-73.79951,40.61441],[-73.79946,40.61447],[-73.7995,40.61458],[-73.79937,40.61474],[-73.7994,40.61491],[-73.7993,40.61505],[-73.79917,40.61512],[-73.79907,40.61534],[-73.799,40.61537],[-73.79906,40.6155],[-73.79904,40.61556],[-73.79901,40.61559],[-73.7989,40.61553],[-73.79879,40.61555],[-73.79875,40.61562],[-73.79877,40.61572],[-73.79864,40.61579],[-73.79855,40.6159],[-73.79848,40.61588],[-73.79847,40.61583],[-73.79837,40.61576],[-73.79816,40.61572],[-73.79808,40.61582],[-73.79807,40.61593],[-73.79819,40.61596],[-73.79821,40.61607],[-73.79806,40.61634],[-73.79755,40.61658],[-73.79739,40.61659],[-73.79728,40.61667],[-73.79727,40.61681],[-73.7974,40.61686],[-73.79743,40.61693],[-73.79738,40.61707],[-73.79742,40.61711],[-73.79741,40.61715],[-73.79716,40.61733],[-73.79713,40.61739],[-73.79724,40.61756],[-73.79724,40.6176],[-73.79723,40.61762],[-73.79714,40.6176],[-73.79695,40.61769],[-73.79683,40.61766],[-73.79678,40.61771],[-73.79684,40.6178],[-73.79679,40.61791],[-73.79682,40.61805],[-73.7969,40.6182],[-73.79698,40.61824],[-73.79701,40.61839],[-73.79671,40.61838],[-73.7965,40.61847],[-73.79636,40.61846],[-73.79634,40.61868],[-73.7963,40.61872],[-73.79631,40.61876],[-73.79623,40.6188],[-73.79623,40.61884],[-73.79629,40.61888],[-73.79629,40.61891],[-73.79619,40.61906],[-73.7962,40.61918],[-73.79629,40.61934],[-73.79613,40.61952],[-73.79619,40.61962],[-73.79616,40.61968],[-73.79603,40.61978],[-73.79593,40.61981],[-73.79593,40.61987],[-73.7956,40.62022],[-73.79556,40.62036],[-73.79558,40.62053],[-73.79548,40.62077],[-73.79554,40.62092],[-73.79528,40.621],[-73.79521,40.62111],[-73.79509,40.62119],[-73.79502,40.6213],[-73.79504,40.62144],[-73.79518,40.62153],[-73.79524,40.62161],[-73.79495,40.62172],[-73.7949,40.6218],[-73.79483,40.62184],[-73.79473,40.62183],[-73.79461,40.62174],[-73.79452,40.62175],[-73.79447,40.62179],[-73.79444,40.62194],[-73.79446,40.622],[-73.79467,40.62211],[-73.79471,40.62219],[-73.79467,40.62239],[-73.79458,40.62253],[-73.79436,40.62265],[-73.79369,40.62271],[-73.79341,40.62269],[-73.79227,40.62235],[-73.79188,40.62235],[-73.79143,40.62229],[-73.79076,40.62234],[-73.7905,40.62254],[-73.79034,40.6226],[-73.78993,40.6226],[-73.78973,40.62266],[-73.78956,40.6228],[-73.78916,40.62301],[-73.78902,40.62312],[-73.78898,40.62326],[-73.78883,40.6234],[-73.78823,40.62377],[-73.78594,40.62586],[-73.78536,40.62671],[-73.78498,40.62655],[-73.78488,40.62664],[-73.78363,40.62815],[-73.78329,40.62896],[-73.78349,40.63017],[-73.78378,40.63064],[-73.78435,40.63138],[-73.7857,40.6321],[-73.78594,40.63208],[-73.7865,40.63224],[-73.78691,40.63227],[-73.78743,40.63258],[-73.7878,40.63303],[-73.78832,40.63343],[-73.78936,40.63402],[-73.78943,40.63412],[-73.78943,40.63427],[-73.7895,40.63428],[-73.78958,40.63416],[-73.78972,40.63408],[-73.79043,40.63397],[-73.79077,40.63386],[-73.79084,40.63391],[-73.79067,40.63416],[-73.7907,40.63422],[-73.79079,40.63429],[-73.79804,40.6312],[-73.79797,40.63111],[-73.79812,40.63105],[-73.79828,40.63126],[-73.79812,40.63133],[-73.79806,40.63123],[-73.79081,40.63432],[-73.79108,40.63424],[-73.79121,40.6343],[-73.79131,40.63441],[-73.79131,40.63454],[-73.79123,40.63487],[-73.79175,40.6355],[-73.79198,40.63565],[-73.79222,40.6359],[-73.79309,40.63607],[-73.79344,40.63609],[-73.79426,40.63657],[-73.79443,40.63661],[-73.7946,40.63658],[-73.79475,40.63664],[-73.79487,40.63676],[-73.79516,40.63696],[-73.79544,40.63711],[-73.79559,40.63711],[-73.7958,40.63719],[-73.79591,40.63733],[-73.79635,40.63752],[-73.79669,40.63772],[-73.79691,40.63774],[-73.79695,40.63786],[-73.79726,40.63802],[-73.79765,40.63805],[-73.79786,40.63812],[-73.79823,40.63831],[-73.79853,40.63831],[-73.79864,40.63841],[-73.7989,40.63844],[-73.79909,40.63838],[-73.79924,40.63843],[-73.79974,40.63873],[-73.80016,40.6389],[-73.80045,40.63914],[-73.80177,40.63977],[-73.80298,40.64028],[-73.80466,40.64091],[-73.80566,40.64161],[-73.8058,40.64158],[-73.80609,40.64161],[-73.80642,40.64173],[-73.8067,40.64178],[-73.80865,40.64282],[-73.81003,40.64332],[-73.81076,40.6435],[-73.81115,40.64371],[-73.81148,40.644],[-73.81203,40.64431],[-73.81278,40.64451],[-73.81323,40.64457],[-73.81364,40.6447],[-73.81494,40.64534],[-73.81565,40.64564],[-73.81593,40.64561],[-73.81597,40.64568],[-73.81618,40.64579],[-73.81729,40.64596],[-73.8183,40.64628],[-73.81882,40.6466],[-73.8194,40.64736],[-73.82011,40.64811],[-73.82031,40.64829],[-73.82087,40.64866],[-73.82123,40.64898],[-73.82194,40.64982],[-73.82215,40.65014],[-73.82214,40.65059],[-73.82233,40.65141],[-73.82251,40.65196],[-73.8226,40.65241],[-73.82261,40.65279],[-73.82296,40.65343],[-73.82322,40.65412],[-73.82347,40.65532],[-73.82342,40.65603],[-73.82286,40.65768],[-73.82247,40.65917],[-73.82239,40.65931],[-73.82222,40.65949],[-73.82161,40.65994],[-73.82169,40.66004],[-73.82161,40.66008],[-73.82157,40.65997],[-73.82154,40.65998],[-73.8216,40.66009],[-73.82176,40.66004],[-73.82172,40.66007],[-73.82175,40.66013],[-73.82161,40.66017],[-73.82151,40.65999],[-73.8197,40.66073],[-73.81979,40.66082],[-73.81979,40.66085],[-73.81972,40.66088],[-73.81966,40.66075],[-73.81894,40.66105],[-73.8187,40.66111],[-73.81765,40.66096],[-73.81764,40.661],[-73.8177,40.66101],[-73.81767,40.66107],[-73.81751,40.66106],[-73.81752,40.661],[-73.81756,40.661],[-73.81757,40.66094],[-73.81657,40.66075],[-73.81614,40.66072],[-73.81613,40.66079],[-73.81618,40.6608],[-73.81616,40.66085],[-73.81598,40.66084],[-73.816,40.66078],[-73.81604,40.66078],[-73.81605,40.66072],[-73.81546,40.66067],[-73.81468,40.66052],[-73.81467,40.66059],[-73.8147,40.66059],[-73.81468,40.66066],[-73.81457,40.66064],[-73.81463,40.66051],[-73.81409,40.66043],[-73.81309,40.6602],[-73.81262,40.66017],[-73.81231,40.66021],[-73.81193,40.6602],[-73.8115,40.66023],[-73.81144,40.66026],[-73.81142,40.66032],[-73.8113,40.66038],[-73.81125,40.66055],[-73.8113,40.66064],[-73.81141,40.66067],[-73.81152,40.66078],[-73.81201,40.66089],[-73.81286,40.66101],[-73.81509,40.66146],[-73.81708,40.66179],[-73.81725,40.66179],[-73.81769,40.66192],[-73.8183,40.66198],[-73.8185,40.66206],[-73.81851,40.66211],[-73.81867,40.66214],[-73.81873,40.66206],[-73.81874,40.66208],[-73.81879,40.66206],[-73.819,40.66194],[-73.82005,40.66159],[-73.8202,40.66149],[-73.82028,40.66148],[-73.82149,40.66097],[-73.82203,40.66079],[-73.82233,40.66062],[-73.82293,40.66045],[-73.82323,40.66028],[-73.82348,40.66007],[-73.82407,40.65849],[-73.8241,40.6581],[-73.82427,40.65779],[-73.82404,40.65776],[-73.82406,40.6577],[-73.82427,40.65775],[-73.82433,40.65739],[-73.82444,40.65721],[-73.82492,40.65568],[-73.82493,40.65545],[-73.82451,40.65403],[-73.82444,40.6539],[-73.8243,40.65348],[-73.82415,40.65287],[-73.82414,40.65265],[-73.82393,40.6522],[-73.82381,40.65155],[-73.82364,40.65113],[-73.82348,40.65048],[-73.82347,40.64978],[-73.82342,40.64947],[-73.82333,40.64919],[-73.82318,40.64917],[-73.82291,40.6481],[-73.823,40.64804],[-73.82311,40.64801],[-73.8232,40.64802],[-73.82349,40.64846],[-73.82387,40.64883],[-73.82394,40.64895],[-73.82391,40.64912],[-73.82396,40.6492],[-73.82409,40.64927],[-73.82445,40.64934],[-73.82459,40.64949],[-73.82472,40.6495],[-73.82475,40.64944],[-73.82483,40.6494],[-73.825,40.64939],[-73.82515,40.64948],[-73.82534,40.64967],[-73.82546,40.64967],[-73.82552,40.64957],[-73.82563,40.64949],[-73.82578,40.64947],[-73.82589,40.64949],[-73.82596,40.64954],[-73.82606,40.64972],[-73.82611,40.65004],[-73.82615,40.65009],[-73.82625,40.65007],[-73.8263,40.65003],[-73.82622,40.6499],[-73.8262,40.64982],[-73.82612,40.64974],[-73.82618,40.64962],[-73.82617,40.64954],[-73.82622,40.64948],[-73.82637,40.64943],[-73.82641,40.6493],[-73.82636,40.64905],[-73.8263,40.64896],[-73.82622,40.64837],[-73.8265,40.64834],[-73.8268,40.64864],[-73.82702,40.64877],[-73.82742,40.6489],[-73.82846,40.64913],[-73.82892,40.64939],[-73.82906,40.64951],[-73.82928,40.64959],[-73.82942,40.64974],[-73.8296,40.64984],[-73.83001,40.65034],[-73.82987,40.65044],[-73.83001,40.65091],[-73.83038,40.65116],[-73.83053,40.65134],[-73.8307,40.65141],[-73.83094,40.65163],[-73.8311,40.65226],[-73.83132,40.65273],[-73.83129,40.65349],[-73.83156,40.65361],[-73.83161,40.65376],[-73.83158,40.65382],[-73.83118,40.65418],[-73.8312,40.6542],[-73.83043,40.65484],[-73.83016,40.65501],[-73.83014,40.65504],[-73.83017,40.65502],[-73.83021,40.65504],[-73.83018,40.65507],[-73.83013,40.65505],[-73.83008,40.65515],[-73.82917,40.65587],[-73.82904,40.65603],[-73.82902,40.65612],[-73.82911,40.65612],[-73.82919,40.65608],[-73.82967,40.65561],[-73.82985,40.65565],[-73.83015,40.65567],[-73.83031,40.65563],[-73.83044,40.65553],[-73.83058,40.65533],[-73.83056,40.65516],[-73.83055,40.65537],[-73.83053,40.65537],[-73.83054,40.65492],[-73.83057,40.65515],[-73.83056,40.6549],[-73.8306,40.65482],[-73.83134,40.65418],[-73.83145,40.65411],[-73.83147,40.65412],[-73.83171,40.65394],[-73.83195,40.65404],[-73.832,40.65401],[-73.83206,40.65405],[-73.83212,40.65428],[-73.832,40.65445],[-73.83216,40.65452],[-73.83222,40.65447],[-73.83217,40.65454],[-73.83205,40.65449],[-73.83191,40.65464],[-73.83186,40.65462],[-73.83149,40.65499],[-73.83141,40.6552],[-73.83136,40.65548],[-73.83116,40.65593],[-73.83093,40.65604],[-73.83075,40.65608],[-73.83021,40.65635],[-73.83008,40.65648],[-73.83009,40.65651],[-73.83003,40.65658],[-73.82993,40.65658],[-73.8298,40.6565],[-73.82956,40.65643],[-73.82938,40.65651],[-73.82926,40.65661],[-73.82924,40.65667],[-73.82931,40.65694],[-73.8291,40.65714],[-73.82897,40.65721],[-73.82901,40.65743],[-73.82918,40.65781],[-73.82933,40.65789],[-73.82952,40.65792],[-73.82966,40.6581],[-73.83013,40.65841],[-73.83012,40.65846],[-73.83005,40.6585],[-73.82985,40.65848],[-73.82971,40.65851],[-73.82963,40.65857],[-73.8296,40.65867],[-73.82976,40.65896],[-73.82993,40.65919],[-73.83001,40.65956],[-73.83012,40.6598],[-73.83016,40.65981],[-73.83018,40.65977],[-73.83012,40.65965],[-73.83001,40.65917],[-73.82983,40.65897],[-73.8297,40.65866],[-73.82971,40.65861],[-73.82979,40.65858],[-73.83,40.6586],[-73.8302,40.65852],[-73.83025,40.65844],[-73.83025,40.65836],[-73.83001,40.65818],[-73.82983,40.65812],[-73.82963,40.65785],[-73.82952,40.65781],[-73.82937,40.6578],[-73.82923,40.65771],[-73.82907,40.65745],[-73.8291,40.65734],[-73.82935,40.65711],[-73.8295,40.65691],[-73.82946,40.6567],[-73.8295,40.65666],[-73.8299,40.65674],[-73.83009,40.65674],[-73.83019,40.6567],[-73.83039,40.65644],[-73.83051,40.65635],[-73.83107,40.65615],[-73.83127,40.65601],[-73.83144,40.65577],[-73.83147,40.65556],[-73.83155,40.65542],[-73.83155,40.65525],[-73.83162,40.6552],[-73.83175,40.65497],[-73.83185,40.65489],[-73.83218,40.6549],[-73.83277,40.6568],[-73.8329,40.65749],[-73.83278,40.65756],[-73.83209,40.65614],[-73.83195,40.65618],[-73.8326,40.65783],[-73.83202,40.65809],[-73.83111,40.65824],[-73.83113,40.65833],[-73.83127,40.65837],[-73.83339,40.65806],[-73.83306,40.6567],[-73.83281,40.65583],[-73.83217,40.65335],[-73.83157,40.65118],[-73.83119,40.65076],[-73.83109,40.65006],[-73.8308,40.64898],[-73.83149,40.6479],[-73.83454,40.64803],[-73.8351,40.64819],[-73.83557,40.64844],[-73.83569,40.64862],[-73.8357,40.64873],[-73.83578,40.64892],[-73.8358,40.64912],[-73.83597,40.64936],[-73.83845,40.65937],[-73.83881,40.66095],[-73.83862,40.66104],[-73.83863,40.66109],[-73.83884,40.66113],[-73.83885,40.66119],[-73.8389,40.66119],[-73.83893,40.66128],[-73.83886,40.66122],[-73.83889,40.66141],[-73.83808,40.6616],[-73.83814,40.66208],[-73.83822,40.66223],[-73.83844,40.66235],[-73.83872,40.66242],[-73.8397,40.66225],[-73.83963,40.662],[-73.83998,40.66191],[-73.83973,40.66096],[-73.83964,40.66049],[-73.83929,40.65925],[-73.83897,40.65758],[-73.8385,40.65591],[-73.8384,40.65582],[-73.83806,40.65424],[-73.83681,40.64926],[-73.83592,40.64551],[-73.83633,40.64533],[-73.83861,40.64536],[-73.8399,40.64513],[-73.84017,40.64504],[-73.84039,40.6449],[-73.84126,40.64489],[-73.8458,40.64411],[-73.84951,40.64414],[-73.85208,40.64618],[-73.85221,40.64639],[-73.85236,40.64671],[-73.85243,40.64717],[-73.85242,40.6474],[-73.85234,40.64769],[-73.85226,40.64787],[-73.85208,40.64813],[-73.85194,40.64859],[-73.85176,40.64884],[-73.85173,40.64892],[-73.85159,40.6491],[-73.8515,40.64913],[-73.85144,40.64911],[-73.85137,40.64919],[-73.85134,40.64919],[-73.8513,40.64909],[-73.85119,40.64908],[-73.85103,40.6491],[-73.85091,40.64918],[-73.85093,40.64942],[-73.85091,40.64949],[-73.85083,40.64952],[-73.85081,40.64957],[-73.85078,40.64981],[-73.85061,40.6498],[-73.85058,40.64987],[-73.85061,40.65024],[-73.85059,40.65035],[-73.85052,40.65039],[-73.85038,40.65028],[-73.85044,40.65038],[-73.85042,40.65049],[-73.85024,40.65055],[-73.85016,40.65066],[-73.84986,40.65084],[-73.84969,40.65089],[-73.84969,40.65093],[-73.84943,40.65094],[-73.84926,40.65104],[-73.84921,40.65114],[-73.84922,40.65118],[-73.84934,40.6513],[-73.8494,40.65144],[-73.8495,40.65151],[-73.84964,40.65154],[-73.84992,40.65167],[-73.85012,40.65168],[-73.85024,40.65159],[-73.85045,40.65161],[-73.8507,40.65151],[-73.85079,40.65154],[-73.85121,40.65138],[-73.85149,40.65121],[-73.85179,40.65082],[-73.85206,40.65081],[-73.85231,40.65061],[-73.85251,40.65056],[-73.85322,40.65066],[-73.85403,40.65067],[-73.85439,40.65082],[-73.85496,40.65098],[-73.85511,40.65119],[-73.85525,40.65128],[-73.85543,40.65131],[-73.85572,40.65126],[-73.85592,40.65132],[-73.85616,40.6515],[-73.85628,40.65166],[-73.85633,40.65184],[-73.85633,40.65214],[-73.85638,40.65223],[-73.85652,40.65235],[-73.85658,40.65263],[-73.85671,40.65281],[-73.85691,40.65295],[-73.85706,40.65297],[-73.85719,40.65294],[-73.8573,40.65284],[-73.85752,40.65283],[-73.85772,40.65273],[-73.85828,40.653],[-73.85852,40.65332],[-73.85857,40.65373],[-73.85877,40.65404],[-73.85876,40.65417],[-73.859,40.65429],[-73.85916,40.65441],[-73.85927,40.65465],[-73.85928,40.65484],[-73.85933,40.65495],[-73.85957,40.65508],[-73.85961,40.65516],[-73.85996,40.6555],[-73.86073,40.65606],[-73.86084,40.65618],[-73.86106,40.65626],[-73.86137,40.65642],[-73.86135,40.65649],[-73.8614,40.65659],[-73.86136,40.6566],[-73.86099,40.65655],[-73.86068,40.65659],[-73.86062,40.65647],[-73.86062,40.65665],[-73.86044,40.65671],[-73.86045,40.65674],[-73.86052,40.65678],[-73.86045,40.65684],[-73.86031,40.65691],[-73.86021,40.65702],[-73.86016,40.65702],[-73.86011,40.65682],[-73.86007,40.65679],[-73.86003,40.65683],[-73.86006,40.65698],[-73.85984,40.65699],[-73.85996,40.65706],[-73.86008,40.65706],[-73.85994,40.65723],[-73.85992,40.65722],[-73.85981,40.65733],[-73.85979,40.65744],[-73.85994,40.65773],[-73.85971,40.65785],[-73.85957,40.65804],[-73.85956,40.65821],[-73.85964,40.65847],[-73.8599,40.6586],[-73.86026,40.65864],[-73.86031,40.65879],[-73.8602,40.65887],[-73.86023,40.65891],[-73.86045,40.6588],[-73.86039,40.65863],[-73.86051,40.65856],[-73.86051,40.65851],[-73.86057,40.65848],[-73.86064,40.65851],[-73.86072,40.65842],[-73.86093,40.65836],[-73.86098,40.65839],[-73.86098,40.65853],[-73.86086,40.65873],[-73.86062,40.65884],[-73.86049,40.659],[-73.86049,40.65919],[-73.86061,40.65933],[-73.86072,40.65931],[-73.86079,40.65924],[-73.86086,40.65901],[-73.86103,40.65892],[-73.86125,40.65873],[-73.86132,40.65852],[-73.86127,40.65827],[-73.86125,40.65823],[-73.86096,40.65807],[-73.86054,40.6581],[-73.86039,40.65825],[-73.86011,40.65834],[-73.85977,40.65829],[-73.85978,40.65825],[-73.86003,40.65812],[-73.86004,40.65804],[-73.8602,40.658],[-73.86022,40.65792],[-73.86037,40.6579],[-73.86045,40.65785],[-73.86058,40.65784],[-73.86041,40.65777],[-73.86041,40.65761],[-73.86031,40.65743],[-73.86034,40.65726],[-73.86038,40.65722],[-73.86061,40.65716],[-73.86063,40.65721],[-73.86066,40.65718],[-73.86066,40.65711],[-73.86075,40.65709],[-73.86088,40.65692],[-73.86128,40.65701],[-73.86162,40.657],[-73.86164,40.65716],[-73.86163,40.6577],[-73.86167,40.65799],[-73.8617,40.65803],[-73.8627,40.65763],[-73.86317,40.65828],[-73.86175,40.65895],[-73.86119,40.65926],[-73.86031,40.65964],[-73.85852,40.65991],[-73.85762,40.66013],[-73.85812,40.66204],[-73.85843,40.66346],[-73.85569,40.66388],[-73.85612,40.66552],[-73.85685,40.66861],[-73.85763,40.67166],[-73.86039,40.67126],[-73.86235,40.67917],[-73.86328,40.67909],[-73.8641,40.68238],[-73.865,40.68214],[-73.86602,40.68193],[-73.86632,40.68326],[-73.8666,40.68528],[-73.86746,40.68841],[-73.86806,40.69119],[-73.8686,40.69389],[-73.86869,40.69404],[-73.86841,40.69474],[-73.86892,40.69515],[-73.87402,40.6942],[-73.87951,40.69116],[-73.88378,40.68787],[-73.88452,40.68669],[-73.88808,40.6853],[-73.88909,40.68465],[-73.88963,40.68424],[-73.89016,40.68501],[-73.89258,40.6835],[-73.89418,40.68529],[-73.89531,40.68409],[-73.89578,40.68351],[-73.89629,40.68277],[-73.89647,40.68234],[-73.90116,40.68789],[-73.90043,40.68819],[-73.90189,40.69109],[-73.9014,40.6916],[-73.90279,40.69243],[-73.9058,40.69414],[-73.90492,40.69508],[-73.90481,40.69516],[-73.90426,40.69571],[-73.91107,40.69957],[-73.91181,40.69996],[-73.91068,40.70105],[-73.91291,40.70237],[-73.91181,40.70344],[-73.92189,40.7094],[-73.92075,40.71054],[-73.92122,40.7108],[-73.92155,40.71105],[-73.92224,40.71286],[-73.92314,40.7134],[-73.92404,40.71402],[-73.92406,40.71412],[-73.92368,40.71409],[-73.92405,40.71488],[-73.92412,40.71515],[-73.92382,40.71545],[-73.92353,40.71562],[-73.92279,40.71581],[-73.92233,40.71608],[-73.92064,40.71578],[-73.92057,40.71601],[-73.92061,40.71604],[-73.92224,40.71639],[-73.92249,40.71696],[-73.9228,40.71754],[-73.92347,40.71814],[-73.92344,40.71817],[-73.92356,40.71833],[-73.92365,40.71862],[-73.92394,40.71905],[-73.92397,40.71925],[-73.92397,40.71972],[-73.92395,40.71984],[-73.92388,40.7199],[-73.92384,40.72016],[-73.92408,40.7207],[-73.92423,40.7209],[-73.92417,40.72117],[-73.92425,40.72144],[-73.92451,40.72167],[-73.92465,40.72185],[-73.92491,40.72197],[-73.92514,40.72227],[-73.9252,40.72245],[-73.92517,40.72248],[-73.92509,40.72248],[-73.92474,40.72309],[-73.92458,40.72347],[-73.92452,40.72356],[-73.92442,40.7236],[-73.923,40.72368],[-73.92243,40.72362],[-73.9223,40.72363],[-73.92225,40.72369],[-73.92214,40.72372],[-73.92164,40.72359],[-73.92125,40.72342],[-73.92073,40.72332],[-73.92059,40.72353],[-73.92043,40.72356],[-73.92037,40.72369],[-73.92067,40.72377],[-73.92109,40.72382],[-73.92138,40.72392],[-73.92167,40.72406],[-73.92229,40.72419],[-73.92246,40.72418],[-73.92269,40.72425],[-73.9229,40.72427],[-73.92419,40.72428],[-73.92465,40.7244],[-73.9249,40.72451],[-73.92553,40.7249],[-73.92656,40.72568],[-73.92724,40.72642],[-73.92722,40.72647],[-73.92785,40.72701],[-73.92811,40.72727],[-73.92856,40.72785],[-73.92924,40.72827],[-73.93044,40.72857],[-73.93119,40.72865],[-73.9313,40.72873],[-73.93453,40.72911],[-73.93589,40.72947],[-73.93645,40.72968],[-73.93726,40.73014],[-73.93805,40.73052],[-73.93911,40.73139],[-73.93941,40.73194],[-73.9395,40.73221],[-73.93941,40.73224],[-73.93991,40.73328],[-73.94003,40.73325],[-73.94017,40.73349],[-73.94002,40.73355],[-73.94011,40.73376],[-73.94007,40.73377],[-73.94035,40.7342],[-73.94045,40.73444],[-73.94087,40.73508],[-73.94162,40.73581],[-73.94163,40.73585],[-73.94224,40.73619],[-73.9436,40.73673],[-73.94594,40.73751],[-73.94591,40.73758],[-73.94578,40.73756],[-73.94546,40.73776],[-73.94502,40.73789],[-73.94478,40.738],[-73.94464,40.73815],[-73.94448,40.73812],[-73.94258,40.73882],[-73.94281,40.73887],[-73.94256,40.73903],[-73.94215,40.73909],[-73.94146,40.73926],[-73.94078,40.73993],[-73.94051,40.74012],[-73.94036,40.74034],[-73.94056,40.74043],[-73.94028,40.74081],[-73.93911,40.74263],[-73.93867,40.74254],[-73.93859,40.74294],[-73.94002,40.74322],[-73.94015,40.74284],[-73.93965,40.74274],[-73.94119,40.7403],[-73.9416,40.73987],[-73.94165,40.73987],[-73.94184,40.7397],[-73.94204,40.73967],[-73.94209,40.7396],[-73.94238,40.73944],[-73.9426,40.7394],[-73.94279,40.7392],[-73.9427,40.73914],[-73.94271,40.73912],[-73.9429,40.73901],[-73.94329,40.73902],[-73.94353,40.73893],[-73.94382,40.73888],[-73.94392,40.73884],[-73.94397,40.73879],[-73.94434,40.73865],[-73.94524,40.73837],[-73.94548,40.73822],[-73.94715,40.73791],[-73.95039,40.73904],[-73.95138,40.73934],[-73.95192,40.7395],[-73.9522,40.73954],[-73.95222,40.73951],[-73.9538,40.73983],[-73.9555,40.73979],[-73.95682,40.73962],[-73.95706,40.73964],[-73.95742,40.73956],[-73.95759,40.73951],[-73.95766,40.73944],[-73.95978,40.73852],[-73.96007,40.73849],[-73.96013,40.73844],[-73.96015,40.73836],[-73.96029,40.73825],[-73.96073,40.73809],[-73.96217,40.73828],[-73.96213,40.73846],[-73.96248,40.73864],[-73.96261,40.7388],[-73.96262,40.73904],[-73.96243,40.73968],[-73.96221,40.74001],[-73.96179,40.74002],[-73.96154,40.74017],[-73.96141,40.74033],[-73.96129,40.74036],[-73.96125,40.74043],[-73.96132,40.74048],[-73.96183,40.74064],[-73.96194,40.7408],[-73.96189,40.74099],[-73.96181,40.74111],[-73.96146,40.74115],[-73.96122,40.74112],[-73.96108,40.7417],[-73.96111,40.7418],[-73.96127,40.74184],[-73.96129,40.7418],[-73.96137,40.74182],[-73.96137,40.74185],[-73.96134,40.74188],[-73.96111,40.74184],[-73.96117,40.74189],[-73.96155,40.742],[-73.96119,40.74265],[-73.9611,40.74279],[-73.96097,40.74276],[-73.96065,40.7434],[-73.96054,40.74347],[-73.96042,40.74353],[-73.96021,40.74356],[-73.95978,40.74351],[-73.95971,40.74387],[-73.96002,40.74393],[-73.95993,40.74381],[-73.95995,40.74379],[-73.96008,40.74394],[-73.96013,40.74395],[-73.96004,40.74382],[-73.96006,40.74381],[-73.96021,40.74399],[-73.96051,40.74405],[-73.96057,40.74404],[-73.96052,40.74411],[-73.96012,40.74404],[-73.96011,40.74407],[-73.95992,40.74404],[-73.95993,40.744],[-73.95963,40.74394],[-73.95936,40.74422],[-73.95941,40.74423],[-73.95939,40.74429],[-73.95946,40.7443],[-73.95947,40.74428],[-73.95971,40.74432],[-73.95973,40.74428],[-73.96016,40.74438],[-73.96013,40.74445],[-73.96001,40.74443],[-73.96003,40.74438],[-73.9598,40.74434],[-73.95979,40.74436],[-73.95954,40.74432],[-73.95953,40.74436],[-73.95924,40.74432],[-73.95904,40.74444],[-73.95886,40.74448],[-73.95878,40.74456],[-73.95919,40.74463],[-73.95922,40.74456],[-73.95944,40.74461],[-73.95946,40.74468],[-73.95939,40.74472],[-73.95888,40.74463],[-73.95876,40.74495],[-73.95965,40.74514],[-73.95967,40.74518],[-73.9596,40.74522],[-73.9585,40.745],[-73.95845,40.74513],[-73.95925,40.74532],[-73.95933,40.74541],[-73.95934,40.74552],[-73.95921,40.74569],[-73.95906,40.74576],[-73.95897,40.74578],[-73.95864,40.74574],[-73.9585,40.74577],[-73.9586,40.7459],[-73.95915,40.74601],[-73.95872,40.74665],[-73.95867,40.74665],[-73.95841,40.7469],[-73.95831,40.74708],[-73.95845,40.74711],[-73.95704,40.74893],[-73.95486,40.74805],[-73.95439,40.74796],[-73.95431,40.748],[-73.95437,40.74802],[-73.95437,40.74805],[-73.95415,40.74802],[-73.95416,40.748],[-73.95423,40.74801],[-73.95424,40.74798],[-73.95437,40.74796],[-73.95319,40.74774],[-73.95306,40.7481],[-73.95479,40.74844],[-73.95632,40.74909],[-73.95601,40.74938],[-73.95625,40.74949],[-73.95622,40.74953],[-73.956,40.74939],[-73.95576,40.7496],[-73.9562,40.74969],[-73.95609,40.74978],[-73.95547,40.74968],[-73.95535,40.75002],[-73.95522,40.75],[-73.95523,40.74995],[-73.95513,40.74993],[-73.9552,40.74968],[-73.95507,40.74964],[-73.95452,40.75059],[-73.95465,40.75084],[-73.95448,40.75111],[-73.9545,40.75123],[-73.95392,40.75181],[-73.95395,40.75183],[-73.95389,40.7519],[-73.95362,40.75209],[-73.95293,40.75277],[-73.9529,40.75281],[-73.95291,40.75287],[-73.95257,40.75318],[-73.95201,40.75384],[-73.95193,40.75389],[-73.95132,40.75459],[-73.95102,40.7551],[-73.95088,40.75518],[-73.94597,40.7613],[-73.94581,40.76146],[-73.94571,40.7615],[-73.94472,40.76289],[-73.9435,40.76451],[-73.94131,40.76693],[-73.94046,40.76754],[-73.94035,40.76766],[-73.93984,40.768],[-73.93953,40.76807],[-73.93937,40.76817],[-73.93896,40.76797],[-73.9382,40.76871],[-73.93807,40.76872],[-73.93789,40.76857],[-73.93778,40.76863],[-73.93796,40.76873],[-73.93796,40.76879],[-73.93747,40.76896],[-73.93682,40.76891],[-73.93669,40.76914],[-73.93671,40.76926],[-73.93641,40.76948],[-73.93617,40.76952],[-73.93574,40.76938],[-73.93524,40.76969],[-73.9349,40.77005],[-73.9347,40.77043],[-73.93515,40.77055],[-73.93501,40.77117],[-73.93494,40.77117],[-73.93491,40.77128],[-73.93453,40.77119],[-73.93444,40.77147],[-73.93483,40.77159],[-73.93481,40.77174],[-73.93555,40.77196],[-73.93557,40.77193],[-73.93561,40.77194],[-73.93559,40.77197],[-73.93747,40.77254],[-73.93781,40.77357],[-73.93786,40.7741],[-73.93766,40.77509],[-73.93705,40.77587],[-73.93638,40.77693],[-73.93609,40.77719],[-73.93586,40.77722],[-73.93508,40.77795],[-73.93474,40.77808],[-73.93381,40.77811],[-73.93278,40.77793],[-73.93272,40.77804],[-73.93179,40.77788],[-73.93105,40.77745],[-73.93108,40.77727],[-73.93063,40.7766],[-73.92988,40.77623],[-73.92861,40.7766],[-73.92828,40.77691],[-73.92632,40.77825],[-73.92487,40.77863],[-73.92424,40.77911],[-73.92319,40.78026],[-73.92296,40.78045],[-73.92263,40.78057],[-73.9221,40.78086],[-73.91909,40.78338],[-73.91819,40.78394],[-73.91774,40.78408],[-73.91725,40.78415],[-73.91717,40.7842],[-73.91718,40.78456],[-73.91683,40.7852],[-73.91575,40.78612],[-73.91542,40.78607],[-73.91526,40.7862],[-73.91559,40.78644],[-73.91424,40.78786],[-73.9126,40.78938],[-73.91241,40.78928],[-73.91267,40.78901],[-73.91223,40.78919],[-73.91207,40.78935],[-73.91195,40.78941],[-73.91208,40.78953],[-73.91184,40.78969],[-73.91169,40.78958],[-73.91125,40.78975],[-73.91094,40.78976],[-73.91091,40.79005],[-73.91022,40.79047],[-73.90986,40.79095],[-73.90678,40.79038],[-73.90647,40.79019],[-73.90251,40.78948],[-73.9024,40.78956],[-73.90206,40.7895],[-73.90204,40.78942],[-73.9017,40.78933],[-73.90078,40.78915],[-73.90033,40.78902],[-73.90011,40.78886],[-73.89962,40.78841],[-73.89783,40.78719],[-73.89726,40.78676],[-73.89694,40.78663],[-73.89651,40.78608],[-73.89638,40.78614],[-73.8964,40.78617],[-73.89635,40.78619],[-73.89631,40.78613],[-73.89635,40.78611],[-73.89637,40.78613],[-73.8965,40.78607],[-73.89638,40.78592],[-73.89622,40.78602],[-73.89605,40.78581],[-73.89624,40.78575],[-73.89614,40.78562],[-73.89601,40.78567],[-73.89603,40.7857],[-73.89598,40.78572],[-73.89593,40.78566],[-73.89598,40.78564],[-73.896,40.78566],[-73.89613,40.7856],[-73.89583,40.78523],[-73.89683,40.78444],[-73.89672,40.78439],[-73.89676,40.78433],[-73.89683,40.78436],[-73.89681,40.78437],[-73.89686,40.78441],[-73.89716,40.7842],[-73.89704,40.78412],[-73.89706,40.78408],[-73.89719,40.78418],[-73.89742,40.784],[-73.89729,40.78392],[-73.89732,40.78388],[-73.89746,40.78398],[-73.89762,40.78385],[-73.89772,40.78375],[-73.8976,40.78366],[-73.89766,40.78363],[-73.89775,40.78372],[-73.89781,40.78369],[-73.89768,40.78359],[-73.89876,40.78276],[-73.89886,40.78281],[-73.90115,40.78272],[-73.90173,40.78214],[-73.90192,40.78205],[-73.90218,40.78179],[-73.90251,40.78112],[-73.90258,40.78082],[-73.90268,40.7806],[-73.90268,40.78036],[-73.90258,40.7803],[-73.90234,40.7802],[-73.90218,40.78037],[-73.90215,40.78079],[-73.90204,40.78121],[-73.90129,40.78187],[-73.90122,40.78183],[-73.90073,40.78199],[-73.90035,40.78207],[-73.90035,40.78217],[-73.89948,40.78218],[-73.89866,40.782],[-73.89719,40.78282],[-73.89712,40.78273],[-73.89468,40.7841],[-73.89455,40.78409],[-73.89444,40.78414],[-73.89445,40.78421],[-73.89438,40.78425],[-73.89428,40.78421],[-73.8943,40.78413],[-73.89437,40.78411],[-73.89443,40.78413],[-73.89454,40.78407],[-73.89453,40.78402],[-73.89456,40.78398],[-73.89607,40.78317],[-73.896,40.7831],[-73.89594,40.78309],[-73.89592,40.78304],[-73.89584,40.78302],[-73.89579,40.78295],[-73.89573,40.78294],[-73.89571,40.7829],[-73.89562,40.78287],[-73.89558,40.7828],[-73.89543,40.78273],[-73.89478,40.78226],[-73.89542,40.78173],[-73.89536,40.78167],[-73.89463,40.78228],[-73.8946,40.78226],[-73.89524,40.78174],[-73.89521,40.78173],[-73.89524,40.7817],[-73.89527,40.78172],[-73.89535,40.78166],[-73.89533,40.78163],[-73.89535,40.78159],[-73.89529,40.78155],[-73.89519,40.78163],[-73.89514,40.78173],[-73.89501,40.7818],[-73.89498,40.78186],[-73.89489,40.7819],[-73.89442,40.78231],[-73.89434,40.78234],[-73.89425,40.78244],[-73.89417,40.78248],[-73.89382,40.78239],[-73.89375,40.78232],[-73.89343,40.78211],[-73.89333,40.78201],[-73.89324,40.78199],[-73.8932,40.78193],[-73.89306,40.78186],[-73.89231,40.78247],[-73.8923,40.78254],[-73.89282,40.78292],[-73.89275,40.78297],[-73.89166,40.7822],[-73.89172,40.78215],[-73.89214,40.78244],[-73.89224,40.78242],[-73.89301,40.78181],[-73.89228,40.78131],[-73.89211,40.7814],[-73.89209,40.78138],[-73.89225,40.78126],[-73.89222,40.78121],[-73.89214,40.7812],[-73.89204,40.78108],[-73.89193,40.78105],[-73.89191,40.78099],[-73.89192,40.78094],[-73.89187,40.7809],[-73.89176,40.78092],[-73.89167,40.78086],[-73.89165,40.78072],[-73.89159,40.78066],[-73.89159,40.78059],[-73.89168,40.78053],[-73.89177,40.78039],[-73.89185,40.78036],[-73.89194,40.78025],[-73.89203,40.78021],[-73.89214,40.78009],[-73.89227,40.78002],[-73.8923,40.77995],[-73.89239,40.77992],[-73.89247,40.77981],[-73.89254,40.77978],[-73.8925,40.77971],[-73.89254,40.77956],[-73.89248,40.77952],[-73.89236,40.77956],[-73.8921,40.77954],[-73.89182,40.7796],[-73.89167,40.7795],[-73.89151,40.77911],[-73.8913,40.77892],[-73.8912,40.77857],[-73.89252,40.77741],[-73.89213,40.7771],[-73.89177,40.7766],[-73.89165,40.77657],[-73.89153,40.77649],[-73.89142,40.77635],[-73.8914,40.77605],[-73.89148,40.77591],[-73.89153,40.77561],[-73.89177,40.77537],[-73.89181,40.77523],[-73.89179,40.7751],[-73.89183,40.77489],[-73.89173,40.77506],[-73.89169,40.77526],[-73.89145,40.77563],[-73.89136,40.77606],[-73.89137,40.77635],[-73.89145,40.77652],[-73.89127,40.77686],[-73.89111,40.77703],[-73.89112,40.77713],[-73.89107,40.77722],[-73.89095,40.77729],[-73.89056,40.77741],[-73.89046,40.77756],[-73.89047,40.77771],[-73.89035,40.77781],[-73.89018,40.77786],[-73.89009,40.77779],[-73.89003,40.77726],[-73.88952,40.77594],[-73.88947,40.77575],[-73.88947,40.77554],[-73.88956,40.77529],[-73.88962,40.77485],[-73.88979,40.77425],[-73.88989,40.77403],[-73.89007,40.77397],[-73.89019,40.77366],[-73.89009,40.77363],[-73.88998,40.77373],[-73.88985,40.77376],[-73.88946,40.77354],[-73.8878,40.77372],[-73.88768,40.77383],[-73.88581,40.77403],[-73.88584,40.77412],[-73.88567,40.77413],[-73.88571,40.77433],[-73.88565,40.77433],[-73.88567,40.77444],[-73.88563,40.77445],[-73.8856,40.77431],[-73.88567,40.77431],[-73.88563,40.77411],[-73.88579,40.7741],[-73.88579,40.77403],[-73.88432,40.77419],[-73.88408,40.77411],[-73.88392,40.77414],[-73.88393,40.77419],[-73.88411,40.77418],[-73.88455,40.77437],[-73.88466,40.77449],[-73.88484,40.77496],[-73.88486,40.77511],[-73.88484,40.77523],[-73.88478,40.77534],[-73.8846,40.77543],[-73.88429,40.77549],[-73.88436,40.7755],[-73.88441,40.77556],[-73.88476,40.77726],[-73.88506,40.77841],[-73.88512,40.77848],[-73.8852,40.77852],[-73.88525,40.77862],[-73.88522,40.77867],[-73.88508,40.77868],[-73.88505,40.77878],[-73.88513,40.77907],[-73.88509,40.77936],[-73.88516,40.77942],[-73.88512,40.77952],[-73.88543,40.77965],[-73.88541,40.77967],[-73.88511,40.77953],[-73.88503,40.77957],[-73.8851,40.77962],[-73.88505,40.77963],[-73.88519,40.77979],[-73.88516,40.77981],[-73.88502,40.77962],[-73.88506,40.77961],[-73.88501,40.77957],[-73.88494,40.77995],[-73.88488,40.78],[-73.88445,40.78016],[-73.88385,40.78027],[-73.88325,40.78027],[-73.88324,40.78033],[-73.88291,40.78036],[-73.88288,40.78024],[-73.88275,40.78023],[-73.88264,40.78029],[-73.88216,40.78038],[-73.88203,40.78049],[-73.88169,40.78051],[-73.88139,40.78061],[-73.88075,40.78058],[-73.87974,40.78066],[-73.87959,40.78071],[-73.87961,40.78086],[-73.87948,40.78087],[-73.87947,40.78071],[-73.87936,40.78066],[-73.87931,40.78077],[-73.87921,40.78078],[-73.87914,40.78069],[-73.87893,40.78068],[-73.87871,40.78059],[-73.87905,40.78174],[-73.87931,40.78186],[-73.87886,40.78241],[-73.87915,40.78255],[-73.87918,40.78254],[-73.87917,40.78256],[-73.87975,40.78284],[-73.8797,40.78289],[-73.87968,40.78288],[-73.87971,40.78285],[-73.87946,40.78272],[-73.87942,40.78276],[-73.87943,40.78271],[-73.87915,40.78258],[-73.87908,40.78266],[-73.87906,40.78265],[-73.87913,40.78257],[-73.87883,40.78244],[-73.87834,40.78303],[-73.87516,40.78152],[-73.87485,40.78169],[-73.87125,40.78605],[-73.86978,40.78535],[-73.86817,40.78726],[-73.86824,40.78729],[-73.8681,40.78747],[-73.86789,40.78737],[-73.86803,40.78719],[-73.86813,40.78724],[-73.86987,40.78509],[-73.86944,40.78365],[-73.86873,40.78374],[-73.86869,40.78379],[-73.86861,40.78382],[-73.8685,40.78377],[-73.8685,40.78368],[-73.86859,40.78363],[-73.86867,40.78364],[-73.86872,40.78369],[-73.86942,40.7836],[-73.87048,40.78231],[-73.87146,40.78213],[-73.87232,40.78111],[-73.87202,40.78096],[-73.87023,40.78128],[-73.87022,40.78126],[-73.87203,40.78094],[-73.87234,40.78109],[-73.87256,40.78083],[-73.87239,40.78075],[-73.87218,40.78053],[-73.87119,40.78001],[-73.8702,40.77956],[-73.87016,40.77951],[-73.86826,40.77852],[-73.86793,40.7784],[-73.86633,40.77765],[-73.86615,40.7776],[-73.86471,40.77674],[-73.85918,40.77408],[-73.85909,40.7741],[-73.85893,40.77404],[-73.85897,40.77395],[-73.8584,40.77373],[-73.85774,40.77339],[-73.85594,40.77265],[-73.85505,40.7722],[-73.85506,40.77193],[-73.85509,40.77184],[-73.85518,40.77179],[-73.85566,40.77116],[-73.85646,40.77028],[-73.85658,40.77024],[-73.85671,40.77024],[-73.8574,40.77051],[-73.85749,40.77051],[-73.85757,40.77046],[-73.85788,40.77067],[-73.85783,40.77045],[-73.85804,40.77021],[-73.85799,40.77018],[-73.85772,40.77031],[-73.85735,40.77019],[-73.85685,40.76955],[-73.85621,40.7692],[-73.85615,40.76909],[-73.85615,40.769],[-73.85625,40.76889],[-73.85664,40.76895],[-73.85705,40.76915],[-73.85768,40.76828],[-73.85805,40.7681],[-73.85844,40.76771],[-73.8586,40.76749],[-73.85878,40.76736],[-73.85938,40.76708],[-73.85964,40.76704],[-73.85983,40.76704],[-73.85999,40.76697],[-73.86017,40.76695],[-73.8607,40.76702],[-73.86086,40.76694],[-73.86093,40.76695],[-73.86099,40.76702],[-73.86103,40.76727],[-73.8611,40.76728],[-73.86119,40.76722],[-73.86121,40.76704],[-73.86132,40.76695],[-73.86143,40.76692],[-73.86182,40.76695],[-73.86213,40.76692],[-73.86223,40.7669],[-73.8622,40.76685],[-73.86227,40.76681],[-73.86244,40.7669],[-73.8626,40.7669],[-73.86269,40.76688],[-73.86276,40.76677],[-73.86272,40.76668],[-73.86216,40.7662],[-73.86217,40.76606],[-73.86124,40.76497],[-73.85975,40.76289],[-73.85949,40.76257],[-73.85941,40.76249],[-73.85922,40.76249],[-73.85908,40.76253],[-73.85892,40.76241],[-73.85899,40.76225],[-73.85899,40.76218],[-73.85892,40.76213],[-73.85879,40.76229],[-73.85867,40.76253],[-73.85865,40.76252],[-73.85877,40.76227],[-73.85889,40.76214],[-73.85884,40.76211],[-73.85871,40.76224],[-73.85869,40.76223],[-73.85885,40.76207],[-73.85862,40.76194],[-73.85766,40.76309],[-73.85842,40.76346],[-73.8585,40.76338],[-73.85834,40.76357],[-73.8584,40.76349],[-73.85764,40.76311],[-73.85684,40.76401],[-73.85696,40.76408],[-73.85668,40.76394],[-73.8568,40.76399],[-73.85758,40.76308],[-73.85669,40.76264],[-73.85659,40.76273],[-73.85678,40.76252],[-73.85671,40.76262],[-73.85761,40.76306],[-73.85818,40.7624],[-73.85661,40.76166],[-73.85663,40.76164],[-73.8582,40.76238],[-73.85859,40.76193],[-73.85712,40.7612],[-73.85627,40.76091],[-73.8553,40.76066],[-73.855,40.7604],[-73.85467,40.76018],[-73.85452,40.76017],[-73.85425,40.76026],[-73.85397,40.76028],[-73.85373,40.76025],[-73.8528,40.75998],[-73.85278,40.76013],[-73.85299,40.7602],[-73.85298,40.76023],[-73.8527,40.76014],[-73.85276,40.76009],[-73.85278,40.75997],[-73.85269,40.75994],[-73.85256,40.76002],[-73.85255,40.76008],[-73.85224,40.75993],[-73.85226,40.7599],[-73.8525,40.76002],[-73.85267,40.75993],[-73.85211,40.75969],[-73.85201,40.75958],[-73.85159,40.75936],[-73.85144,40.75943],[-73.85069,40.75946],[-73.85022,40.75957],[-73.84994,40.75971],[-73.8495,40.76002],[-73.8493,40.76025],[-73.84988,40.76111],[-73.85182,40.76036],[-73.85184,40.76031],[-73.85198,40.76026],[-73.85207,40.7604],[-73.84981,40.76128],[-73.84917,40.7603],[-73.84892,40.76028],[-73.84869,40.76015],[-73.84859,40.76019],[-73.84821,40.76045],[-73.84796,40.76056],[-73.84671,40.76135],[-73.84523,40.76244],[-73.84475,40.76276],[-73.84468,40.76276],[-73.84412,40.76314],[-73.8436,40.76338],[-73.84367,40.76348],[-73.84362,40.7635],[-73.84369,40.76362],[-73.84365,40.76364],[-73.84357,40.76352],[-73.84352,40.76355],[-73.84344,40.76344],[-73.84307,40.7636],[-73.84301,40.76371],[-73.84298,40.76384],[-73.84305,40.76411],[-73.84304,40.76433],[-73.84299,40.76443],[-73.84273,40.76464],[-73.84212,40.76491],[-73.84053,40.7654],[-73.84047,40.76531],[-73.84017,40.76532],[-73.83993,40.76536],[-73.83958,40.76526],[-73.83913,40.766],[-73.83953,40.76615],[-73.83955,40.76622],[-73.8397,40.7664],[-73.83974,40.76674],[-73.8397,40.76683],[-73.83956,40.76693],[-73.8395,40.76703],[-73.83959,40.76712],[-73.83976,40.76713],[-73.83979,40.76706],[-73.83987,40.76709],[-73.83994,40.76707],[-73.83994,40.76701],[-73.83989,40.76696],[-73.8399,40.76683],[-73.84001,40.76663],[-73.84023,40.76654],[-73.84027,40.76647],[-73.84031,40.7663],[-73.84087,40.76622],[-73.84084,40.76616],[-73.84086,40.76615],[-73.84089,40.76622],[-73.84102,40.76619],[-73.84101,40.76613],[-73.84108,40.76612],[-73.84109,40.76617],[-73.84106,40.76619],[-73.84121,40.76616],[-73.8412,40.76609],[-73.84124,40.76609],[-73.84123,40.76615],[-73.84172,40.76605],[-73.84166,40.76598],[-73.84171,40.76597],[-73.84175,40.76605],[-73.84197,40.766],[-73.84197,40.76594],[-73.84187,40.76596],[-73.84186,40.76593],[-73.84232,40.76583],[-73.84237,40.76584],[-73.84227,40.76586],[-73.84232,40.76592],[-73.84251,40.76588],[-73.84247,40.76579],[-73.84252,40.76578],[-73.84254,40.76587],[-73.84268,40.76584],[-73.84296,40.76586],[-73.84337,40.76573],[-73.84347,40.76566],[-73.8436,40.76565],[-73.84371,40.76569],[-73.84395,40.7655],[-73.84449,40.76547],[-73.84491,40.76554],[-73.84528,40.76567],[-73.84603,40.76605],[-73.84614,40.76612],[-73.8462,40.7662],[-73.84652,40.7663],[-73.84685,40.76627],[-73.84723,40.76632],[-73.84781,40.76678],[-73.84821,40.76764],[-73.84842,40.76792],[-73.8485,40.76789],[-73.84862,40.76812],[-73.84853,40.76815],[-73.84851,40.76812],[-73.84827,40.76821],[-73.84819,40.76832],[-73.84819,40.76849],[-73.84825,40.76856],[-73.84837,40.76865],[-73.8486,40.76864],[-73.84865,40.7687],[-73.84875,40.76872],[-73.849,40.76916],[-73.84882,40.76948],[-73.84852,40.76966],[-73.84847,40.76973],[-73.8486,40.77063],[-73.84867,40.77077],[-73.84891,40.77099],[-73.84913,40.77107],[-73.84934,40.7712],[-73.8495,40.77134],[-73.84961,40.77149],[-73.84977,40.77181],[-73.84982,40.77187],[-73.84993,40.7719],[-73.84994,40.77194],[-73.85031,40.77195],[-73.85029,40.77193],[-73.85029,40.7719],[-73.85032,40.77191],[-73.85034,40.77175],[-73.85038,40.77176],[-73.85037,40.77182],[-73.85126,40.77188],[-73.85127,40.77181],[-73.8513,40.77181],[-73.85127,40.77199],[-73.85124,40.77199],[-73.85126,40.7719],[-73.85036,40.77184],[-73.85034,40.77203],[-73.8503,40.77202],[-73.8503,40.77197],[-73.84995,40.77197],[-73.84995,40.77207],[-73.84987,40.77219],[-73.85004,40.77219],[-73.85004,40.77223],[-73.84984,40.77224],[-73.84973,40.77242],[-73.84957,40.77257],[-73.84919,40.77311],[-73.84898,40.77357],[-73.84896,40.77375],[-73.84921,40.77456],[-73.84922,40.77466],[-73.84917,40.77498],[-73.84893,40.77557],[-73.84899,40.77569],[-73.8491,40.7758],[-73.84919,40.7758],[-73.84919,40.77587],[-73.84909,40.77587],[-73.84903,40.77691],[-73.84913,40.7769],[-73.84913,40.77698],[-73.84902,40.77698],[-73.84904,40.7773],[-73.84898,40.77768],[-73.84897,40.77803],[-73.84905,40.77811],[-73.84937,40.77818],[-73.8495,40.77833],[-73.84954,40.77843],[-73.84975,40.77842],[-73.84975,40.77847],[-73.84954,40.77847],[-73.84945,40.77859],[-73.84947,40.77867],[-73.84976,40.77873],[-73.8498,40.77878],[-73.84993,40.77878],[-73.84993,40.77881],[-73.8498,40.7788],[-73.84978,40.77912],[-73.84957,40.7792],[-73.84958,40.77942],[-73.84964,40.77949],[-73.84976,40.77949],[-73.84974,40.77941],[-73.85007,40.77936],[-73.85013,40.77938],[-73.85011,40.77931],[-73.85067,40.7792],[-73.85066,40.77918],[-73.85097,40.77912],[-73.85095,40.77908],[-73.85148,40.77897],[-73.85149,40.779],[-73.85101,40.77913],[-73.85108,40.77931],[-73.85095,40.7793],[-73.85095,40.77933],[-73.85075,40.77936],[-73.85074,40.77933],[-73.85016,40.77944],[-73.85014,40.7794],[-73.85011,40.77941],[-73.85012,40.77944],[-73.84979,40.77951],[-73.84982,40.77964],[-73.85235,40.77949],[-73.85232,40.77918],[-73.85236,40.77918],[-73.85239,40.77954],[-73.85236,40.77951],[-73.84982,40.77966],[-73.84985,40.77978],[-73.84969,40.77987],[-73.84956,40.77989],[-73.84955,40.77996],[-73.84973,40.77996],[-73.84973,40.77998],[-73.84964,40.78],[-73.84987,40.78],[-73.84987,40.78005],[-73.85032,40.78005],[-73.85038,40.78004],[-73.85038,40.78002],[-73.85045,40.78004],[-73.85046,40.7799],[-73.85048,40.7799],[-73.85049,40.77997],[-73.85162,40.77995],[-73.85164,40.77988],[-73.85169,40.77988],[-73.85167,40.78004],[-73.85162,40.78004],[-73.85163,40.77997],[-73.85049,40.77999],[-73.85048,40.78006],[-73.85042,40.78009],[-73.85037,40.78009],[-73.85037,40.78007],[-73.8495,40.78007],[-73.8495,40.78012],[-73.84959,40.78024],[-73.84962,40.78055],[-73.84968,40.7806],[-73.84979,40.78061],[-73.84982,40.78065],[-73.84981,40.78088],[-73.84989,40.7811],[-73.85094,40.78109],[-73.85094,40.78113],[-73.84989,40.78113],[-73.84984,40.78161],[-73.84919,40.78165],[-73.84924,40.78171],[-73.84949,40.78176],[-73.84955,40.78185],[-73.84949,40.78198],[-73.84927,40.78213],[-73.84924,40.78219],[-73.84925,40.78226],[-73.84952,40.78236],[-73.85023,40.78242],[-73.85029,40.78247],[-73.85036,40.78241],[-73.8505,40.78236],[-73.85116,40.78238],[-73.85123,40.78241],[-73.85192,40.78236],[-73.85315,40.78233],[-73.85322,40.78207],[-73.85368,40.78199],[-73.85414,40.782],[-73.85486,40.78195],[-73.85528,40.78198],[-73.85539,40.78208],[-73.85545,40.78315],[-73.85574,40.78316],[-73.85574,40.7832],[-73.85582,40.7832],[-73.85588,40.78332],[-73.85588,40.78321],[-73.85593,40.7832],[-73.85596,40.78334],[-73.85614,40.78338],[-73.85646,40.78336],[-73.85644,40.78317],[-73.85668,40.78316],[-73.85665,40.78299],[-73.85662,40.78299],[-73.8566,40.7829],[-73.85665,40.7829],[-73.85665,40.78295],[-73.85668,40.78295],[-73.85672,40.78321],[-73.85684,40.78338],[-73.85734,40.78338],[-73.85749,40.78346],[-73.85766,40.78365],[-73.85808,40.78373],[-73.85817,40.78405],[-73.8581,40.78423],[-73.85789,40.78429],[-73.8579,40.7845],[-73.85797,40.7845],[-73.85801,40.78465],[-73.85797,40.78465],[-73.85798,40.78468],[-73.85831,40.78497],[-73.85853,40.78522],[-73.859,40.7852],[-73.85906,40.78544],[-73.8591,40.78545],[-73.85903,40.78525],[-73.85908,40.78525],[-73.85912,40.78543],[-73.85911,40.78547],[-73.85925,40.78549],[-73.8592,40.78532],[-73.85924,40.78531],[-73.8593,40.78548],[-73.85946,40.7855],[-73.85931,40.78504],[-73.85935,40.78504],[-73.85951,40.78554],[-73.8591,40.7855],[-73.8591,40.78548],[-73.85907,40.78547],[-73.85909,40.78554],[-73.85899,40.7855],[-73.85894,40.78558],[-73.85908,40.78561],[-73.85914,40.78571],[-73.85901,40.78581],[-73.85913,40.78586],[-73.8591,40.78589],[-73.85901,40.78584],[-73.85903,40.78594],[-73.85899,40.78601],[-73.85859,40.78616],[-73.85857,40.78628],[-73.85869,40.78647],[-73.85868,40.78654],[-73.85845,40.7868],[-73.85814,40.78705],[-73.85798,40.78707],[-73.85773,40.78697],[-73.85754,40.78694],[-73.85723,40.78673],[-73.85701,40.78666],[-73.85681,40.78668],[-73.85679,40.78669],[-73.85683,40.78673],[-73.85663,40.78683],[-73.8566,40.78679],[-73.85651,40.78696],[-73.85636,40.78699],[-73.8562,40.78716],[-73.85617,40.78725],[-73.85617,40.7875],[-73.85602,40.78759],[-73.85594,40.7877],[-73.85537,40.78771],[-73.85523,40.78775],[-73.85477,40.78779],[-73.85451,40.78774],[-73.85429,40.78775],[-73.85345,40.78783],[-73.85323,40.7879],[-73.85284,40.78822],[-73.85284,40.78835],[-73.85289,40.78835],[-73.85354,40.78837],[-73.85439,40.78833],[-73.85463,40.78843],[-73.8548,40.78862],[-73.85477,40.78904],[-73.85456,40.78968],[-73.85447,40.79027],[-73.85355,40.79069],[-73.8531,40.79085],[-73.85275,40.79102],[-73.85265,40.79113],[-73.85268,40.7913],[-73.85289,40.79157],[-73.85377,40.79234],[-73.85378,40.79249],[-73.85367,40.79284],[-73.85363,40.79311],[-73.85374,40.79385],[-73.85373,40.79394],[-73.85369,40.79403],[-73.85353,40.79415],[-73.85304,40.79427],[-73.85277,40.7944],[-73.85264,40.79455],[-73.85262,40.79476],[-73.85266,40.79493],[-73.85263,40.79495],[-73.85256,40.7949],[-73.85249,40.79468],[-73.85243,40.79462],[-73.85159,40.79409],[-73.85097,40.79387],[-73.85001,40.79361],[-73.84934,40.79338],[-73.84906,40.79337],[-73.84893,40.79342],[-73.84885,40.79351],[-73.84888,40.79366],[-73.84902,40.79393],[-73.84908,40.79415],[-73.84903,40.79435],[-73.84879,40.79455],[-73.84877,40.79463],[-73.84888,40.79514],[-73.84882,40.7953],[-73.84871,40.79542],[-73.84793,40.79576],[-73.84661,40.79604],[-73.84632,40.79617],[-73.84625,40.79617],[-73.84597,40.79603],[-73.84558,40.79603],[-73.84561,40.79586],[-73.84551,40.79578],[-73.84528,40.79546],[-73.84498,40.79528],[-73.84489,40.79512],[-73.8446,40.79492],[-73.84439,40.79488],[-73.84391,40.79488],[-73.84355,40.79492],[-73.84343,40.79496],[-73.84334,40.79503],[-73.84337,40.79535],[-73.84335,40.79548],[-73.84331,40.79551],[-73.84318,40.79544],[-73.84311,40.79527],[-73.84305,40.79522],[-73.8429,40.79519],[-73.84285,40.79522],[-73.84289,40.7954],[-73.84329,40.79618],[-73.84321,40.7962],[-73.84281,40.79543],[-73.84226,40.79559],[-73.84292,40.79691],[-73.84287,40.79693],[-73.84217,40.79562],[-73.84209,40.79565],[-73.84191,40.79563],[-73.84151,40.79515],[-73.84142,40.79516],[-73.84131,40.79528],[-73.84131,40.79572],[-73.84142,40.79601],[-73.84131,40.79611],[-73.84128,40.79618],[-73.8413,40.79623],[-73.8406,40.79682],[-73.84014,40.79689],[-73.84044,40.79765],[-73.8404,40.79766],[-73.84042,40.79769],[-73.83924,40.79789],[-73.83921,40.79785],[-73.83842,40.79835],[-73.83843,40.79838],[-73.8379,40.79852],[-73.83787,40.79845],[-73.83839,40.79831],[-73.83919,40.79779],[-73.84026,40.7976],[-73.83997,40.79691],[-73.83904,40.79706],[-73.8384,40.79676],[-73.83736,40.79427],[-73.8373,40.79423],[-73.83707,40.79386],[-73.83713,40.7937],[-73.83663,40.79252],[-73.83659,40.79209],[-73.83662,40.79177],[-73.83691,40.79155],[-73.83723,40.79146],[-73.83732,40.7914],[-73.83752,40.79102],[-73.83744,40.79084],[-73.83745,40.7908],[-73.83751,40.79077],[-73.83753,40.7907],[-73.83753,40.79052],[-73.8375,40.79047],[-73.83703,40.79051],[-73.83703,40.79048],[-73.83682,40.79048],[-73.83682,40.79044],[-73.83702,40.79044],[-73.83701,40.79042],[-73.83737,40.79041],[-73.83737,40.79044],[-73.83748,40.79044],[-73.83739,40.79032],[-73.83741,40.79021],[-73.83739,40.78983],[-73.83726,40.78971],[-73.83724,40.7895],[-73.83718,40.78944],[-73.83728,40.78902],[-73.83714,40.78938],[-73.83717,40.78954],[-73.83714,40.78957],[-73.83703,40.78958],[-73.8368,40.7895],[-73.83638,40.78947],[-73.8359,40.78957],[-73.83566,40.78958],[-73.83555,40.78953],[-73.83547,40.78929],[-73.83533,40.78922],[-73.83498,40.78916],[-73.83428,40.78911],[-73.83414,40.78907],[-73.83402,40.78893],[-73.834,40.78872],[-73.8339,40.78859],[-73.83381,40.78853],[-73.83347,40.78847],[-73.83326,40.78854],[-73.83293,40.78853],[-73.83279,40.78859],[-73.83251,40.78863],[-73.83212,40.78878],[-73.83194,40.78895],[-73.83174,40.78924],[-73.83158,40.78926],[-73.83144,40.78919],[-73.83149,40.78925],[-73.83186,40.78935],[-73.83195,40.78942],[-73.83215,40.79005],[-73.83207,40.79025],[-73.83186,40.79057],[-73.83181,40.79089],[-73.83174,40.79101],[-73.83137,40.79138],[-73.83103,40.79156],[-73.83066,40.79166],[-73.83049,40.79166],[-73.83011,40.79156],[-73.82997,40.79157],[-73.82974,40.79164],[-73.82914,40.79189],[-73.82895,40.79202],[-73.82871,40.79221],[-73.82852,40.7925],[-73.8293,40.79294],[-73.82923,40.79301],[-73.8284,40.79256],[-73.82808,40.79275],[-73.82792,40.7929],[-73.82792,40.79298],[-73.82779,40.7933],[-73.82779,40.79343],[-73.82783,40.79374],[-73.82792,40.79402],[-73.82789,40.79435],[-73.82798,40.79452],[-73.82797,40.7948],[-73.82802,40.79485],[-73.82803,40.79496],[-73.82821,40.79516],[-73.82836,40.79555],[-73.82847,40.79567],[-73.82863,40.79569],[-73.82863,40.79585],[-73.8287,40.79593],[-73.82878,40.79593],[-73.82875,40.79608],[-73.82881,40.79619],[-73.82905,40.79626],[-73.8291,40.79635],[-73.82907,40.79646],[-73.82945,40.79667],[-73.82986,40.79624],[-73.82983,40.79622],[-73.82994,40.79609],[-73.83003,40.79614],[-73.83003,40.79618],[-73.82997,40.79616],[-73.82994,40.79619],[-73.82998,40.79624],[-73.82991,40.79622],[-73.82988,40.79625],[-73.82992,40.7963],[-73.82985,40.79628],[-73.82982,40.79631],[-73.82986,40.79636],[-73.82981,40.79634],[-73.82976,40.79638],[-73.82982,40.79642],[-73.82974,40.7964],[-73.82971,40.79643],[-73.82975,40.79648],[-73.82968,40.79646],[-73.82965,40.7965],[-73.82969,40.79655],[-73.82962,40.79652],[-73.82959,40.79656],[-73.82963,40.79661],[-73.82956,40.79658],[-73.82947,40.79668],[-73.82977,40.79684],[-73.82983,40.7968],[-73.82976,40.79674],[-73.82977,40.79672],[-73.82984,40.79677],[-73.82991,40.79673],[-73.82984,40.79666],[-73.82992,40.7967],[-73.82998,40.79666],[-73.82992,40.79659],[-73.82999,40.79663],[-73.83005,40.79659],[-73.82998,40.79653],[-73.83008,40.79656],[-73.83013,40.79653],[-73.83005,40.79646],[-73.83016,40.7965],[-73.8302,40.79644],[-73.83014,40.79638],[-73.83021,40.79643],[-73.83028,40.79639],[-73.8302,40.79633],[-73.83031,40.79636],[-73.83035,40.79632],[-73.83029,40.79625],[-73.83052,40.7964],[-73.83038,40.79634],[-73.8303,40.79641],[-73.8304,40.79651],[-73.83026,40.79644],[-73.83018,40.79652],[-73.8303,40.7966],[-73.83029,40.79661],[-73.83015,40.79654],[-73.83008,40.79663],[-73.83019,40.7967],[-73.83004,40.79664],[-73.82996,40.79673],[-73.83008,40.7968],[-73.82993,40.79674],[-73.82985,40.79682],[-73.82996,40.79692],[-73.82984,40.79685],[-73.82979,40.79688],[-73.82906,40.79647],[-73.82901,40.79652],[-73.82891,40.79654],[-73.82867,40.79648],[-73.82841,40.79663],[-73.82811,40.79673],[-73.8279,40.79676],[-73.8276,40.79671],[-73.82743,40.79676],[-73.82729,40.79687],[-73.82729,40.79695],[-73.82725,40.79695],[-73.82721,40.79691],[-73.82717,40.79692],[-73.82703,40.79703],[-73.82697,40.79714],[-73.827,40.79728],[-73.8271,40.79736],[-73.82719,40.79752],[-73.82718,40.79762],[-73.82703,40.79773],[-73.82674,40.7978],[-73.82658,40.79776],[-73.82647,40.79765],[-73.82631,40.79738],[-73.82612,40.79728],[-73.82572,40.79728],[-73.82548,40.79732],[-73.82527,40.7973],[-73.82507,40.79738],[-73.82458,40.7977],[-73.82399,40.79802],[-73.82398,40.79811],[-73.82409,40.79826],[-73.82395,40.79824],[-73.82423,40.7987],[-73.82421,40.79871],[-73.82386,40.79816],[-73.82367,40.79824],[-73.82355,40.79832],[-73.8235,40.7984],[-73.82352,40.79845],[-73.82343,40.79841],[-73.82376,40.79889],[-73.82372,40.79891],[-73.82341,40.79843],[-73.8234,40.79846],[-73.82326,40.79848],[-73.82312,40.79861],[-73.82314,40.79869],[-73.8231,40.79869],[-73.82331,40.79897],[-73.82327,40.79898],[-73.82306,40.79867],[-73.823,40.79865],[-73.82261,40.7989],[-73.82254,40.79897],[-73.82279,40.79935],[-73.82276,40.79936],[-73.82252,40.799],[-73.82241,40.7991],[-73.82268,40.79949],[-73.82265,40.7995],[-73.82239,40.79912],[-73.8219,40.79974],[-73.82162,40.8],[-73.82098,40.80049],[-73.82079,40.80057],[-73.82043,40.80064],[-73.82053,40.80101],[-73.8205,40.80102]]],[[[-73.95764,40.74841],[-73.95749,40.74834],[-73.95752,40.74831],[-73.95767,40.74838],[-73.95773,40.7483],[-73.95784,40.74835],[-73.95769,40.74854],[-73.95758,40.7485],[-73.95764,40.74841]]],[[[-73.93557,40.77193],[-73.93566,40.77176],[-73.93552,40.77172],[-73.93557,40.77164],[-73.93585,40.77172],[-73.93581,40.77181],[-73.9357,40.77178],[-73.93561,40.77194],[-73.93557,40.77193]]],[[[-73.9418,40.76906],[-73.94286,40.76831],[-73.94382,40.76723],[-73.94484,40.76583],[-73.94662,40.76387],[-73.94943,40.76056],[-73.95034,40.75987],[-73.95126,40.75882],[-73.95149,40.75867],[-73.95178,40.75841],[-73.95209,40.758],[-73.95218,40.75784],[-73.95221,40.75759],[-73.95254,40.7571],[-73.95322,40.75644],[-73.95507,40.75481],[-73.9552,40.75478],[-73.95693,40.75297],[-73.95792,40.75212],[-73.95861,40.75162],[-73.95903,40.75139],[-73.95903,40.75131],[-73.95956,40.75082],[-73.9599,40.75057],[-73.96039,40.75026],[-73.96091,40.74981],[-73.96104,40.74975],[-73.96117,40.74978],[-73.96133,40.74961],[-73.96154,40.74973],[-73.96139,40.74989],[-73.96144,40.74995],[-73.96144,40.75001],[-73.96135,40.7501],[-73.96111,40.75061],[-73.96069,40.75121],[-73.96001,40.75184],[-73.9595,40.75296],[-73.95902,40.7536],[-73.95893,40.75357],[-73.95846,40.75396],[-73.95566,40.7571],[-73.95551,40.75734],[-73.95366,40.75949],[-73.95332,40.75975],[-73.95339,40.75981],[-73.95313,40.76006],[-73.95298,40.75997],[-73.95209,40.76087],[-73.95163,40.76169],[-73.95094,40.76258],[-73.95073,40.76277],[-73.94997,40.76365],[-73.94921,40.76428],[-73.94909,40.76427],[-73.9477,40.76603],[-73.94655,40.76738],[-73.94592,40.76822],[-73.94585,40.76826],[-73.94585,40.76833],[-73.94576,40.76831],[-73.94571,40.76834],[-73.94548,40.76863],[-73.94563,40.7687],[-73.94556,40.76881],[-73.94541,40.76874],[-73.94538,40.76877],[-73.94525,40.76878],[-73.94516,40.76913],[-73.94472,40.76974],[-73.94473,40.76979],[-73.94456,40.76989],[-73.94427,40.77015],[-73.94401,40.7703],[-73.94321,40.771],[-73.94258,40.77171],[-73.94213,40.77204],[-73.94137,40.77232],[-73.94089,40.77238],[-73.94057,40.77262],[-73.94028,40.77296],[-73.94018,40.77297],[-73.94008,40.77293],[-73.94001,40.77285],[-73.94019,40.77257],[-73.94028,40.77231],[-73.94028,40.77172],[-73.9402,40.77114],[-73.94023,40.77086],[-73.94036,40.7705],[-73.94083,40.76992],[-73.94112,40.76942],[-73.94126,40.76932],[-73.9418,40.76906]]],[[[-73.89681,40.79582],[-73.89694,40.79564],[-73.89724,40.79573],[-73.89797,40.79565],[-73.89857,40.79608],[-73.89895,40.79624],[-73.8992,40.79651],[-73.89852,40.79694],[-73.89788,40.79712],[-73.89713,40.79681],[-73.89679,40.79634],[-73.89681,40.79582]]],[[[-73.88885,40.79871],[-73.8886,40.79866],[-73.88859,40.79871],[-73.88821,40.79867],[-73.88825,40.79859],[-73.88839,40.79857],[-73.88823,40.79825],[-73.88795,40.79835],[-73.88756,40.79838],[-73.88713,40.79829],[-73.88665,40.79805],[-73.88531,40.79706],[-73.88471,40.7965],[-73.88423,40.79615],[-73.88395,40.79583],[-73.88376,40.79572],[-73.88362,40.79568],[-73.88373,40.79589],[-73.88372,40.79595],[-73.88366,40.79598],[-73.88321,40.79555],[-73.88284,40.79547],[-73.88241,40.79526],[-73.8821,40.79517],[-73.88166,40.79508],[-73.88129,40.79506],[-73.88061,40.79496],[-73.87981,40.7949],[-73.87908,40.79474],[-73.87838,40.79453],[-73.8779,40.79433],[-73.8769,40.79378],[-73.87627,40.79338],[-73.87583,40.79316],[-73.87555,40.79292],[-73.87539,40.79272],[-73.87508,40.79243],[-73.87449,40.79207],[-73.87415,40.79189],[-73.87389,40.79186],[-73.87362,40.79178],[-73.87289,40.79146],[-73.87222,40.79105],[-73.87175,40.79067],[-73.87135,40.79023],[-73.87121,40.79004],[-73.87102,40.7894],[-73.87101,40.7892],[-73.87095,40.78896],[-73.87096,40.78874],[-73.87092,40.78848],[-73.87079,40.78804],[-73.87081,40.7879],[-73.87138,40.78728],[-73.87163,40.78681],[-73.87211,40.78648],[-73.87227,40.78643],[-73.87247,40.78631],[-73.87279,40.78609],[-73.87289,40.78597],[-73.87309,40.78586],[-73.87352,40.78576],[-73.87532,40.78588],[-73.87653,40.78584],[-73.87677,40.78581],[-73.87831,40.78536],[-73.88538,40.78668],[-73.88575,40.78669],[-73.88596,40.78676],[-73.88613,40.78672],[-73.88692,40.78674],[-73.88715,40.78683],[-73.88728,40.78681],[-73.8877,40.78688],[-73.88831,40.78701],[-73.88857,40.78717],[-73.88905,40.78738],[-73.88941,40.7878],[-73.88961,40.78821],[-73.8898,40.78866],[-73.88989,40.78902],[-73.89013,40.78964],[-73.8903,40.78989],[-73.89057,40.79012],[-73.8908,40.79022],[-73.89092,40.79023],[-73.89116,40.79018],[-73.89141,40.7902],[-73.89161,40.79017],[-73.89177,40.79023],[-73.89198,40.79024],[-73.89218,40.7904],[-73.89282,40.79283],[-73.89262,40.79385],[-73.89179,40.79678],[-73.89139,40.79714],[-73.89127,40.79731],[-73.89073,40.79767],[-73.89081,40.79779],[-73.89088,40.79784],[-73.8908,40.79787],[-73.89072,40.7977],[-73.89062,40.79776],[-73.89083,40.79802],[-73.8908,40.79803],[-73.89061,40.79778],[-73.89017,40.79797],[-73.89012,40.7979],[-73.89005,40.79791],[-73.88921,40.79781],[-73.88886,40.79788],[-73.88835,40.79815],[-73.88831,40.79819],[-73.88852,40.79825],[-73.88846,40.7983],[-73.88856,40.79836],[-73.88851,40.79845],[-73.88839,40.79838],[-73.88851,40.7986],[-73.889,40.79869],[-73.88898,40.79876],[-73.88884,40.79875],[-73.88885,40.79871]]]]}},{"type":"Feature","properties":{"borough":"Manhattan","boro_code":1},"geometry":{"type":"MultiPolygon","coordinates":[[[[-74.04388,40.6902],[-74.04351,40.6897],[-74.04274,40.69006],[-74.04279,40.69013],[-74.04271,40.69016],[-74.04256,40.68997],[-74.04264,40.68994],[-74.0427,40.69001],[-74.04347,40.68965],[-74.04352,40.6892],[-74.04364,40.68877],[-74.04398,40.68859],[-74.04439,40.68852],[-74.04479,40.6886],[-74.04628,40.68934],[-74.0468,40.68996],[-74.04748,40.68962],[-74.04773,40.68992],[-74.04759,40.68999],[-74.04743,40.68981],[-74.04689,40.69007],[-74.0472,40.69043],[-74.04711,40.69048],[-74.04712,40.69066],[-74.04723,40.69086],[-74.04717,40.691],[-74.04704,40.69105],[-74.04617,40.69111],[-74.04615,40.69113],[-74.04593,40.69109],[-74.04461,40.69058],[-74.04388,40.6902]]],[[[-74.01675,40.69335],[-74.01541,40.69307],[-74.01536,40.69323],[-74.01541,40.69325],[-74.01539,40.69331],[-74.01518,40.69326],[-74.01519,40.69321],[-74.01526,40.69322],[-74.01531,40.69306],[-74.01526,40.69305],[-74.01513,40.69319],[-74.01517,40.69321],[-74.01513,40.69325],[-74.01494,40.69315],[-74.01499,40.69311],[-74.01504,40.69315],[-74.01516,40.69302],[-74.01422,40.69283],[-74.01344,40.69212],[-74.0125,40.69231],[-74.01252,40.69235],[-74.0124,40.69251],[-74.0123,40.69258],[-74.01205,40.69261],[-74.01181,40.69249],[-74.01176,40.69227],[-74.0119,40.6921],[-74.0122,40.69205],[-74.01241,40.69214],[-74.01246,40.69222],[-74.01333,40.69203],[-74.01326,40.69193],[-74.01319,40.69197],[-74.01291,40.6917],[-74.01293,40.69168],[-74.01286,40.69161],[-74.0129,40.69159],[-74.01282,40.69151],[-74.01263,40.69142],[-74.01261,40.69137],[-74.01255,40.6914],[-74.01253,40.69144],[-74.01252,40.69141],[-74.01204,40.69151],[-74.01202,40.69147],[-74.0126,40.69134],[-74.01253,40.69115],[-74.01218,40.69114],[-74.01219,40.69109],[-74.01183,40.69107],[-74.01183,40.69102],[-74.0122,40.69104],[-74.01221,40.6908],[-74.01209,40.69079],[-74.01205,40.69075],[-74.01197,40.69078],[-74.01198,40.69061],[-74.01205,40.69062],[-74.01206,40.69056],[-74.01213,40.69054],[-74.01214,40.69046],[-74.01223,40.69047],[-74.01231,40.68929],[-74.01317,40.68816],[-74.01342,40.68806],[-74.01488,40.68726],[-74.01605,40.68735],[-74.01705,40.68688],[-74.01672,40.68645],[-74.01665,40.68642],[-74.01515,40.68653],[-74.01515,40.68645],[-74.01667,40.68631],[-74.01678,40.68636],[-74.01677,40.68641],[-74.01712,40.68685],[-74.02055,40.68528],[-74.02021,40.68484],[-74.01946,40.68516],[-74.0194,40.6851],[-74.02095,40.68439],[-74.02101,40.68446],[-74.02028,40.68482],[-74.02061,40.68525],[-74.02224,40.68453],[-74.02212,40.68436],[-74.02221,40.68445],[-74.02226,40.68443],[-74.0222,40.68433],[-74.02227,40.68442],[-74.02234,40.68444],[-74.02231,40.68445],[-74.02234,40.68448],[-74.0226,40.68437],[-74.02213,40.68378],[-74.02306,40.68293],[-74.0232,40.68301],[-74.02237,40.68379],[-74.02276,40.68429],[-74.02314,40.68413],[-74.02354,40.68401],[-74.02395,40.68396],[-74.02465,40.68399],[-74.02547,40.68416],[-74.02567,40.68424],[-74.02605,40.68452],[-74.02634,40.68481],[-74.02644,40.68496],[-74.02658,40.68525],[-74.02663,40.68554],[-74.02657,40.68591],[-74.02643,40.68618],[-74.02457,40.68797],[-74.02021,40.69204],[-74.01986,40.69291],[-74.01973,40.69312],[-74.0196,40.6932],[-74.01935,40.69324],[-74.0188,40.69323],[-74.01675,40.69335]]],[[[-74.03995,40.7009],[-74.03945,40.70054],[-74.03938,40.70059],[-74.03771,40.69935],[-74.0381,40.69905],[-74.03823,40.69838],[-74.039,40.69838],[-74.03934,40.69812],[-74.04124,40.69954],[-74.04175,40.69916],[-74.03991,40.69771],[-74.04166,40.69646],[-74.04368,40.69803],[-74.04364,40.69806],[-74.04366,40.69807],[-74.04271,40.69881],[-74.04297,40.69901],[-74.0411,40.7005],[-74.0408,40.70028],[-74.03995,40.7009]]],[[[-73.96421,40.74661],[-73.96428,40.74655],[-73.96434,40.74655],[-73.96445,40.74642],[-73.96458,40.74646],[-73.96459,40.74652],[-73.96448,40.74665],[-73.96427,40.74676],[-73.96422,40.74685],[-73.96416,40.74687],[-73.96413,40.74685],[-73.96421,40.74667],[-73.96421,40.74661]]],[[[-73.93805,40.78084],[-73.9379,40.78076],[-73.9378,40.78079],[-73.9378,40.78104],[-73.93765,40.78101],[-73.93766,40.7808],[-73.9376,40.78048],[-73.93779,40.78037],[-73.93824,40.78027],[-73.9384,40.78027],[-73.93861,40.78035],[-73.93924,40.77974],[-73.93932,40.77973],[-73.93953,40.77954],[-73.93959,40.77958],[-73.93943,40.77982],[-73.93949,40.77988],[-73.93938,40.77999],[-73.93931,40.77996],[-73.93922,40.78002],[-73.93873,40.78052],[-73.93884,40.78061],[-73.93883,40.78077],[-73.93875,40.78105],[-73.9383,40.78137],[-73.93808,40.78143],[-73.93797,40.7813],[-73.93805,40.78106],[-73.93805,40.78084]]],[[[-73.92134,40.80086],[-73.92103,40.80027],[-73.92058,40.79968],[-73.92032,40.79938],[-73.919,40.79878],[-73.91663,40.79787],[-73.91546,40.79707],[-73.91444,40.79567],[-73.91381,40.79452],[-73.91379,40.79384],[-73.91514,40.79202],[-73.91536,40.79185],[-73.91552,40.79179],[-73.91631,40.79113],[-73.91617,40.79102],[-73.91687,40.79037],[-73.91711,40.79048],[-73.91812,40.79005],[-73.91856,40.7897],[-73.91859,40.78948],[-73.91851,40.78943],[-73.92189,40.78571],[-73.922,40.78576],[-73.92219,40.78552],[-73.92285,40.78356],[-73.92307,40.78335],[-73.92401,40.78267],[-73.92412,40.78253],[-73.92425,40.7825],[-73.92448,40.78233],[-73.92467,40.78225],[-73.92489,40.78223],[-73.92506,40.78222],[-73.92524,40.78228],[-73.92539,40.78228],[-73.92572,40.78218],[-73.92733,40.7811],[-73.9281,40.78093],[-73.92849,40.78102],[-73.93064,40.78227],[-73.93105,40.7824],[-73.93267,40.7827],[-73.93502,40.78301],[-73.93541,40.7834],[-73.93581,40.78372],[-73.93598,40.78395],[-73.93607,40.78423],[-73.93605,40.78452],[-73.936,40.78468],[-73.93592,40.78482],[-73.93571,40.78569],[-73.93313,40.78872],[-73.9327,40.78919],[-73.9324,40.78973],[-73.93224,40.7897],[-73.93148,40.79049],[-73.93084,40.791],[-73.93073,40.79096],[-73.92973,40.79137],[-73.92872,40.79095],[-73.9286,40.79098],[-73.92807,40.79083],[-73.92692,40.7908],[-73.92642,40.7907],[-73.92611,40.79074],[-73.92606,40.79084],[-73.92609,40.7911],[-73.92605,40.79119],[-73.92605,40.79127],[-73.92615,40.79156],[-73.92616,40.79172],[-73.92655,40.79184],[-73.92657,40.79187],[-73.92651,40.79191],[-73.92615,40.79186],[-73.92593,40.79188],[-73.92559,40.79183],[-73.92561,40.7919],[-73.92617,40.79191],[-73.92643,40.79196],[-73.92674,40.79194],[-73.9267,40.79184],[-73.92664,40.7918],[-73.92651,40.79178],[-73.92637,40.79167],[-73.92633,40.79151],[-73.92635,40.79126],[-73.92649,40.79103],[-73.92657,40.79099],[-73.9267,40.79098],[-73.92712,40.79102],[-73.92738,40.79101],[-73.92744,40.79097],[-73.92787,40.79096],[-73.92791,40.79105],[-73.9279,40.7911],[-73.92732,40.79175],[-73.92723,40.7918],[-73.92714,40.79194],[-73.9278,40.79201],[-73.92827,40.79234],[-73.92834,40.79293],[-73.92832,40.79311],[-73.92735,40.79447],[-73.92725,40.79479],[-73.92698,40.79534],[-73.92694,40.79551],[-73.92689,40.79626],[-73.92695,40.79672],[-73.92712,40.79721],[-73.92719,40.79736],[-73.92767,40.79723],[-73.92771,40.79731],[-73.92738,40.79739],[-73.92737,40.79736],[-73.9272,40.7974],[-73.92722,40.79742],[-73.92728,40.79742],[-73.92744,40.79772],[-73.92748,40.79813],[-73.92726,40.79893],[-73.92688,40.79995],[-73.9267,40.80016],[-73.92725,40.8004],[-73.92712,40.80057],[-73.92707,40.80055],[-73.92717,40.80041],[-73.92667,40.80019],[-73.92655,40.80032],[-73.92674,40.80041],[-73.92654,40.80034],[-73.9265,40.80038],[-73.92669,40.80046],[-73.92655,40.80061],[-73.92685,40.80075],[-73.92683,40.80077],[-73.92687,40.80079],[-73.927,40.80064],[-73.92705,40.80066],[-73.92689,40.80085],[-73.92651,40.80067],[-73.92578,40.80174],[-73.92549,40.80196],[-73.92528,40.80201],[-73.92436,40.80199],[-73.92264,40.80188],[-73.92191,40.80151],[-73.92134,40.80086]]],[[[-73.92641,40.87763],[-73.9263,40.87757],[-73.9263,40.8775],[-73.92642,40.87738],[-73.92646,40.87727],[-73.92638,40.87716],[-73.92619,40.87707],[-73.92587,40.87706],[-73.92555,40.87711],[-73.92518,40.87726],[-73.92508,40.87741],[-73.92503,40.87738],[-73.92483,40.87743],[-73.92457,40.87744],[-73.92382,40.87727],[-73.92355,40.87731],[-73.9233,40.87727],[-73.92312,40.8772],[-73.92293,40.87704],[-73.9228,40.87702],[-73.92281,40.87699],[-73.92267,40.87693],[-73.9226,40.87693],[-73.92259,40.87687],[-73.92254,40.87688],[-73.9224,40.87679],[-73.92238,40.87677],[-73.92238,40.87637],[-73.92245,40.8757],[-73.92259,40.87533],[-73.92267,40.87499],[-73.92266,40.87464],[-73.92262,40.87442],[-73.92241,40.87398],[-73.92218,40.87368],[-73.92176,40.87335],[-73.92126,40.87309],[-73.92092,40.87302],[-73.92056,40.87301],[-73.92014,40.8732],[-73.91996,40.87342],[-73.91995,40.87359],[-73.91991,40.87362],[-73.91979,40.87361],[-73.91979,40.87365],[-73.91996,40.87369],[-73.91999,40.87385],[-73.92013,40.87393],[-73.92015,40.87391],[-73.9202,40.87397],[-73.92022,40.87395],[-73.92024,40.87397],[-73.92022,40.87399],[-73.9205,40.87417],[-73.92055,40.87415],[-73.92063,40.87424],[-73.92077,40.87419],[-73.9208,40.8742],[-73.92081,40.87422],[-73.92066,40.87429],[-73.9207,40.8744],[-73.92082,40.87463],[-73.92092,40.87476],[-73.92092,40.87481],[-73.92112,40.87502],[-73.92118,40.87515],[-73.92111,40.87529],[-73.92097,40.87543],[-73.92091,40.87547],[-73.92081,40.87549],[-73.9203,40.87528],[-73.92005,40.87515],[-73.91982,40.8751],[-73.9196,40.87498],[-73.91913,40.87482],[-73.91888,40.87469],[-73.91885,40.87463],[-73.91889,40.87457],[-73.91909,40.87436],[-73.91912,40.87424],[-73.91919,40.87415],[-73.91921,40.87393],[-73.91925,40.87384],[-73.91925,40.87367],[-73.91928,40.87366],[-73.91919,40.87361],[-73.91893,40.87332],[-73.91879,40.87336],[-73.91871,40.87331],[-73.91872,40.87325],[-73.9186,40.87329],[-73.9185,40.8732],[-73.91839,40.87322],[-73.91842,40.87328],[-73.91861,40.87338],[-73.91861,40.87348],[-73.91847,40.87358],[-73.91841,40.87356],[-73.91841,40.87365],[-73.9182,40.87376],[-73.91812,40.87384],[-73.91806,40.87386],[-73.91793,40.87399],[-73.91758,40.87456],[-73.9175,40.87453],[-73.91789,40.87397],[-73.91787,40.87391],[-73.91751,40.87418],[-73.91709,40.87431],[-73.91706,40.87435],[-73.9169,40.87437],[-73.91644,40.87452],[-73.91569,40.87454],[-73.91523,40.87449],[-73.91359,40.87403],[-73.9131,40.87385],[-73.91261,40.87377],[-73.91229,40.87364],[-73.91143,40.87319],[-73.91118,40.87299],[-73.91096,40.87263],[-73.91076,40.87246],[-73.91065,40.8723],[-73.91054,40.87207],[-73.91055,40.87203],[-73.91043,40.87149],[-73.91044,40.87139],[-73.91055,40.87129],[-73.91058,40.87119],[-73.91072,40.87096],[-73.91068,40.87088],[-73.91076,40.87058],[-73.91075,40.87027],[-73.91088,40.86975],[-73.91089,40.86967],[-73.91085,40.86966],[-73.91093,40.86959],[-73.91095,40.86946],[-73.91093,40.86944],[-73.91106,40.86942],[-73.91135,40.86953],[-73.91148,40.86946],[-73.91146,40.86939],[-73.91103,40.86916],[-73.91108,40.86905],[-73.91112,40.86901],[-73.91115,40.86889],[-73.91128,40.86886],[-73.91133,40.86881],[-73.91133,40.86868],[-73.91148,40.86842],[-73.91152,40.86829],[-73.91171,40.86811],[-73.91175,40.86794],[-73.91181,40.86789],[-73.91181,40.86782],[-73.91191,40.86771],[-73.91185,40.86768],[-73.91273,40.86661],[-73.91255,40.86652],[-73.91392,40.86475],[-73.91431,40.86463],[-73.91493,40.86459],[-73.91454,40.86442],[-73.91441,40.86418],[-73.91509,40.86446],[-73.91543,40.86443],[-73.91545,40.86434],[-73.91563,40.86432],[-73.91567,40.86436],[-73.9159,40.86432],[-73.91593,40.86421],[-73.91587,40.86414],[-73.91559,40.86408],[-73.91536,40.86409],[-73.9152,40.86395],[-73.91518,40.86369],[-73.91536,40.86356],[-73.91548,40.86335],[-73.91546,40.86322],[-73.91535,40.86317],[-73.91541,40.8631],[-73.91539,40.86309],[-73.91552,40.86292],[-73.91557,40.86294],[-73.91562,40.86289],[-73.91567,40.86291],[-73.91611,40.8625],[-73.9168,40.86199],[-73.91709,40.86187],[-73.9173,40.86169],[-73.91751,40.86137],[-73.91783,40.86105],[-73.91782,40.86096],[-73.91792,40.86083],[-73.91789,40.86081],[-73.91844,40.86023],[-73.91836,40.8602],[-73.91839,40.86009],[-73.91845,40.86],[-73.91861,40.85987],[-73.91862,40.85979],[-73.9187,40.85974],[-73.91872,40.85965],[-73.9188,40.85957],[-73.91878,40.85956],[-73.91944,40.85886],[-73.91952,40.85879],[-73.9204,40.85917],[-73.92046,40.85911],[-73.91978,40.8588],[-73.92048,40.85911],[-73.92043,40.85918],[-73.92065,40.85927],[-73.92107,40.85994],[-73.92127,40.8602],[-73.92137,40.86022],[-73.92159,40.86008],[-73.92169,40.85985],[-73.9217,40.8597],[-73.92174,40.85968],[-73.92165,40.85956],[-73.92173,40.85956],[-73.92174,40.85959],[-73.92183,40.85956],[-73.92184,40.85953],[-73.92179,40.85951],[-73.92178,40.85945],[-73.92173,40.8594],[-73.92185,40.85939],[-73.92179,40.85936],[-73.92186,40.8593],[-73.92187,40.85919],[-73.92181,40.85915],[-73.92182,40.85912],[-73.92158,40.85906],[-73.92131,40.85891],[-73.92132,40.85888],[-73.92139,40.8589],[-73.92126,40.85885],[-73.92126,40.85872],[-73.92111,40.85862],[-73.92112,40.8586],[-73.92107,40.85856],[-73.92112,40.85845],[-73.92107,40.85843],[-73.92106,40.85833],[-73.92109,40.85831],[-73.92094,40.85829],[-73.92092,40.85823],[-73.92115,40.85756],[-73.92122,40.85753],[-73.92131,40.85743],[-73.92156,40.85733],[-73.92159,40.85727],[-73.92156,40.8571],[-73.9217,40.85703],[-73.92189,40.85699],[-73.92205,40.85686],[-73.92208,40.85679],[-73.92216,40.85677],[-73.92217,40.85675],[-73.92211,40.85673],[-73.92217,40.85667],[-73.92238,40.85659],[-73.92237,40.85629],[-73.92235,40.85626],[-73.92238,40.85622],[-73.92238,40.85599],[-73.92235,40.85569],[-73.92206,40.85606],[-73.9217,40.85668],[-73.92152,40.85661],[-73.92176,40.85631],[-73.92182,40.85634],[-73.92216,40.8559],[-73.92228,40.85566],[-73.92342,40.85423],[-73.92444,40.85285],[-73.92522,40.85175],[-73.92626,40.85019],[-73.92972,40.84524],[-73.93015,40.84446],[-73.9309,40.84255],[-73.93296,40.83879],[-73.93391,40.83714],[-73.93429,40.83639],[-73.93447,40.83597],[-73.93446,40.8359],[-73.93474,40.8356],[-73.93479,40.83539],[-73.93487,40.83534],[-73.93492,40.83524],[-73.93499,40.83476],[-73.93495,40.83471],[-73.93503,40.8344],[-73.93511,40.83367],[-73.93514,40.83327],[-73.93511,40.83301],[-73.93512,40.83291],[-73.93517,40.83288],[-73.93516,40.83269],[-73.93509,40.83187],[-73.93486,40.83007],[-73.93483,40.82982],[-73.93476,40.82971],[-73.9347,40.82942],[-73.93471,40.82935],[-73.93468,40.82932],[-73.93466,40.82919],[-73.93471,40.82917],[-73.93466,40.82911],[-73.93467,40.82898],[-73.9346,40.82869],[-73.9346,40.82822],[-73.93459,40.82817],[-73.93457,40.82817],[-73.93452,40.82792],[-73.93443,40.82705],[-73.93448,40.82705],[-73.93436,40.82583],[-73.9343,40.8245],[-73.93415,40.82304],[-73.93397,40.81974],[-73.93383,40.81973],[-73.93379,40.81716],[-73.93383,40.81559],[-73.93395,40.8156],[-73.93395,40.81521],[-73.934,40.81473],[-73.93397,40.81457],[-73.93402,40.81449],[-73.93386,40.81449],[-73.93387,40.81416],[-73.93404,40.81235],[-73.93428,40.81083],[-73.93434,40.80957],[-73.93412,40.80866],[-73.93356,40.80761],[-73.93309,40.80704],[-73.93116,40.80498],[-73.93031,40.80379],[-73.92998,40.8032],[-73.93005,40.80311],[-73.92979,40.80267],[-73.92946,40.80192],[-73.92936,40.80168],[-73.92921,40.80116],[-73.92904,40.80109],[-73.9289,40.79986],[-73.92904,40.79677],[-73.92928,40.79586],[-73.92988,40.79504],[-73.92981,40.79499],[-73.92983,40.79496],[-73.92992,40.79496],[-73.93007,40.79471],[-73.93011,40.79472],[-73.9302,40.7946],[-73.93267,40.79326],[-73.93349,40.79278],[-73.93517,40.79161],[-73.93527,40.79154],[-73.93519,40.79148],[-73.93547,40.79127],[-73.93554,40.79133],[-73.93583,40.7911],[-73.93708,40.78937],[-73.93613,40.78894],[-73.93624,40.7888],[-73.93715,40.78918],[-73.93782,40.7877],[-73.93812,40.78719],[-73.93983,40.78526],[-73.94244,40.78393],[-73.94312,40.78345],[-73.94324,40.78334],[-73.94355,40.78291],[-73.94365,40.78266],[-73.94388,40.78154],[-73.94387,40.78128],[-73.9436,40.78017],[-73.94344,40.77977],[-73.94247,40.78004],[-73.9424,40.78003],[-73.94211,40.77946],[-73.94214,40.77941],[-73.94273,40.77927],[-73.94272,40.77917],[-73.94277,40.77902],[-73.94289,40.77891],[-73.943,40.77886],[-73.94266,40.77813],[-73.94246,40.77742],[-73.94228,40.77736],[-73.94232,40.77746],[-73.94236,40.77746],[-73.94246,40.77776],[-73.94234,40.77778],[-73.94224,40.77748],[-73.94229,40.77747],[-73.94226,40.77732],[-73.94212,40.77726],[-73.94219,40.77717],[-73.94244,40.77731],[-73.94234,40.77726],[-73.94239,40.77718],[-73.94219,40.77708],[-73.94208,40.77693],[-73.942,40.77619],[-73.94208,40.77597],[-73.9424,40.77574],[-73.94259,40.77523],[-73.94293,40.77468],[-73.94367,40.77385],[-73.94488,40.77258],[-73.94641,40.77128],[-73.94867,40.76887],[-73.94937,40.76789],[-73.95007,40.76703],[-73.95123,40.76578],[-73.95442,40.76219],[-73.95846,40.75859],[-73.95878,40.75828],[-73.95906,40.75794],[-73.95918,40.75786],[-73.95966,40.75727],[-73.95967,40.75722],[-73.96037,40.75628],[-73.96066,40.75593],[-73.96163,40.75516],[-73.9622,40.75451],[-73.96223,40.75453],[-73.9629,40.75377],[-73.96287,40.75375],[-73.96316,40.75342],[-73.96533,40.75106],[-73.96818,40.74768],[-73.96837,40.74744],[-73.96823,40.74738],[-73.96894,40.74653],[-73.969,40.74651],[-73.96988,40.74545],[-73.96998,40.7455],[-73.97034,40.74506],[-73.97033,40.74503],[-73.97051,40.74483],[-73.97079,40.74441],[-73.97094,40.74448],[-73.97112,40.74421],[-73.9707,40.744],[-73.97076,40.74395],[-73.97117,40.74412],[-73.97136,40.74385],[-73.97121,40.74378],[-73.97189,40.74273],[-73.97174,40.74267],[-73.97196,40.74235],[-73.97229,40.74073],[-73.97218,40.74071],[-73.97217,40.74068],[-73.97224,40.74042],[-73.9722,40.74041],[-73.97222,40.74032],[-73.97227,40.74032],[-73.97225,40.7403],[-73.97231,40.74003],[-73.97244,40.74003],[-73.97266,40.73923],[-73.97259,40.73678],[-73.97249,40.73581],[-73.97287,40.73578],[-73.97442,40.73642],[-73.97446,40.7363],[-73.97403,40.73613],[-73.97405,40.73611],[-73.97447,40.73629],[-73.97451,40.73607],[-73.97414,40.73596],[-73.97415,40.73594],[-73.97451,40.73605],[-73.97452,40.7359],[-73.97451,40.73581],[-73.97449,40.73588],[-73.97445,40.73588],[-73.97446,40.73584],[-73.97425,40.73581],[-73.97426,40.73577],[-73.97447,40.73581],[-73.97447,40.73568],[-73.97415,40.73568],[-73.97342,40.73538],[-73.97344,40.73535],[-73.97306,40.73519],[-73.97281,40.73553],[-73.97293,40.73562],[-73.97276,40.73551],[-73.973,40.73519],[-73.97297,40.73518],[-73.97293,40.73521],[-73.97289,40.73519],[-73.97287,40.73522],[-73.97284,40.73521],[-73.97295,40.73507],[-73.97297,40.73509],[-73.97295,40.73512],[-73.973,40.73514],[-73.97297,40.73517],[-73.973,40.73518],[-73.97304,40.73514],[-73.9733,40.73525],[-73.97332,40.73521],[-73.97327,40.73513],[-73.9733,40.73505],[-73.97337,40.735],[-73.97352,40.73498],[-73.97355,40.73495],[-73.97444,40.73533],[-73.97396,40.73343],[-73.97389,40.73332],[-73.97387,40.73332],[-73.97386,40.73322],[-73.97381,40.73326],[-73.97379,40.73321],[-73.97368,40.73321],[-73.97374,40.73315],[-73.97387,40.7331],[-73.97387,40.73307],[-73.97341,40.73129],[-73.97301,40.73083],[-73.97196,40.73001],[-73.97163,40.72957],[-73.97148,40.72926],[-73.97141,40.72889],[-73.97143,40.72849],[-73.97156,40.72771],[-73.97157,40.72765],[-73.97165,40.72765],[-73.97169,40.72741],[-73.97154,40.7274],[-73.97149,40.72736],[-73.97177,40.72584],[-73.97182,40.72582],[-73.97209,40.72448],[-73.97315,40.72],[-73.97386,40.71771],[-73.97453,40.71594],[-73.97605,40.71261],[-73.97643,40.71192],[-73.97671,40.71154],[-73.97722,40.71108],[-73.97772,40.71072],[-73.978,40.71057],[-73.97826,40.71051],[-73.98034,40.71037],[-73.98033,40.7103],[-73.98129,40.71023],[-73.98125,40.70983],[-73.98839,40.70914],[-73.9885,40.70918],[-73.98864,40.70992],[-73.98874,40.70998],[-73.9888,40.70997],[-73.99135,40.70963],[-73.99374,40.70925],[-73.99414,40.70924],[-73.99518,40.70904],[-73.99728,40.70874],[-73.99808,40.70852],[-73.99881,40.70821],[-73.99952,40.70777],[-73.99949,40.70773],[-73.99954,40.7077],[-73.99961,40.70777],[-73.99995,40.7076],[-73.99997,40.70751],[-74.00024,40.70736],[-74.00119,40.70687],[-74.00113,40.70681],[-74.00123,40.70675],[-74.00116,40.70667],[-74.00118,40.70664],[-74.00098,40.70642],[-74.00141,40.70619],[-74.00059,40.70542],[-74.00146,40.70488],[-74.00206,40.70543],[-74.00216,40.70537],[-74.00257,40.70553],[-74.00269,40.70546],[-74.00236,40.70517],[-74.00242,40.70514],[-74.00197,40.70475],[-74.00217,40.70461],[-74.00233,40.70476],[-74.00243,40.70469],[-74.00249,40.70474],[-74.00239,40.7048],[-74.00332,40.70564],[-74.00383,40.70531],[-74.00366,40.70516],[-74.00359,40.7052],[-74.00355,40.70517],[-74.00363,40.70513],[-74.00263,40.70423],[-74.00287,40.70408],[-74.00406,40.70516],[-74.00602,40.70388],[-74.00614,40.70399],[-74.0066,40.70369],[-74.00549,40.70272],[-74.00553,40.70269],[-74.00543,40.70267],[-74.00531,40.70257],[-74.0055,40.70244],[-74.00562,40.70254],[-74.00559,40.70262],[-74.00554,40.70265],[-74.00556,40.70267],[-74.00568,40.70259],[-74.00679,40.70358],[-74.00752,40.70313],[-74.0077,40.70286],[-74.00911,40.70199],[-74.00929,40.70194],[-74.0087,40.70115],[-74.00776,40.70156],[-74.00759,40.70134],[-74.00854,40.70093],[-74.00835,40.70068],[-74.00862,40.70056],[-74.00959,40.70185],[-74.01106,40.70146],[-74.01118,40.70146],[-74.01111,40.70128],[-74.01129,40.70126],[-74.01121,40.70105],[-74.01113,40.70107],[-74.01108,40.70097],[-74.01107,40.70092],[-74.01111,40.70091],[-74.01109,40.70086],[-74.01102,40.70075],[-74.01096,40.70058],[-74.01093,40.70058],[-74.01095,40.70055],[-74.01079,40.70024],[-74.01082,40.70021],[-74.01115,40.70091],[-74.01136,40.70086],[-74.0113,40.70061],[-74.01134,40.70058],[-74.01138,40.70058],[-74.0115,40.70082],[-74.01173,40.70078],[-74.01161,40.7005],[-74.01163,40.70047],[-74.01173,40.70049],[-74.01186,40.70075],[-74.01209,40.70069],[-74.01186,40.70012],[-74.01196,40.70005],[-74.01209,40.70009],[-74.01239,40.70063],[-74.0126,40.70058],[-74.01252,40.70016],[-74.01262,40.70012],[-74.01268,40.70016],[-74.01284,40.70036],[-74.01291,40.70053],[-74.01311,40.70052],[-74.01308,40.70011],[-74.01301,40.69983],[-74.01305,40.69978],[-74.01311,40.69978],[-74.01316,40.69985],[-74.0132,40.70025],[-74.01327,40.70051],[-74.01349,40.70049],[-74.01348,40.70027],[-74.01353,40.70012],[-74.01359,40.70009],[-74.01368,40.70013],[-74.01361,40.70025],[-74.01357,40.70024],[-74.01356,40.7003],[-74.01353,40.70032],[-74.01356,40.70032],[-74.01356,40.70037],[-74.01353,40.70039],[-74.01356,40.70039],[-74.01356,40.70045],[-74.01352,40.70047],[-74.01358,40.70047],[-74.01359,40.70051],[-74.01355,40.70051],[-74.01358,40.70065],[-74.01351,40.70066],[-74.01356,40.70095],[-74.01395,40.701],[-74.01422,40.70012],[-74.01431,40.70014],[-74.01415,40.70059],[-74.01429,40.70065],[-74.01459,40.70032],[-74.01463,40.70021],[-74.01467,40.70022],[-74.01433,40.70067],[-74.01464,40.70083],[-74.01507,40.70033],[-74.0151,40.70034],[-74.01504,40.70043],[-74.01492,40.70052],[-74.01494,40.70053],[-74.01468,40.70084],[-74.01502,40.701],[-74.01514,40.70085],[-74.01579,40.70136],[-74.01652,40.70203],[-74.01715,40.70271],[-74.0175,40.70316],[-74.01763,40.70343],[-74.01767,40.7036],[-74.01777,40.70359],[-74.01777,40.70355],[-74.01788,40.70355],[-74.01789,40.70363],[-74.01767,40.70361],[-74.01766,40.70402],[-74.01757,40.70419],[-74.0178,40.70424],[-74.01786,40.70409],[-74.01775,40.70406],[-74.01782,40.70395],[-74.01784,40.70397],[-74.01781,40.70404],[-74.01791,40.70406],[-74.01796,40.70398],[-74.01785,40.70425],[-74.01845,40.70417],[-74.01866,40.70444],[-74.01752,40.70459],[-74.01748,40.70468],[-74.01772,40.70469],[-74.01803,40.70465],[-74.01807,40.70464],[-74.01811,40.70456],[-74.01889,40.70474],[-74.01893,40.70478],[-74.01934,40.7061],[-74.01912,40.70698],[-74.01907,40.70702],[-74.01896,40.70701],[-74.01889,40.70709],[-74.0188,40.70714],[-74.01863,40.70715],[-74.01855,40.70712],[-74.01857,40.70709],[-74.01865,40.70711],[-74.01865,40.70709],[-74.01876,40.70708],[-74.01875,40.70706],[-74.01885,40.70698],[-74.01865,40.70703],[-74.01857,40.70691],[-74.01854,40.70693],[-74.01819,40.70783],[-74.01866,40.70793],[-74.01865,40.70796],[-74.01883,40.70801],[-74.01886,40.70806],[-74.01811,40.71104],[-74.01777,40.71284],[-74.01772,40.71285],[-74.01772,40.71279],[-74.0178,40.71235],[-74.01663,40.71217],[-74.01655,40.71246],[-74.01662,40.71266],[-74.01662,40.71276],[-74.01654,40.71296],[-74.01639,40.71311],[-74.01632,40.71342],[-74.01758,40.7136],[-74.01767,40.71308],[-74.01773,40.71308],[-74.01671,40.71863],[-74.01663,40.71867],[-74.015,40.71846],[-74.01498,40.71853],[-74.01495,40.71855],[-74.01321,40.71832],[-74.01307,40.71893],[-74.01291,40.71974],[-74.01346,40.71981],[-74.01342,40.72003],[-74.014,40.72009],[-74.01427,40.7201],[-74.01558,40.72025],[-74.01572,40.72028],[-74.01571,40.72031],[-74.01638,40.72038],[-74.01631,40.72074],[-74.013,40.72034],[-74.0129,40.72088],[-74.0157,40.72121],[-74.01562,40.72155],[-74.01316,40.72126],[-74.01312,40.72148],[-74.01364,40.72152],[-74.01362,40.72159],[-74.01311,40.72152],[-74.01311,40.72156],[-74.01254,40.72151],[-74.01165,40.72588],[-74.01196,40.72599],[-74.01232,40.72604],[-74.01516,40.72633],[-74.01521,40.72637],[-74.01513,40.7268],[-74.01154,40.72646],[-74.01138,40.72824],[-74.01439,40.72847],[-74.01435,40.72863],[-74.01422,40.72953],[-74.01409,40.73067],[-74.01404,40.7307],[-74.01116,40.73046],[-74.01094,40.73302],[-74.014,40.73308],[-74.014,40.73334],[-74.01091,40.73331],[-74.0109,40.73336],[-74.0108,40.73338],[-74.01074,40.73345],[-74.01076,40.73355],[-74.01087,40.73361],[-74.01083,40.73402],[-74.01202,40.73407],[-74.012,40.73435],[-74.01082,40.73429],[-74.01064,40.73606],[-74.01068,40.73606],[-74.01067,40.73611],[-74.01073,40.73621],[-74.01066,40.73631],[-74.01066,40.73636],[-74.01062,40.73635],[-74.01048,40.73807],[-74.01109,40.7381],[-74.01107,40.73831],[-74.01114,40.7384],[-74.01046,40.73837],[-74.01039,40.73918],[-74.01139,40.73922],[-74.01158,40.73927],[-74.01159,40.73949],[-74.01163,40.73951],[-74.01163,40.73957],[-74.01156,40.73956],[-74.01146,40.74059],[-74.01216,40.74061],[-74.01216,40.74068],[-74.01266,40.7407],[-74.01266,40.74076],[-74.01148,40.7407],[-74.01138,40.74073],[-74.00963,40.74065],[-74.00949,40.74075],[-74.00952,40.74081],[-74.00946,40.74091],[-74.00941,40.74116],[-74.00954,40.74126],[-74.00967,40.74131],[-74.00962,40.74137],[-74.01021,40.74162],[-74.01039,40.74141],[-74.0114,40.74183],[-74.01084,40.7426],[-74.01029,40.74237],[-74.01013,40.74258],[-74.00932,40.74225],[-74.00928,40.74231],[-74.00919,40.7423],[-74.00909,40.74289],[-74.00962,40.74296],[-74.00959,40.74327],[-74.01212,40.74352],[-74.01215,40.74357],[-74.01209,40.74391],[-74.01202,40.74395],[-74.00951,40.74368],[-74.00944,40.74398],[-74.0089,40.74393],[-74.00873,40.74489],[-74.00961,40.74501],[-74.00956,40.7453],[-74.00992,40.74534],[-74.01,40.74496],[-74.00987,40.74492],[-74.01017,40.74495],[-74.01017,40.74497],[-74.01004,40.74497],[-74.00998,40.74533],[-74.01047,40.7454],[-74.01055,40.74502],[-74.01042,40.74499],[-74.01077,40.74501],[-74.01059,40.74503],[-74.01053,40.74539],[-74.01111,40.74546],[-74.01117,40.74509],[-74.01105,40.74505],[-74.01139,40.74508],[-74.01123,40.74508],[-74.01116,40.74545],[-74.01174,40.74553],[-74.0118,40.74516],[-74.01167,40.74512],[-74.01184,40.74513],[-74.01178,40.74561],[-74.01172,40.74595],[-74.01168,40.74599],[-74.01056,40.74588],[-74.01055,40.74591],[-74.00947,40.74576],[-74.00937,40.74634],[-74.01154,40.74658],[-74.01159,40.74661],[-74.01153,40.74698],[-74.01149,40.747],[-74.00924,40.74677],[-74.00914,40.74737],[-74.00956,40.74741],[-74.00955,40.74735],[-74.00997,40.74739],[-74.00996,40.74742],[-74.00991,40.74742],[-74.0099,40.74745],[-74.01136,40.7476],[-74.01141,40.74764],[-74.01135,40.74798],[-74.0113,40.74802],[-74.00906,40.74779],[-74.00895,40.74842],[-74.00908,40.7484],[-74.00942,40.74844],[-74.00952,40.74846],[-74.00952,40.74848],[-74.01117,40.74865],[-74.01122,40.74869],[-74.01115,40.74903],[-74.01111,40.74906],[-74.00995,40.74894],[-74.00956,40.74998],[-74.00925,40.74999],[-74.00911,40.75038],[-74.01068,40.75103],[-74.01057,40.75133],[-74.009,40.75066],[-74.00871,40.75144],[-74.00873,40.75147],[-74.00853,40.75189],[-74.00914,40.75211],[-74.00913,40.75213],[-74.00865,40.75195],[-74.00911,40.75215],[-74.00906,40.75222],[-74.00893,40.75215],[-74.00892,40.75217],[-74.00858,40.75205],[-74.00934,40.75236],[-74.00933,40.75238],[-74.00848,40.75203],[-74.00843,40.75217],[-74.00882,40.75233],[-74.0088,40.75235],[-74.00885,40.75235],[-74.00987,40.75277],[-74.00985,40.75279],[-74.00989,40.75281],[-74.00991,40.75279],[-74.00999,40.75282],[-74.00992,40.75292],[-74.00997,40.75294],[-74.00992,40.75301],[-74.00979,40.75296],[-74.00989,40.75282],[-74.00879,40.75236],[-74.00869,40.7525],[-74.00835,40.75236],[-74.00762,40.75429],[-74.00775,40.75435],[-74.0076,40.75454],[-74.00747,40.75449],[-74.00729,40.75474],[-74.00742,40.7548],[-74.00727,40.75499],[-74.00715,40.75494],[-74.00542,40.75733],[-74.00521,40.75724],[-74.00481,40.75782],[-74.00528,40.75804],[-74.00503,40.75837],[-74.00697,40.75917],[-74.00701,40.75924],[-74.00651,40.7599],[-74.00632,40.75985],[-74.00451,40.75909],[-74.00421,40.75951],[-74.00391,40.75938],[-74.00381,40.75952],[-74.00425,40.75971],[-74.00415,40.75984],[-74.00432,40.75992],[-74.00427,40.75997],[-74.00413,40.75987],[-74.00411,40.7599],[-74.00367,40.75971],[-74.00357,40.75985],[-74.00393,40.76001],[-74.00313,40.76109],[-74.00279,40.76094],[-74.00234,40.76155],[-74.00455,40.7625],[-74.00456,40.76253],[-74.00445,40.76267],[-74.0044,40.76268],[-74.0022,40.76174],[-74.00153,40.76265],[-74.00376,40.76359],[-74.00361,40.76379],[-74.00139,40.76286],[-74.00097,40.76343],[-74.00315,40.76434],[-74.00295,40.76463],[-74.00306,40.76467],[-74.00316,40.76462],[-74.00322,40.76465],[-74.00315,40.76474],[-74.00309,40.76475],[-73.99993,40.76341],[-73.99962,40.76357],[-73.99915,40.76421],[-74.00228,40.76553],[-74.00229,40.76557],[-74.00203,40.7659],[-73.99889,40.76458],[-73.99858,40.76501],[-73.9986,40.76508],[-73.99869,40.76515],[-73.99869,40.76522],[-73.99864,40.76527],[-73.99844,40.76532],[-73.99827,40.76556],[-74.00154,40.76695],[-74.00156,40.767],[-74.0014,40.76724],[-74.00132,40.76726],[-73.99807,40.76588],[-73.99738,40.76683],[-74.00063,40.76821],[-74.00065,40.76825],[-74.00046,40.76851],[-74.00039,40.76851],[-73.99716,40.76714],[-73.99646,40.76811],[-73.99973,40.76948],[-73.99974,40.76951],[-73.99956,40.76976],[-73.99947,40.76977],[-73.99707,40.76874],[-73.99703,40.7688],[-73.99715,40.76886],[-73.99701,40.76904],[-73.99689,40.76899],[-73.99657,40.76943],[-73.99903,40.77047],[-73.99876,40.77083],[-73.99631,40.76981],[-73.99588,40.77041],[-73.99602,40.77046],[-73.9959,40.77062],[-73.99577,40.77056],[-73.99543,40.77104],[-73.99576,40.77117],[-73.99571,40.77123],[-73.9958,40.77129],[-73.99582,40.77126],[-73.996,40.77132],[-73.9959,40.77146],[-73.99586,40.77151],[-73.99579,40.77148],[-73.99583,40.77143],[-73.99573,40.77139],[-73.99575,40.77136],[-73.99562,40.77135],[-73.99531,40.7712],[-73.99513,40.77146],[-73.99499,40.77145],[-73.99494,40.77148],[-73.99493,40.77152],[-73.99501,40.77162],[-73.99498,40.77167],[-73.99707,40.77255],[-73.99687,40.77283],[-73.99478,40.77194],[-73.99445,40.77239],[-73.99623,40.77314],[-73.99612,40.77328],[-73.99434,40.77253],[-73.99425,40.77253],[-73.99416,40.7725],[-73.99383,40.77294],[-73.99396,40.77295],[-73.99401,40.77289],[-73.99412,40.77293],[-73.99414,40.77291],[-73.9943,40.77298],[-73.99428,40.773],[-73.99438,40.77305],[-73.9943,40.77316],[-73.99502,40.77349],[-73.99509,40.7734],[-73.99502,40.77337],[-73.99505,40.77331],[-73.99624,40.7738],[-73.9962,40.77386],[-73.99611,40.77382],[-73.99606,40.7739],[-73.99613,40.77392],[-73.9961,40.77396],[-73.99618,40.774],[-73.9961,40.77409],[-73.99394,40.77319],[-73.99386,40.77328],[-73.99377,40.77349],[-73.99341,40.77381],[-73.99336,40.77394],[-73.99262,40.77498],[-73.99258,40.77496],[-73.99247,40.77503],[-73.99241,40.77503],[-73.99227,40.77512],[-73.99206,40.77551],[-73.99233,40.77548],[-73.99239,40.77557],[-73.99093,40.77758],[-73.9904,40.77759],[-73.98887,40.7797],[-73.98887,40.77972],[-73.98922,40.77971],[-73.98941,40.77975],[-73.98975,40.77968],[-73.99004,40.77972],[-73.99034,40.77967],[-73.99062,40.77968],[-73.99096,40.77965],[-73.99124,40.77968],[-73.99136,40.77959],[-73.99155,40.77958],[-73.99142,40.77976],[-73.98889,40.77989],[-73.98894,40.77996],[-73.98892,40.78023],[-73.98823,40.78124],[-73.98821,40.78123],[-73.98804,40.78159],[-73.9881,40.78161],[-73.98808,40.78166],[-73.98802,40.78164],[-73.98792,40.78184],[-73.98547,40.78537],[-73.98617,40.78608],[-73.98646,40.78593],[-73.98707,40.7852],[-73.98712,40.78522],[-73.9865,40.78596],[-73.98617,40.78613],[-73.98613,40.78625],[-73.98603,40.78624],[-73.9861,40.78607],[-73.98543,40.78542],[-73.98508,40.78593],[-73.9852,40.78597],[-73.98517,40.78602],[-73.98522,40.78604],[-73.98525,40.78597],[-73.98528,40.78599],[-73.98524,40.78604],[-73.98569,40.78623],[-73.98572,40.78618],[-73.98577,40.7862],[-73.98568,40.78632],[-73.98564,40.7863],[-73.98567,40.78625],[-73.98516,40.78603],[-73.98513,40.78607],[-73.98502,40.78602],[-73.98466,40.78654],[-73.98575,40.78658],[-73.98589,40.78643],[-73.98595,40.7865],[-73.98581,40.78663],[-73.98462,40.78659],[-73.98054,40.79247],[-73.97929,40.79419],[-73.97629,40.79844],[-73.97578,40.79916],[-73.97576,40.79927],[-73.97555,40.79954],[-73.97467,40.80082],[-73.97415,40.80153],[-73.97378,40.80205],[-73.97372,40.80218],[-73.97354,40.80236],[-73.97321,40.80284],[-73.97205,40.80454],[-73.97182,40.80473],[-73.97161,40.8051],[-73.97111,40.8058],[-73.96892,40.80864],[-73.96885,40.80876],[-73.96856,40.80908],[-73.96843,40.8094],[-73.96812,40.80982],[-73.96813,40.80985],[-73.96788,40.81021],[-73.96788,40.81025],[-73.96762,40.81059],[-73.96762,40.81064],[-73.9674,40.81103],[-73.967,40.81156],[-73.96663,40.81216],[-73.96511,40.81428],[-73.96414,40.81578],[-73.96341,40.81669],[-73.96203,40.81809],[-73.96,40.82039],[-73.95982,40.82031],[-73.95913,40.82118],[-73.95926,40.82124],[-73.9593,40.8212],[-73.95943,40.82126],[-73.95915,40.82158],[-73.95903,40.82152],[-73.95924,40.82129],[-73.95909,40.82121],[-73.95882,40.82153],[-73.95894,40.82158],[-73.95875,40.82181],[-73.959,40.82242],[-73.95911,40.82246],[-73.95923,40.8223],[-73.95991,40.82258],[-73.9596,40.823],[-73.95893,40.82272],[-73.95905,40.82255],[-73.95887,40.82246],[-73.95865,40.82191],[-73.95853,40.82185],[-73.9582,40.82229],[-73.95813,40.82254],[-73.95794,40.82278],[-73.95823,40.8229],[-73.95814,40.82303],[-73.95948,40.82359],[-73.95956,40.8237],[-73.95726,40.82713],[-73.95695,40.82701],[-73.95632,40.82795],[-73.9562,40.82791],[-73.95623,40.82788],[-73.95504,40.82742],[-73.9547,40.82793],[-73.95454,40.82787],[-73.95422,40.82832],[-73.95399,40.82855],[-73.95359,40.82911],[-73.95298,40.8301],[-73.95219,40.83129],[-73.95119,40.83265],[-73.95115,40.83279],[-73.95105,40.83293],[-73.95095,40.83329],[-73.95087,40.83344],[-73.95057,40.8338],[-73.95042,40.83409],[-73.95029,40.83427],[-73.95021,40.83431],[-73.94989,40.83529],[-73.94974,40.83564],[-73.94968,40.83593],[-73.94969,40.83612],[-73.94962,40.83624],[-73.94955,40.83661],[-73.94946,40.83671],[-73.94928,40.83675],[-73.9493,40.83678],[-73.9495,40.83682],[-73.94954,40.83689],[-73.94915,40.83794],[-73.94893,40.83865],[-73.94843,40.83987],[-73.94823,40.84013],[-73.94771,40.84127],[-73.94761,40.84142],[-73.94738,40.84195],[-73.94717,40.84217],[-73.94694,40.84263],[-73.94646,40.84326],[-73.94613,40.8439],[-73.94608,40.84461],[-73.94616,40.84513],[-73.94622,40.84527],[-73.94617,40.8454],[-73.94628,40.8457],[-73.94644,40.84589],[-73.94647,40.84589],[-73.94648,40.84593],[-73.94645,40.84593],[-73.94652,40.846],[-73.94635,40.84616],[-73.94635,40.84625],[-73.94647,40.84654],[-73.94664,40.84669],[-73.94672,40.84683],[-73.94683,40.84714],[-73.94681,40.8473],[-73.9467,40.84751],[-73.94664,40.84795],[-73.94662,40.84829],[-73.94668,40.84885],[-73.94664,40.84892],[-73.94673,40.84928],[-73.94686,40.84944],[-73.94686,40.84955],[-73.94697,40.84982],[-73.94695,40.8499],[-73.947,40.84996],[-73.94696,40.84999],[-73.94703,40.85005],[-73.94695,40.85011],[-73.94702,40.85014],[-73.94702,40.8502],[-73.94705,40.85023],[-73.94697,40.85047],[-73.9465,40.85098],[-73.94637,40.85098],[-73.94632,40.85093],[-73.94635,40.85088],[-73.94628,40.85085],[-73.94617,40.85097],[-73.9462,40.85104],[-73.94616,40.85106],[-73.94612,40.85098],[-73.94608,40.85099],[-73.94614,40.8511],[-73.94612,40.85118],[-73.94577,40.85118],[-73.94573,40.85124],[-73.94565,40.85122],[-73.94545,40.85144],[-73.9454,40.85142],[-73.94539,40.85146],[-73.94525,40.8515],[-73.94527,40.85158],[-73.94515,40.85159],[-73.94498,40.85174],[-73.9447,40.85183],[-73.94467,40.85193],[-73.94451,40.85197],[-73.94451,40.8519],[-73.94442,40.85191],[-73.9444,40.8519],[-73.94441,40.85186],[-73.94433,40.85183],[-73.94421,40.85194],[-73.9442,40.85202],[-73.94401,40.85201],[-73.94396,40.85213],[-73.94388,40.85218],[-73.94348,40.85229],[-73.94303,40.85263],[-73.94261,40.85308],[-73.94248,40.85318],[-73.94187,40.85388],[-73.94183,40.854],[-73.94158,40.85436],[-73.94141,40.85469],[-73.94131,40.8548],[-73.94124,40.85502],[-73.941,40.85537],[-73.94101,40.85542],[-73.94096,40.85553],[-73.94086,40.85563],[-73.94075,40.85586],[-73.9407,40.85586],[-73.94049,40.85621],[-73.94029,40.85665],[-73.94015,40.85684],[-73.94009,40.85686],[-73.93995,40.85707],[-73.93978,40.85724],[-73.93969,40.8573],[-73.93928,40.85787],[-73.93922,40.8579],[-73.93911,40.85805],[-73.93892,40.85842],[-73.93844,40.85908],[-73.93831,40.85939],[-73.93785,40.85984],[-73.93753,40.8601],[-73.93759,40.86016],[-73.93758,40.86021],[-73.93714,40.86079],[-73.93704,40.86107],[-73.93681,40.86127],[-73.93681,40.86137],[-73.93648,40.86193],[-73.9356,40.86297],[-73.93444,40.86451],[-73.93436,40.86474],[-73.93423,40.86482],[-73.93402,40.86504],[-73.93402,40.8652],[-73.93395,40.86536],[-73.93379,40.86544],[-73.93357,40.86578],[-73.93358,40.86585],[-73.93344,40.86599],[-73.9334,40.86614],[-73.93332,40.86625],[-73.93326,40.86625],[-73.93313,40.86643],[-73.93266,40.86725],[-73.9329,40.8673],[-73.93284,40.86742],[-73.93265,40.86737],[-73.93266,40.86734],[-73.9326,40.86732],[-73.93243,40.86758],[-73.93235,40.86799],[-73.93237,40.86807],[-73.93227,40.86857],[-73.93249,40.86869],[-73.93263,40.86846],[-73.93265,40.86847],[-73.93252,40.86873],[-73.93231,40.86864],[-73.93225,40.86865],[-73.93226,40.86869],[-73.93232,40.86893],[-73.93257,40.86899],[-73.93257,40.86905],[-73.93251,40.86914],[-73.93229,40.86921],[-73.93219,40.86938],[-73.93247,40.86948],[-73.93236,40.86976],[-73.93227,40.86974],[-73.93236,40.86952],[-73.93213,40.86942],[-73.93205,40.86961],[-73.9321,40.86977],[-73.9322,40.86985],[-73.93221,40.8701],[-73.93205,40.87059],[-73.93203,40.87077],[-73.93192,40.87114],[-73.93147,40.87181],[-73.93138,40.87212],[-73.93122,40.87234],[-73.93106,40.87268],[-73.93085,40.8729],[-73.92998,40.87435],[-73.92986,40.87443],[-73.92918,40.87556],[-73.92901,40.87575],[-73.92815,40.87653],[-73.92797,40.87663],[-73.92753,40.87672],[-73.9269,40.87722],[-73.92653,40.87759],[-73.92641,40.87763]]],[[[-74.00937,40.74219],[-74.01009,40.7425],[-74.0102,40.74234],[-74.00982,40.74217],[-74.01017,40.74168],[-74.00957,40.74143],[-74.00952,40.74149],[-74.00936,40.74143],[-74.00924,40.74208],[-74.00942,40.74214],[-74.00937,40.74219]]]]}},{"type":"Feature","properties":{"borough":"Bronx","boro_code":2},"geometry":{"type":"MultiPolygon","coordinates":[[[[-73.90665,40.87576],[-73.90692,40.87506],[-73.90709,40.87433],[-73.90747,40.87356],[-73.90774,40.87285],[-73.90847,40.87263],[-73.90872,40.87224],[-73.90893,40.87217],[-73.9091,40.87242],[-73.90918,40.87249],[-73.90927,40.87267],[-73.90972,40.87321],[-73.91036,40.87379],[-73.91092,40.87415],[-73.91149,40.87443],[-73.91195,40.87459],[-73.91215,40.87462],[-73.91235,40.87471],[-73.91288,40.87486],[-73.91295,40.87486],[-73.9135,40.87503],[-73.91351,40.87505],[-73.91365,40.87507],[-73.91408,40.87519],[-73.91407,40.87522],[-73.91579,40.87573],[-73.91485,40.87668],[-73.91206,40.87813],[-73.91149,40.87903],[-73.91033,40.87905],[-73.9095,40.87879],[-73.90906,40.8785],[-73.90836,40.87793],[-73.90765,40.87744],[-73.90704,40.8769],[-73.90683,40.87664],[-73.90665,40.87576]]],[[[-73.89833,40.80242],[-73.89647,40.8008],[-73.89864,40.79911],[-73.89903,40.79918],[-73.90021,40.79927],[-73.89979,40.79952],[-73.89972,40.80081],[-73.90004,40.80092],[-73.89949,40.80091],[-73.89939,40.80194],[-73.89833,40.80242]]],[[[-73.78833,40.83468],[-73.78931,40.83447],[-73.78951,40.83537],[-73.78846,40.83532],[-73.78833,40.83468]]],[[[-73.80222,40.84164],[-73.80264,40.84109],[-73.8053,40.84114],[-73.80695,40.84147],[-73.80681,40.8425],[-73.80393,40.8426],[-73.80368,40.84227],[-73.80222,40.84164]]],[[[-73.78069,40.85494],[-73.78077,40.85485],[-73.78101,40.85488],[-73.78123,40.85512],[-73.78126,40.85526],[-73.78123,40.85541],[-73.78105,40.85552],[-73.78087,40.85554],[-73.78063,40.85527],[-73.78062,40.85517],[-73.78069,40.85494]]],[[[-73.78285,40.85549],[-73.7826,40.85483],[-73.78294,40.85491],[-73.78329,40.85493],[-73.78352,40.85492],[-73.78386,40.85484],[-73.78371,40.855],[-73.78356,40.85508],[-73.78356,40.85529],[-73.78351,40.85549],[-73.78331,40.85586],[-73.78306,40.85572],[-73.78285,40.85549]]],[[[-73.78922,40.85875],[-73.78915,40.85875],[-73.78916,40.85872],[-73.78907,40.85867],[-73.78903,40.85856],[-73.78892,40.85845],[-73.78881,40.85845],[-73.78877,40.85841],[-73.78881,40.85783],[-73.78879,40.85766],[-73.78882,40.85766],[-73.78879,40.85743],[-73.78818,40.85752],[-73.78818,40.85754],[-73.78804,40.85757],[-73.78803,40.85752],[-73.78878,40.85741],[-73.78871,40.85706],[-73.78881,40.85681],[-73.78878,40.85672],[-73.7889,40.85658],[-73.78876,40.85632],[-73.78862,40.85629],[-73.78858,40.85617],[-73.78854,40.85617],[-73.78848,40.85588],[-73.78836,40.85563],[-73.78843,40.85534],[-73.78842,40.8552],[-73.78856,40.85516],[-73.7885,40.85506],[-73.78834,40.85504],[-73.7883,40.85483],[-73.78843,40.85473],[-73.78842,40.85458],[-73.78848,40.85446],[-73.78848,40.85441],[-73.78835,40.85416],[-73.78756,40.85438],[-73.78736,40.85443],[-73.78735,40.85439],[-73.78835,40.85414],[-73.78833,40.85411],[-73.7882,40.85414],[-73.78817,40.85409],[-73.78769,40.8542],[-73.78732,40.85422],[-73.7872,40.85418],[-73.78713,40.85405],[-73.78691,40.85409],[-73.78691,40.85407],[-73.78713,40.85403],[-73.78721,40.85396],[-73.78793,40.85375],[-73.78801,40.85367],[-73.788,40.85353],[-73.78761,40.85312],[-73.78717,40.85277],[-73.78708,40.85281],[-73.78706,40.85279],[-73.78714,40.85274],[-73.78692,40.85258],[-73.78678,40.85256],[-73.78677,40.85246],[-73.78642,40.85215],[-73.78588,40.8518],[-73.78567,40.8518],[-73.78545,40.85167],[-73.78529,40.85163],[-73.78481,40.85176],[-73.78434,40.85178],[-73.78413,40.85184],[-73.78412,40.85182],[-73.78432,40.85178],[-73.78403,40.85162],[-73.78398,40.85154],[-73.78387,40.85157],[-73.78386,40.85154],[-73.78397,40.85152],[-73.78396,40.8515],[-73.78358,40.85158],[-73.78354,40.85155],[-73.78338,40.8516],[-73.78354,40.85153],[-73.78345,40.85141],[-73.7836,40.85133],[-73.78435,40.85111],[-73.78448,40.85108],[-73.7846,40.8511],[-73.78452,40.8509],[-73.78445,40.85091],[-73.78444,40.85087],[-73.78451,40.85086],[-73.78446,40.85078],[-73.78427,40.85077],[-73.78408,40.85064],[-73.78385,40.85072],[-73.78384,40.8507],[-73.78407,40.85063],[-73.78402,40.85059],[-73.78401,40.85048],[-73.78426,40.85026],[-73.7842,40.85007],[-73.78354,40.84923],[-73.78346,40.84919],[-73.78318,40.84923],[-73.78304,40.84908],[-73.78245,40.84935],[-73.78222,40.84918],[-73.7821,40.84926],[-73.78207,40.84923],[-73.78219,40.84915],[-73.78216,40.84912],[-73.78158,40.84944],[-73.78155,40.84941],[-73.78214,40.84911],[-73.78194,40.84894],[-73.78183,40.84897],[-73.7817,40.84886],[-73.78162,40.8489],[-73.78169,40.84885],[-73.78162,40.84878],[-73.78153,40.84887],[-73.78151,40.84885],[-73.7816,40.84876],[-73.78158,40.84874],[-73.78154,40.84873],[-73.78146,40.84882],[-73.78143,40.84881],[-73.78151,40.84873],[-73.7815,40.84859],[-73.78204,40.84845],[-73.782,40.84835],[-73.78202,40.84835],[-73.78206,40.84846],[-73.78179,40.84854],[-73.7818,40.84856],[-73.78207,40.84848],[-73.7821,40.84841],[-73.78256,40.84829],[-73.78262,40.84825],[-73.78268,40.84815],[-73.78156,40.84841],[-73.78153,40.84835],[-73.78138,40.84839],[-73.78139,40.84843],[-73.78111,40.84853],[-73.78108,40.8485],[-73.7813,40.84843],[-73.78132,40.8484],[-73.78098,40.84847],[-73.78101,40.84843],[-73.78131,40.84836],[-73.7813,40.84833],[-73.7811,40.84833],[-73.78111,40.8483],[-73.78135,40.8483],[-73.78137,40.84834],[-73.78173,40.84824],[-73.78183,40.84825],[-73.78264,40.84808],[-73.78251,40.84792],[-73.78159,40.84805],[-73.78149,40.84789],[-73.7815,40.84769],[-73.78143,40.84746],[-73.78156,40.84735],[-73.7819,40.84724],[-73.78208,40.84714],[-73.78213,40.84692],[-73.78224,40.84686],[-73.78217,40.84664],[-73.78113,40.84684],[-73.78114,40.84686],[-73.78107,40.84687],[-73.78106,40.84685],[-73.78064,40.84693],[-73.78068,40.84707],[-73.78046,40.84711],[-73.7804,40.84694],[-73.78106,40.84681],[-73.78115,40.84625],[-73.78119,40.84626],[-73.78111,40.84676],[-73.78169,40.84665],[-73.78172,40.84642],[-73.78174,40.84642],[-73.78172,40.84667],[-73.7811,40.84678],[-73.78109,40.84681],[-73.78216,40.84662],[-73.78214,40.84659],[-73.78233,40.84656],[-73.78229,40.84647],[-73.78251,40.84642],[-73.78236,40.84599],[-73.78258,40.84594],[-73.7825,40.84567],[-73.7831,40.84553],[-73.78315,40.84532],[-73.78311,40.84532],[-73.78308,40.84552],[-73.78258,40.84561],[-73.78243,40.84568],[-73.78182,40.84577],[-73.78238,40.84567],[-73.78251,40.84563],[-73.7825,40.84561],[-73.78305,40.84551],[-73.7831,40.84518],[-73.78306,40.84509],[-73.78191,40.84536],[-73.78184,40.8455],[-73.78182,40.84549],[-73.78189,40.84534],[-73.78308,40.84506],[-73.78313,40.84519],[-73.78311,40.8453],[-73.78315,40.8453],[-73.78322,40.84507],[-73.7831,40.845],[-73.78298,40.84469],[-73.78337,40.84445],[-73.78332,40.84436],[-73.78306,40.84438],[-73.78301,40.84418],[-73.78327,40.84408],[-73.7831,40.84387],[-73.7835,40.84374],[-73.78349,40.84369],[-73.78299,40.8438],[-73.78289,40.8439],[-73.78291,40.84394],[-73.78055,40.84448],[-73.78058,40.84451],[-73.78053,40.84453],[-73.77993,40.84389],[-73.77998,40.84386],[-73.78053,40.84446],[-73.78056,40.84446],[-73.78037,40.84398],[-73.7804,40.84397],[-73.78059,40.84444],[-73.78106,40.84434],[-73.78088,40.84387],[-73.78091,40.84386],[-73.78109,40.84433],[-73.78155,40.84422],[-73.78135,40.84372],[-73.78138,40.84371],[-73.78158,40.84422],[-73.78201,40.84412],[-73.7818,40.84359],[-73.78183,40.84358],[-73.78204,40.84411],[-73.78244,40.84402],[-73.78222,40.84345],[-73.78225,40.84344],[-73.78247,40.84401],[-73.78282,40.84393],[-73.78257,40.8433],[-73.78261,40.84329],[-73.78279,40.84376],[-73.78309,40.84369],[-73.78288,40.84313],[-73.7829,40.84313],[-73.78313,40.84371],[-73.78281,40.84379],[-73.78284,40.8439],[-73.78298,40.84378],[-73.78348,40.84366],[-73.78319,40.84288],[-73.78305,40.8429],[-73.78325,40.84348],[-73.78321,40.84349],[-73.78301,40.84291],[-73.78291,40.84293],[-73.7829,40.84288],[-73.78314,40.84283],[-73.78312,40.84278],[-73.78292,40.84281],[-73.7829,40.84278],[-73.78313,40.84274],[-73.78289,40.8425],[-73.78273,40.84253],[-73.78282,40.84277],[-73.78278,40.84278],[-73.78271,40.84254],[-73.7823,40.84261],[-73.78245,40.84305],[-73.78241,40.84306],[-73.78227,40.84262],[-73.7818,40.8427],[-73.78197,40.84323],[-73.78193,40.84324],[-73.78177,40.84271],[-73.78125,40.84281],[-73.78143,40.84338],[-73.78139,40.84339],[-73.78122,40.84281],[-73.78068,40.84292],[-73.78086,40.84351],[-73.78083,40.84352],[-73.78065,40.84292],[-73.7803,40.84298],[-73.78029,40.84379],[-73.78023,40.84379],[-73.78023,40.84289],[-73.78029,40.84289],[-73.78029,40.84296],[-73.78287,40.84249],[-73.78272,40.84245],[-73.78231,40.84253],[-73.7823,40.8425],[-73.78244,40.84247],[-73.78241,40.84246],[-73.7806,40.84279],[-73.78059,40.84276],[-73.78237,40.84244],[-73.78234,40.84235],[-73.78215,40.84236],[-73.78233,40.84233],[-73.78231,40.84223],[-73.78216,40.84229],[-73.78163,40.84236],[-73.78162,40.84234],[-73.78231,40.84222],[-73.78233,40.8421],[-73.78237,40.84207],[-73.78233,40.84193],[-73.78229,40.84194],[-73.78231,40.84199],[-73.78228,40.842],[-73.78227,40.84196],[-73.78146,40.84218],[-73.78144,40.84215],[-73.78232,40.84191],[-73.78227,40.84179],[-73.78204,40.84185],[-73.78226,40.84179],[-73.78224,40.84174],[-73.78202,40.8418],[-73.78224,40.84174],[-73.78217,40.8417],[-73.78188,40.84174],[-73.78187,40.8417],[-73.78141,40.84178],[-73.78142,40.84181],[-73.7813,40.8418],[-73.78132,40.84187],[-73.78128,40.84188],[-73.78134,40.842],[-73.78131,40.84201],[-73.78125,40.84189],[-73.78113,40.84192],[-73.7812,40.84205],[-73.78117,40.84206],[-73.7811,40.84193],[-73.78098,40.84196],[-73.78106,40.84209],[-73.78102,40.8421],[-73.78096,40.84197],[-73.78085,40.842],[-73.78093,40.84213],[-73.78089,40.84214],[-73.78082,40.84201],[-73.7807,40.84204],[-73.78077,40.84219],[-73.78072,40.8422],[-73.78066,40.84205],[-73.78053,40.84209],[-73.78059,40.84221],[-73.78056,40.84222],[-73.78051,40.8421],[-73.78044,40.84212],[-73.78046,40.84216],[-73.7804,40.84217],[-73.78035,40.84212],[-73.78043,40.8425],[-73.7803,40.84252],[-73.7802,40.84205],[-73.78033,40.84204],[-73.78035,40.8421],[-73.78038,40.8421],[-73.78126,40.84185],[-73.78124,40.84178],[-73.78185,40.84166],[-73.78184,40.8414],[-73.78181,40.84129],[-73.78166,40.84113],[-73.78084,40.84128],[-73.78093,40.84155],[-73.78089,40.84156],[-73.7808,40.84126],[-73.78165,40.84111],[-73.78161,40.84102],[-73.78139,40.84104],[-73.78161,40.841],[-73.7816,40.84096],[-73.78138,40.84099],[-73.7816,40.84095],[-73.78154,40.84079],[-73.78142,40.84072],[-73.78149,40.84063],[-73.78145,40.84051],[-73.78154,40.84043],[-73.78154,40.84039],[-73.78149,40.84021],[-73.78126,40.84026],[-73.78149,40.84021],[-73.78136,40.83974],[-73.78118,40.83975],[-73.78136,40.83972],[-73.78134,40.83949],[-73.78114,40.8395],[-73.78134,40.83948],[-73.78133,40.8393],[-73.78157,40.83855],[-73.78172,40.83823],[-73.78201,40.83802],[-73.78189,40.83766],[-73.78238,40.83733],[-73.78273,40.8375],[-73.78291,40.83733],[-73.78289,40.83717],[-73.7828,40.83693],[-73.78271,40.83685],[-73.78268,40.83649],[-73.78282,40.83635],[-73.78303,40.83635],[-73.78338,40.83692],[-73.78367,40.83682],[-73.7841,40.83673],[-73.78431,40.83682],[-73.78449,40.83703],[-73.78492,40.83685],[-73.78489,40.8368],[-73.78498,40.83675],[-73.78508,40.83689],[-73.78499,40.83694],[-73.78494,40.83688],[-73.7845,40.83707],[-73.78485,40.83748],[-73.78513,40.83745],[-73.78564,40.83707],[-73.78583,40.83722],[-73.7858,40.83724],[-73.78565,40.83714],[-73.78517,40.83748],[-73.78528,40.83777],[-73.78558,40.83794],[-73.7855,40.83849],[-73.78555,40.83873],[-73.78553,40.83881],[-73.78574,40.83924],[-73.78593,40.83944],[-73.78615,40.8396],[-73.78627,40.8396],[-73.78653,40.83973],[-73.7873,40.83968],[-73.78733,40.83971],[-73.78741,40.83969],[-73.78734,40.83972],[-73.78749,40.84],[-73.78749,40.84006],[-73.78745,40.84008],[-73.78764,40.84054],[-73.78736,40.8406],[-73.78749,40.84085],[-73.78818,40.84072],[-73.78814,40.84067],[-73.7881,40.84051],[-73.78816,40.8405],[-73.78821,40.84066],[-73.78819,40.84067],[-73.78826,40.84075],[-73.78753,40.84089],[-73.78758,40.84094],[-73.78779,40.8409],[-73.78787,40.84109],[-73.78761,40.84115],[-73.78761,40.84121],[-73.78785,40.84148],[-73.78812,40.84147],[-73.78825,40.84154],[-73.78837,40.84151],[-73.78826,40.84155],[-73.78825,40.84163],[-73.78821,40.8417],[-73.78802,40.84179],[-73.78805,40.84186],[-73.78829,40.84179],[-73.7883,40.84181],[-73.78806,40.84188],[-73.78823,40.8422],[-73.78839,40.84239],[-73.78852,40.84242],[-73.78884,40.84236],[-73.78853,40.84243],[-73.78872,40.84267],[-73.78877,40.84267],[-73.78879,40.84273],[-73.78876,40.84276],[-73.78884,40.84301],[-73.78906,40.84324],[-73.78962,40.84312],[-73.78966,40.84324],[-73.78979,40.84322],[-73.78978,40.84318],[-73.78984,40.84317],[-73.78986,40.84324],[-73.78993,40.84323],[-73.78988,40.84306],[-73.78993,40.84305],[-73.79,40.84332],[-73.78995,40.84332],[-73.78993,40.84325],[-73.78986,40.84326],[-73.78989,40.84339],[-73.78974,40.84342],[-73.78975,40.84346],[-73.7899,40.84343],[-73.78991,40.84345],[-73.78976,40.84348],[-73.78981,40.84359],[-73.78934,40.84369],[-73.78933,40.8438],[-73.78936,40.84385],[-73.78942,40.84385],[-73.78947,40.84395],[-73.78934,40.84399],[-73.78947,40.8443],[-73.7896,40.84451],[-73.78993,40.84493],[-73.79002,40.84494],[-73.7902,40.8452],[-73.7905,40.8455],[-73.79067,40.84575],[-73.79099,40.84566],[-73.79102,40.84571],[-73.7907,40.84579],[-73.79096,40.84624],[-73.79091,40.84626],[-73.79097,40.84637],[-73.79149,40.84626],[-73.7915,40.84629],[-73.79113,40.84637],[-73.79113,40.84644],[-73.79118,40.84656],[-73.79142,40.84656],[-73.79143,40.84658],[-73.79133,40.84662],[-73.79148,40.84681],[-73.79179,40.84674],[-73.79181,40.84678],[-73.79137,40.8469],[-73.79139,40.84696],[-73.79149,40.84697],[-73.79144,40.84731],[-73.79177,40.84724],[-73.79192,40.84724],[-73.79192,40.84727],[-73.79175,40.84727],[-73.79143,40.84737],[-73.79142,40.84749],[-73.79152,40.84747],[-73.79154,40.84755],[-73.79127,40.84761],[-73.79133,40.84807],[-73.79161,40.84803],[-73.79162,40.84806],[-73.79134,40.84809],[-73.79136,40.84824],[-73.79131,40.84841],[-73.79123,40.84851],[-73.79125,40.84856],[-73.79106,40.84873],[-73.79111,40.84882],[-73.79105,40.84875],[-73.79102,40.84882],[-73.79092,40.84888],[-73.79102,40.84899],[-73.79098,40.84901],[-73.79089,40.84889],[-73.79025,40.84919],[-73.78976,40.84954],[-73.78986,40.84998],[-73.79065,40.84985],[-73.79093,40.84979],[-73.79091,40.84976],[-73.79095,40.84975],[-73.79099,40.84984],[-73.78987,40.85],[-73.79002,40.85032],[-73.79025,40.85029],[-73.79024,40.85024],[-73.79028,40.85023],[-73.79026,40.85017],[-73.79036,40.85015],[-73.79041,40.85028],[-73.79014,40.85033],[-73.79016,40.85037],[-73.79023,40.85038],[-73.79006,40.85041],[-73.79013,40.85038],[-73.79012,40.85034],[-73.79003,40.85036],[-73.79004,40.85044],[-73.78989,40.85047],[-73.78989,40.85056],[-73.78992,40.85062],[-73.78998,40.85063],[-73.78993,40.85063],[-73.79003,40.85078],[-73.79007,40.85094],[-73.79025,40.85091],[-73.79008,40.85095],[-73.79009,40.85099],[-73.79027,40.85097],[-73.79009,40.851],[-73.79013,40.8512],[-73.78952,40.85131],[-73.78956,40.8515],[-73.78979,40.85147],[-73.78978,40.85145],[-73.78971,40.85146],[-73.78967,40.85135],[-73.78977,40.85133],[-73.78981,40.85146],[-73.79006,40.85142],[-73.79002,40.85127],[-73.79005,40.85127],[-73.79009,40.85142],[-73.79035,40.85138],[-73.7903,40.85123],[-73.79034,40.85123],[-73.79038,40.85137],[-73.79083,40.8513],[-73.79079,40.85116],[-73.79082,40.85116],[-73.79086,40.85129],[-73.79099,40.85127],[-73.79099,40.8513],[-73.79087,40.85132],[-73.79089,40.85141],[-73.79086,40.85142],[-73.79083,40.85132],[-73.79039,40.85139],[-73.79041,40.8515],[-73.79039,40.8515],[-73.79036,40.8514],[-73.7901,40.85144],[-73.79012,40.85152],[-73.79007,40.85152],[-73.79005,40.85145],[-73.78967,40.85151],[-73.78973,40.8517],[-73.79015,40.85162],[-73.79017,40.85167],[-73.79089,40.85156],[-73.79092,40.85165],[-73.7902,40.85176],[-73.79022,40.85185],[-73.79025,40.85184],[-73.79023,40.85176],[-73.79046,40.85173],[-73.79047,40.85178],[-73.79027,40.85182],[-73.7903,40.85184],[-73.7903,40.85198],[-73.79009,40.85204],[-73.79016,40.85226],[-73.79024,40.85224],[-73.79016,40.85205],[-73.7902,40.85204],[-73.79028,40.85223],[-73.79053,40.85217],[-73.79045,40.852],[-73.79051,40.85199],[-73.79058,40.85216],[-73.79081,40.85211],[-73.79074,40.85193],[-73.79058,40.85199],[-73.79056,40.85195],[-73.7908,40.85187],[-73.79082,40.8519],[-73.79076,40.85193],[-73.7908,40.85192],[-73.79086,40.8521],[-73.79111,40.85201],[-73.79107,40.85188],[-73.79101,40.85187],[-73.79118,40.85182],[-73.79118,40.85184],[-73.7911,40.85186],[-73.79119,40.85202],[-73.79146,40.85195],[-73.7914,40.85179],[-73.79132,40.85179],[-73.79152,40.85174],[-73.79152,40.85176],[-73.79143,40.85178],[-73.7915,40.85194],[-73.79177,40.85188],[-73.79173,40.85177],[-73.79248,40.85153],[-73.7925,40.85156],[-73.79177,40.85178],[-73.7918,40.85187],[-73.79205,40.85181],[-73.79206,40.85183],[-73.79017,40.85229],[-73.79114,40.85206],[-73.79121,40.85221],[-73.79134,40.85217],[-73.79121,40.85222],[-73.79123,40.85227],[-73.79136,40.85223],[-73.79124,40.85229],[-73.79318,40.85182],[-73.79309,40.85159],[-73.79312,40.85159],[-73.79322,40.85184],[-73.79315,40.85185],[-73.79325,40.85192],[-73.79324,40.85194],[-73.79313,40.85186],[-73.79125,40.85231],[-73.79138,40.85261],[-73.79341,40.85212],[-73.79339,40.85204],[-73.79341,40.85203],[-73.79351,40.85227],[-73.79348,40.85228],[-73.79343,40.85214],[-73.79139,40.85264],[-73.79145,40.85278],[-73.79042,40.85303],[-73.7905,40.8532],[-73.79077,40.85313],[-73.79079,40.85317],[-73.79101,40.85313],[-73.79101,40.85304],[-73.79103,40.85312],[-73.79146,40.85302],[-73.79139,40.85284],[-73.79144,40.85283],[-73.7915,40.85301],[-73.7917,40.85297],[-73.79163,40.85279],[-73.79166,40.85279],[-73.79173,40.85296],[-73.79196,40.8529],[-73.7919,40.85273],[-73.79192,40.85272],[-73.79199,40.8529],[-73.79223,40.85284],[-73.79215,40.85267],[-73.79218,40.85266],[-73.79225,40.85283],[-73.79249,40.85278],[-73.79242,40.8526],[-73.79244,40.85259],[-73.79251,40.85277],[-73.79283,40.85269],[-73.79277,40.85252],[-73.79282,40.8525],[-73.7929,40.8527],[-73.79081,40.85321],[-73.79086,40.85333],[-73.79112,40.85327],[-73.79127,40.85372],[-73.79253,40.85342],[-73.79239,40.85307],[-73.79241,40.85306],[-73.79256,40.85341],[-73.79298,40.85331],[-73.79285,40.85296],[-73.79288,40.85295],[-73.79304,40.85338],[-73.79302,40.85339],[-73.793,40.85334],[-73.79128,40.85374],[-73.79129,40.85385],[-73.79106,40.85393],[-73.79246,40.85361],[-73.79249,40.85368],[-73.79246,40.85369],[-73.79244,40.85364],[-73.79107,40.85395],[-73.79158,40.8539],[-73.79172,40.85393],[-73.79179,40.854],[-73.79252,40.8539],[-73.79251,40.85386],[-73.79254,40.85386],[-73.79257,40.85402],[-73.79253,40.85403],[-73.79252,40.85393],[-73.7918,40.85401],[-73.79192,40.85423],[-73.79134,40.85445],[-73.79129,40.85459],[-73.79187,40.85543],[-73.79208,40.85565],[-73.7925,40.8558],[-73.79249,40.85596],[-73.79231,40.85608],[-73.79212,40.85602],[-73.79202,40.85619],[-73.79257,40.85621],[-73.79257,40.85626],[-73.79201,40.85623],[-73.79199,40.85637],[-73.79194,40.85641],[-73.79207,40.85642],[-73.79209,40.85649],[-73.79201,40.85655],[-73.79191,40.85653],[-73.7919,40.85656],[-73.79305,40.85673],[-73.79307,40.85669],[-73.7931,40.85669],[-73.79306,40.85682],[-73.79303,40.85682],[-73.79305,40.85676],[-73.7919,40.85658],[-73.79186,40.85667],[-73.79183,40.85668],[-73.79196,40.85673],[-73.79182,40.85668],[-73.79179,40.85673],[-73.79193,40.85678],[-73.79179,40.85674],[-73.79171,40.85686],[-73.79186,40.8568],[-73.79188,40.85683],[-73.79174,40.85687],[-73.79182,40.85691],[-73.79187,40.85699],[-73.7922,40.85715],[-73.79238,40.85691],[-73.79243,40.85694],[-73.79222,40.85716],[-73.79283,40.85744],[-73.79296,40.857],[-73.79301,40.85701],[-73.79289,40.85749],[-73.79186,40.85701],[-73.79268,40.85743],[-73.79261,40.85752],[-73.79258,40.8575],[-73.79264,40.85743],[-73.79211,40.85718],[-73.7919,40.85745],[-73.79247,40.85772],[-73.79254,40.85763],[-73.79257,40.85765],[-73.7924,40.85785],[-73.79237,40.85784],[-73.79244,40.85775],[-73.79174,40.8574],[-73.79176,40.85738],[-73.79187,40.85744],[-73.79209,40.85717],[-73.79184,40.85704],[-73.79161,40.85738],[-73.7913,40.85727],[-73.79094,40.85756],[-73.79132,40.85771],[-73.79164,40.85789],[-73.79176,40.85777],[-73.79179,40.85778],[-73.79144,40.85816],[-73.79141,40.85815],[-73.79162,40.85791],[-73.79093,40.85758],[-73.79079,40.85776],[-73.79044,40.85792],[-73.79024,40.85816],[-73.79006,40.85847],[-73.7902,40.85861],[-73.79012,40.85858],[-73.79005,40.85848],[-73.78999,40.85853],[-73.78954,40.85865],[-73.7895,40.85868],[-73.78939,40.85869],[-73.78926,40.85877],[-73.78922,40.85875]]],[[[-73.76783,40.85445],[-73.76823,40.8539],[-73.76856,40.85325],[-73.76905,40.8533],[-73.76939,40.85254],[-73.76861,40.8508],[-73.7696,40.8476],[-73.7695,40.84723],[-73.76806,40.84561],[-73.7679,40.8453],[-73.76902,40.84511],[-73.76998,40.84596],[-73.77119,40.84695],[-73.77157,40.84751],[-73.77131,40.84804],[-73.77089,40.84976],[-73.77205,40.85163],[-73.77247,40.85172],[-73.77247,40.85182],[-73.77271,40.85183],[-73.77271,40.85186],[-73.77247,40.85184],[-73.77246,40.85207],[-73.77265,40.85215],[-73.77267,40.85211],[-73.77292,40.85218],[-73.77296,40.85217],[-73.77295,40.85222],[-73.77271,40.85215],[-73.77265,40.85223],[-73.77289,40.85241],[-73.77259,40.85222],[-73.77262,40.85218],[-73.77246,40.85211],[-73.77245,40.85244],[-73.77173,40.85249],[-73.77172,40.85301],[-73.7723,40.85309],[-73.77228,40.85345],[-73.77236,40.85377],[-73.77235,40.85386],[-73.77281,40.85386],[-73.77281,40.85381],[-73.77296,40.85381],[-73.77296,40.85415],[-73.7728,40.85414],[-73.7728,40.85397],[-73.7727,40.85397],[-73.7727,40.85391],[-73.77233,40.85391],[-73.77214,40.85442],[-73.77213,40.8546],[-73.77221,40.85537],[-73.77214,40.85644],[-73.77217,40.85694],[-73.77216,40.85782],[-73.77221,40.85846],[-73.77218,40.85888],[-73.77236,40.85968],[-73.77219,40.85999],[-73.77085,40.86011],[-73.76947,40.85934],[-73.76836,40.85837],[-73.76836,40.85766],[-73.76533,40.85505],[-73.76783,40.85445]]],[[[-73.78458,40.86054],[-73.7845,40.86048],[-73.78444,40.86012],[-73.78436,40.86011],[-73.78434,40.86007],[-73.78437,40.85986],[-73.78446,40.85968],[-73.78453,40.85967],[-73.7846,40.85942],[-73.78459,40.85935],[-73.78464,40.85932],[-73.78465,40.85925],[-73.78472,40.85914],[-73.78488,40.85907],[-73.78487,40.85904],[-73.78498,40.85896],[-73.78512,40.85891],[-73.78514,40.8588],[-73.78525,40.85876],[-73.78531,40.8588],[-73.78533,40.85893],[-73.78548,40.85897],[-73.78557,40.85903],[-73.78556,40.85908],[-73.78567,40.85912],[-73.78573,40.85922],[-73.78582,40.85919],[-73.78608,40.85928],[-73.78622,40.85928],[-73.78637,40.85922],[-73.78661,40.85904],[-73.78661,40.85896],[-73.78654,40.85887],[-73.78658,40.85877],[-73.7867,40.85869],[-73.78679,40.85876],[-73.78686,40.85872],[-73.78701,40.85879],[-73.78728,40.85886],[-73.78774,40.85878],[-73.78748,40.85901],[-73.78748,40.85917],[-73.78737,40.85926],[-73.78716,40.85957],[-73.78717,40.85961],[-73.78711,40.85971],[-73.78714,40.85974],[-73.78702,40.85989],[-73.78705,40.8601],[-73.787,40.86023],[-73.78682,40.86028],[-73.78671,40.86028],[-73.78666,40.86024],[-73.78662,40.86029],[-73.78649,40.86029],[-73.78622,40.86035],[-73.78592,40.86031],[-73.7857,40.86037],[-73.78551,40.86038],[-73.78543,40.86043],[-73.78521,40.86039],[-73.78503,40.8605],[-73.78484,40.86045],[-73.78469,40.86054],[-73.78458,40.86054]]],[[[-73.77322,40.8608],[-73.77326,40.86064],[-73.7734,40.86075],[-73.77334,40.86086],[-73.77322,40.8608]]],[[[-73.77514,40.86119],[-73.77523,40.8612],[-73.7753,40.86125],[-73.77527,40.86145],[-73.7752,40.8615],[-73.77514,40.8616],[-73.77493,40.86156],[-73.77492,40.86144],[-73.77506,40.86134],[-73.77514,40.86119]]],[[[-73.7746,40.86208],[-73.77458,40.86197],[-73.77464,40.86183],[-73.77478,40.86179],[-73.77485,40.86182],[-73.77488,40.86191],[-73.77486,40.86199],[-73.77475,40.86206],[-73.7746,40.86208]]],[[[-73.78313,40.86286],[-73.78304,40.86284],[-73.78301,40.86279],[-73.78293,40.8628],[-73.78288,40.86241],[-73.78289,40.86233],[-73.78297,40.86233],[-73.78306,40.86229],[-73.78302,40.8622],[-73.78308,40.86218],[-73.78315,40.86208],[-73.7832,40.86214],[-73.78319,40.86221],[-73.78324,40.86234],[-73.78323,40.86247],[-73.78318,40.86251],[-73.78316,40.86259],[-73.78312,40.86263],[-73.78323,40.86265],[-73.78326,40.86273],[-73.78321,40.86276],[-73.78326,40.86275],[-73.78328,40.86279],[-73.78317,40.86287],[-73.78313,40.86286]]],[[[-73.78401,40.86314],[-73.78381,40.86317],[-73.78376,40.86314],[-73.78364,40.86315],[-73.78354,40.8631],[-73.78357,40.86302],[-73.78369,40.86304],[-73.78374,40.86298],[-73.7838,40.86297],[-73.78367,40.86284],[-73.78377,40.86262],[-73.78389,40.86258],[-73.78392,40.86252],[-73.78397,40.86252],[-73.78403,40.86249],[-73.78447,40.86258],[-73.78459,40.86254],[-73.78469,40.86255],[-73.78467,40.86262],[-73.78455,40.86266],[-73.78457,40.86286],[-73.78452,40.86296],[-73.78436,40.86308],[-73.78427,40.86302],[-73.78417,40.8631],[-73.78429,40.86321],[-73.78419,40.86322],[-73.78401,40.86314]]],[[[-73.76964,40.86555],[-73.76994,40.86553],[-73.76978,40.86569],[-73.76945,40.86577],[-73.76964,40.86555]]],[[[-73.76692,40.86706],[-73.76723,40.86694],[-73.76713,40.86725],[-73.76668,40.86733],[-73.76692,40.86706]]],[[[-73.77172,40.87163],[-73.77224,40.87157],[-73.77264,40.87189],[-73.77157,40.87187],[-73.77116,40.87181],[-73.77085,40.87164],[-73.77172,40.87163]]],[[[-73.77483,40.87404],[-73.77494,40.87393],[-73.77505,40.87395],[-73.7751,40.87404],[-73.77506,40.87432],[-73.77512,40.8744],[-73.77514,40.87456],[-73.77478,40.87478],[-73.77468,40.8748],[-73.77465,40.87472],[-73.77471,40.87459],[-73.77452,40.87451],[-73.77455,40.87429],[-73.77476,40.87417],[-73.77483,40.87404]]],[[[-73.78194,40.87522],[-73.782,40.87517],[-73.78196,40.87512],[-73.78204,40.87498],[-73.78209,40.87505],[-73.78214,40.87504],[-73.78214,40.87475],[-73.78203,40.87474],[-73.78213,40.87454],[-73.78216,40.87459],[-73.78253,40.87463],[-73.7826,40.8747],[-73.78266,40.8748],[-73.78264,40.87489],[-73.78244,40.87522],[-73.78237,40.87518],[-73.78214,40.87517],[-73.78204,40.87531],[-73.78203,40.87539],[-73.78193,40.87541],[-73.78198,40.87524],[-73.78194,40.87522]]],[[[-73.7819,40.87643],[-73.78167,40.87643],[-73.78172,40.8762],[-73.7818,40.87625],[-73.7818,40.87629],[-73.78207,40.87625],[-73.7822,40.87644],[-73.78211,40.87653],[-73.7819,40.87643]]],[[[-73.7813,40.87595],[-73.78142,40.87577],[-73.78151,40.87605],[-73.7815,40.87611],[-73.78137,40.8762],[-73.78144,40.87641],[-73.7814,40.87655],[-73.78134,40.87659],[-73.78121,40.8766],[-73.78121,40.87629],[-73.78124,40.87613],[-73.78131,40.87603],[-73.7813,40.87595]]],[[[-73.78353,40.87725],[-73.7835,40.87721],[-73.78346,40.87724],[-73.78342,40.87718],[-73.78359,40.87692],[-73.78356,40.87683],[-73.78375,40.87655],[-73.78384,40.87653],[-73.78396,40.87671],[-73.7839,40.87676],[-73.78401,40.87687],[-73.78391,40.87701],[-73.78386,40.87718],[-73.7838,40.87717],[-73.78364,40.87749],[-73.78356,40.87751],[-73.78349,40.87749],[-73.78345,40.87742],[-73.78353,40.87725]]],[[[-73.78525,40.87992],[-73.78514,40.87992],[-73.78501,40.87984],[-73.78501,40.8798],[-73.78514,40.87975],[-73.78523,40.8798],[-73.78544,40.87979],[-73.78547,40.87977],[-73.78566,40.87983],[-73.78568,40.87986],[-73.78543,40.88005],[-73.78536,40.88003],[-73.78525,40.87992]]],[[[-73.78484,40.88057],[-73.78469,40.88053],[-73.78451,40.88067],[-73.78444,40.88064],[-73.78447,40.88052],[-73.7844,40.88042],[-73.78427,40.88037],[-73.78412,40.88037],[-73.78399,40.88048],[-73.78382,40.88043],[-73.78377,40.88028],[-73.78381,40.8802],[-73.7837,40.88016],[-73.78367,40.88003],[-73.7837,40.87994],[-73.78395,40.87988],[-73.78397,40.87978],[-73.78407,40.87972],[-73.78415,40.87978],[-73.7841,40.87988],[-73.78416,40.87994],[-73.78412,40.88005],[-73.78433,40.88021],[-73.78452,40.88024],[-73.78469,40.88014],[-73.78476,40.88017],[-73.78481,40.8803],[-73.7848,40.88036],[-73.78492,40.88039],[-73.78509,40.88027],[-73.78527,40.8804],[-73.78535,40.88053],[-73.78519,40.8807],[-73.78496,40.88075],[-73.78484,40.88057]]],[[[-73.87295,40.90445],[-73.8679,40.90295],[-73.86566,40.90225],[-73.86305,40.90152],[-73.8628,40.90154],[-73.86225,40.90128],[-73.8618,40.90113],[-73.86157,40.90107],[-73.86134,40.90112],[-73.85947,40.90053],[-73.85908,40.90102],[-73.85924,40.90111],[-73.85942,40.9014],[-73.85938,40.90157],[-73.85921,40.90156],[-73.85903,40.90145],[-73.85887,40.90172],[-73.85947,40.90194],[-73.85958,40.90245],[-73.85927,40.90268],[-73.85911,40.90265],[-73.85873,40.9023],[-73.8584,40.90222],[-73.85816,40.90231],[-73.85817,40.9026],[-73.85797,40.90286],[-73.85775,40.9028],[-73.85756,40.90293],[-73.85711,40.90366],[-73.85717,40.90409],[-73.85699,40.90459],[-73.8571,40.90472],[-73.85719,40.9047],[-73.85736,40.90474],[-73.85744,40.90485],[-73.85718,40.90529],[-73.85705,40.9053],[-73.85666,40.90506],[-73.85636,40.90511],[-73.85601,40.90531],[-73.85601,40.90549],[-73.8565,40.90557],[-73.85693,40.90598],[-73.85681,40.90616],[-73.85656,40.90627],[-73.85596,40.90623],[-73.85581,40.90627],[-73.85553,40.90639],[-73.85514,40.90688],[-73.85424,40.90704],[-73.85374,40.9078],[-73.85384,40.90798],[-73.85423,40.90803],[-73.85471,40.90801],[-73.85491,40.90836],[-73.85459,40.90895],[-73.85392,40.90947],[-73.8536,40.90962],[-73.85335,40.91005],[-73.85296,40.91036],[-73.85277,40.91041],[-73.85259,40.91032],[-73.85266,40.91002],[-73.85246,40.90987],[-73.85228,40.90986],[-73.85178,40.91017],[-73.85149,40.91028],[-73.85145,40.91046],[-73.85107,40.91038],[-73.85348,40.90754],[-73.85228,40.90709],[-73.85092,40.90662],[-73.85017,40.90752],[-73.84864,40.90681],[-73.84708,40.90617],[-73.84538,40.90566],[-73.84482,40.90554],[-73.84493,40.90467],[-73.84489,40.9042],[-73.84139,40.90418],[-73.84113,40.90351],[-73.84106,40.90322],[-73.84087,40.90187],[-73.84078,40.90164],[-73.84065,40.90141],[-73.83925,40.89951],[-73.83922,40.89943],[-73.83918,40.89909],[-73.83921,40.89883],[-73.83967,40.89789],[-73.83965,40.89734],[-73.83839,40.89408],[-73.83804,40.89415],[-73.83631,40.89361],[-73.83526,40.8934],[-73.83357,40.89281],[-73.83268,40.89261],[-73.83185,40.89236],[-73.83096,40.89204],[-73.82866,40.89138],[-73.82723,40.89092],[-73.82367,40.88991],[-73.82253,40.88944],[-73.82242,40.88952],[-73.82241,40.88962],[-73.82244,40.88971],[-73.82255,40.88981],[-73.82275,40.88986],[-73.82314,40.88977],[-73.8233,40.88983],[-73.82338,40.88993],[-73.82337,40.89012],[-73.8233,40.8904],[-73.82333,40.89048],[-73.82345,40.89057],[-73.82348,40.89065],[-73.82337,40.89098],[-73.82285,40.89122],[-73.81949,40.8903],[-73.81828,40.88986],[-73.81662,40.88944],[-73.81602,40.88933],[-73.81574,40.88921],[-73.81517,40.88905],[-73.81127,40.88811],[-73.8099,40.88775],[-73.80872,40.88749],[-73.80756,40.88712],[-73.80291,40.88604],[-73.80193,40.88572],[-73.7993,40.88508],[-73.79406,40.88371],[-73.79301,40.88337],[-73.79323,40.88283],[-73.79359,40.88253],[-73.79379,40.88198],[-73.79492,40.88055],[-73.79555,40.8807],[-73.79503,40.87976],[-73.79625,40.87702],[-73.79713,40.8762],[-73.79721,40.87579],[-73.79744,40.87514],[-73.79855,40.87441],[-73.79891,40.87465],[-73.79982,40.87417],[-73.79988,40.87349],[-73.80027,40.87283],[-73.80036,40.87274],[-73.80035,40.87264],[-73.80048,40.87255],[-73.80051,40.87245],[-73.80048,40.87232],[-73.80058,40.87212],[-73.80057,40.872],[-73.80066,40.87185],[-73.80069,40.87173],[-73.80074,40.87172],[-73.80081,40.8715],[-73.80087,40.87152],[-73.80096,40.87142],[-73.80111,40.87141],[-73.80118,40.87143],[-73.80136,40.87129],[-73.80145,40.87129],[-73.80154,40.87125],[-73.80179,40.87108],[-73.80197,40.87092],[-73.80191,40.87087],[-73.80199,40.87081],[-73.80209,40.87086],[-73.80206,40.87075],[-73.80214,40.87074],[-73.8022,40.87063],[-73.80221,40.87051],[-73.80208,40.87047],[-73.80212,40.87038],[-73.80233,40.87041],[-73.80257,40.87017],[-73.80267,40.87016],[-73.80276,40.86971],[-73.8027,40.86962],[-73.80269,40.86939],[-73.80261,40.86935],[-73.80269,40.86931],[-73.80264,40.86922],[-73.8027,40.86911],[-73.80276,40.86911],[-73.80278,40.86894],[-73.80298,40.86875],[-73.80315,40.86882],[-73.80335,40.86899],[-73.80352,40.86881],[-73.80362,40.86879],[-73.80386,40.86902],[-73.80393,40.86904],[-73.80404,40.86899],[-73.80407,40.86875],[-73.80424,40.8687],[-73.8043,40.86876],[-73.80443,40.86881],[-73.80448,40.86872],[-73.80454,40.86874],[-73.80452,40.86886],[-73.80455,40.86893],[-73.80463,40.86897],[-73.80478,40.86896],[-73.80499,40.86915],[-73.80529,40.86914],[-73.80541,40.86897],[-73.80551,40.86894],[-73.80565,40.86895],[-73.80571,40.8689],[-73.80595,40.86894],[-73.80589,40.869],[-73.80588,40.86906],[-73.80599,40.86914],[-73.80596,40.86918],[-73.80579,40.86919],[-73.80566,40.86933],[-73.80566,40.8695],[-73.80569,40.86956],[-73.80599,40.86973],[-73.80605,40.86985],[-73.80631,40.86999],[-73.80644,40.87023],[-73.80661,40.87027],[-73.80671,40.87035],[-73.80671,40.87043],[-73.80679,40.87042],[-73.80684,40.8705],[-73.80705,40.87055],[-73.80711,40.87053],[-73.80711,40.8707],[-73.80724,40.87066],[-73.8074,40.87067],[-73.80786,40.87088],[-73.80787,40.87101],[-73.80783,40.87109],[-73.80786,40.87114],[-73.80797,40.87101],[-73.8083,40.87115],[-73.80833,40.87123],[-73.80839,40.87117],[-73.80867,40.87121],[-73.8087,40.87135],[-73.80877,40.87125],[-73.80925,40.87123],[-73.80918,40.87114],[-73.80903,40.87118],[-73.80885,40.87116],[-73.80882,40.87111],[-73.80875,40.87113],[-73.80856,40.87101],[-73.80858,40.87096],[-73.80841,40.87094],[-73.80848,40.87078],[-73.80842,40.87071],[-73.80853,40.87064],[-73.80873,40.87044],[-73.8086,40.87041],[-73.80819,40.8705],[-73.80801,40.87042],[-73.80787,40.87047],[-73.80778,40.87044],[-73.8077,40.87046],[-73.80754,40.87039],[-73.80754,40.87019],[-73.80757,40.87013],[-73.80774,40.87006],[-73.80789,40.86988],[-73.80796,40.86988],[-73.80802,40.8698],[-73.808,40.86971],[-73.80809,40.86971],[-73.80812,40.86968],[-73.8081,40.86965],[-73.80816,40.86958],[-73.80838,40.86943],[-73.80849,40.86944],[-73.80841,40.8694],[-73.80843,40.86928],[-73.80853,40.86929],[-73.80859,40.86926],[-73.80862,40.8692],[-73.80875,40.86914],[-73.80871,40.8691],[-73.80843,40.86926],[-73.80838,40.86922],[-73.80821,40.86939],[-73.80803,40.8695],[-73.80802,40.86955],[-73.80794,40.86964],[-73.80787,40.86968],[-73.80786,40.86974],[-73.80779,40.86974],[-73.80775,40.86971],[-73.80742,40.86973],[-73.80726,40.86969],[-73.80716,40.86972],[-73.80693,40.86955],[-73.80673,40.86954],[-73.8067,40.86947],[-73.80674,40.8694],[-73.80678,40.86903],[-73.80695,40.86887],[-73.8068,40.86887],[-73.80669,40.86892],[-73.8066,40.8689],[-73.80655,40.86887],[-73.80655,40.86884],[-73.80673,40.86878],[-73.80674,40.86874],[-73.80669,40.86873],[-73.80661,40.86878],[-73.80656,40.86874],[-73.80656,40.86864],[-73.80639,40.86861],[-73.80638,40.86853],[-73.80626,40.86843],[-73.80606,40.86844],[-73.80586,40.86832],[-73.80576,40.86836],[-73.80563,40.86832],[-73.80555,40.86836],[-73.8055,40.86835],[-73.80541,40.86822],[-73.80529,40.86832],[-73.80501,40.86826],[-73.80494,40.86831],[-73.80487,40.86824],[-73.8048,40.86811],[-73.80471,40.86763],[-73.80476,40.86744],[-73.8047,40.86704],[-73.80474,40.86666],[-73.80449,40.86669],[-73.80443,40.86686],[-73.80428,40.86685],[-73.80416,40.86693],[-73.804,40.86713],[-73.80385,40.86717],[-73.8036,40.8671],[-73.80324,40.86713],[-73.80315,40.86711],[-73.80311,40.86703],[-73.80301,40.86705],[-73.80292,40.86699],[-73.80306,40.86684],[-73.803,40.86677],[-73.8031,40.86656],[-73.80302,40.86654],[-73.80302,40.86639],[-73.80309,40.86633],[-73.80308,40.86608],[-73.80301,40.86576],[-73.80272,40.86567],[-73.80231,40.86563],[-73.80225,40.86576],[-73.80205,40.86568],[-73.80198,40.86584],[-73.80177,40.86589],[-73.80173,40.86603],[-73.80172,40.86631],[-73.80175,40.86642],[-73.80148,40.86679],[-73.80137,40.86689],[-73.80134,40.86707],[-73.80074,40.86791],[-73.8007,40.86815],[-73.80054,40.86838],[-73.80032,40.86849],[-73.8001,40.86878],[-73.79997,40.86888],[-73.79995,40.86903],[-73.79978,40.86918],[-73.79971,40.86938],[-73.79962,40.86945],[-73.79957,40.86958],[-73.79957,40.86975],[-73.79936,40.86984],[-73.79932,40.86999],[-73.79918,40.87014],[-73.7991,40.8703],[-73.79907,40.87046],[-73.79898,40.87059],[-73.7989,40.87081],[-73.79854,40.87139],[-73.79841,40.87153],[-73.79839,40.87162],[-73.7983,40.87168],[-73.79825,40.87177],[-73.79807,40.87189],[-73.79774,40.87235],[-73.79768,40.87241],[-73.79709,40.87255],[-73.79697,40.87252],[-73.79694,40.87263],[-73.79479,40.87321],[-73.79398,40.87457],[-73.79357,40.87613],[-73.7936,40.87673],[-73.79317,40.87706],[-73.79422,40.87739],[-73.7944,40.87765],[-73.79385,40.8786],[-73.793,40.87916],[-73.79304,40.87942],[-73.7929,40.87959],[-73.79261,40.87967],[-73.79239,40.8796],[-73.79219,40.8796],[-73.79197,40.8797],[-73.7919,40.87994],[-73.79173,40.88006],[-73.79095,40.88008],[-73.79063,40.88039],[-73.79063,40.88057],[-73.79081,40.88073],[-73.79076,40.88085],[-73.79044,40.88101],[-73.78956,40.88127],[-73.78926,40.88121],[-73.78914,40.88127],[-73.78906,40.88122],[-73.78912,40.88106],[-73.78907,40.88082],[-73.78911,40.88069],[-73.78932,40.88059],[-73.78912,40.88009],[-73.7893,40.87989],[-73.78948,40.87978],[-73.78976,40.87976],[-73.79006,40.8796],[-73.78952,40.87901],[-73.78827,40.87888],[-73.78776,40.87898],[-73.78713,40.87899],[-73.78612,40.87907],[-73.7859,40.8789],[-73.78524,40.87863],[-73.78487,40.87854],[-73.78459,40.87858],[-73.78443,40.87854],[-73.78438,40.87843],[-73.78422,40.87829],[-73.78415,40.87797],[-73.78418,40.87773],[-73.7845,40.87692],[-73.78481,40.87687],[-73.78468,40.87607],[-73.78485,40.87607],[-73.78495,40.87594],[-73.78496,40.87583],[-73.78525,40.87571],[-73.78543,40.87549],[-73.78541,40.87535],[-73.7857,40.87542],[-73.78596,40.87515],[-73.78616,40.87479],[-73.78625,40.87449],[-73.78611,40.87436],[-73.78632,40.87437],[-73.78654,40.87431],[-73.78663,40.87408],[-73.78691,40.874],[-73.78702,40.8738],[-73.78712,40.87319],[-73.78714,40.87277],[-73.78677,40.87253],[-73.78625,40.87239],[-73.7855,40.87317],[-73.78528,40.87356],[-73.78508,40.8736],[-73.78501,40.87353],[-73.78511,40.87337],[-73.78511,40.87331],[-73.78548,40.87293],[-73.78554,40.87255],[-73.78547,40.87237],[-73.78554,40.87231],[-73.78555,40.87203],[-73.78522,40.87164],[-73.78488,40.87235],[-73.78477,40.87248],[-73.78402,40.87378],[-73.78378,40.8738],[-73.78341,40.87373],[-73.78324,40.87355],[-73.78336,40.87326],[-73.78355,40.87314],[-73.78366,40.87315],[-73.78375,40.873],[-73.78385,40.87302],[-73.78395,40.8729],[-73.78392,40.87284],[-73.78373,40.87267],[-73.78375,40.87251],[-73.78315,40.8723],[-73.78307,40.87216],[-73.78306,40.87169],[-73.78325,40.87126],[-73.78325,40.87106],[-73.78319,40.87094],[-73.78329,40.87071],[-73.78351,40.87051],[-73.78353,40.87037],[-73.78361,40.87032],[-73.78379,40.87031],[-73.78388,40.87026],[-73.78394,40.87013],[-73.78401,40.87013],[-73.7843,40.86979],[-73.78474,40.86964],[-73.78489,40.86952],[-73.78505,40.86931],[-73.7856,40.86835],[-73.7857,40.86838],[-73.78559,40.86876],[-73.78558,40.86918],[-73.78595,40.86933],[-73.78636,40.86939],[-73.78715,40.86935],[-73.78858,40.86918],[-73.78915,40.86907],[-73.78972,40.86881],[-73.79026,40.8685],[-73.79089,40.86802],[-73.7913,40.86761],[-73.79153,40.86733],[-73.79183,40.86687],[-73.79198,40.86648],[-73.79215,40.86588],[-73.79223,40.86527],[-73.79224,40.86465],[-73.79212,40.86384],[-73.79186,40.86304],[-73.79146,40.86228],[-73.79188,40.86126],[-73.79189,40.86108],[-73.79217,40.86105],[-73.79238,40.86097],[-73.79244,40.86091],[-73.79305,40.8608],[-73.79314,40.8607],[-73.7936,40.86053],[-73.79386,40.86015],[-73.79385,40.86003],[-73.79372,40.85998],[-73.79382,40.85992],[-73.794,40.85989],[-73.79412,40.8597],[-73.79418,40.8595],[-73.79412,40.85933],[-73.79455,40.8589],[-73.79488,40.85808],[-73.79471,40.85754],[-73.79448,40.85701],[-73.79434,40.85692],[-73.79427,40.85681],[-73.79431,40.85658],[-73.79435,40.85654],[-73.79462,40.85644],[-73.79481,40.85649],[-73.79489,40.85657],[-73.79559,40.85652],[-73.79686,40.85627],[-73.79727,40.85589],[-73.79752,40.85561],[-73.79773,40.85532],[-73.79799,40.85486],[-73.79825,40.8548],[-73.79853,40.85501],[-73.79872,40.85492],[-73.79905,40.85406],[-73.79903,40.85397],[-73.79885,40.85361],[-73.79864,40.85337],[-73.79856,40.85329],[-73.79796,40.853],[-73.79781,40.85196],[-73.7982,40.8506],[-73.79932,40.84992],[-73.79988,40.84899],[-73.79992,40.84878],[-73.80005,40.84854],[-73.8001,40.84831],[-73.80029,40.84815],[-73.80047,40.84811],[-73.80083,40.84825],[-73.80114,40.84845],[-73.80147,40.84878],[-73.80167,40.84916],[-73.80171,40.84937],[-73.80174,40.84986],[-73.80183,40.85014],[-73.80197,40.85039],[-73.80261,40.85137],[-73.80317,40.85208],[-73.80379,40.85275],[-73.80418,40.85335],[-73.80454,40.85475],[-73.80453,40.85486],[-73.80444,40.85502],[-73.80429,40.85514],[-73.80409,40.85522],[-73.80383,40.85525],[-73.80367,40.85532],[-73.80356,40.85543],[-73.80352,40.85556],[-73.80369,40.85614],[-73.80384,40.8565],[-73.80389,40.85691],[-73.80414,40.85785],[-73.8042,40.85849],[-73.80417,40.85883],[-73.80421,40.85897],[-73.8044,40.85923],[-73.8045,40.85945],[-73.80464,40.85998],[-73.80469,40.86082],[-73.80461,40.86123],[-73.80465,40.86135],[-73.80479,40.86155],[-73.80507,40.86174],[-73.80541,40.86185],[-73.80579,40.86185],[-73.80601,40.86178],[-73.80616,40.86165],[-73.80625,40.86144],[-73.80582,40.86004],[-73.80613,40.85989],[-73.80656,40.85983],[-73.80711,40.86013],[-73.80742,40.86012],[-73.80769,40.85999],[-73.80799,40.85974],[-73.80803,40.8596],[-73.80818,40.8595],[-73.8083,40.85971],[-73.80867,40.86005],[-73.809,40.86033],[-73.80925,40.86043],[-73.80941,40.86056],[-73.81012,40.86136],[-73.81035,40.86171],[-73.81046,40.86193],[-73.81082,40.86208],[-73.81085,40.86234],[-73.81111,40.86247],[-73.8116,40.86266],[-73.81181,40.86269],[-73.81206,40.86268],[-73.81215,40.86274],[-73.81226,40.86275],[-73.81233,40.86289],[-73.81294,40.86322],[-73.81305,40.86325],[-73.81328,40.86323],[-73.81364,40.86368],[-73.81373,40.86388],[-73.81385,40.86391],[-73.81397,40.86386],[-73.81404,40.86387],[-73.81396,40.86411],[-73.81401,40.86409],[-73.81423,40.86387],[-73.81421,40.8638],[-73.81413,40.86374],[-73.81438,40.86326],[-73.8146,40.8631],[-73.81493,40.86304],[-73.81502,40.86313],[-73.8151,40.86307],[-73.81642,40.86119],[-73.81588,40.86101],[-73.81549,40.86096],[-73.81526,40.86113],[-73.8148,40.86114],[-73.81485,40.86091],[-73.81382,40.86056],[-73.81273,40.85889],[-73.81231,40.85417],[-73.81641,40.85409],[-73.81658,40.85383],[-73.81685,40.85329],[-73.81699,40.85265],[-73.81715,40.85231],[-73.81713,40.8521],[-73.81721,40.85184],[-73.81719,40.85178],[-73.81708,40.85169],[-73.81692,40.85168],[-73.81707,40.85159],[-73.81713,40.85143],[-73.81713,40.85128],[-73.81697,40.85103],[-73.81686,40.85097],[-73.81661,40.85095],[-73.81633,40.85085],[-73.81623,40.85092],[-73.81605,40.85079],[-73.81596,40.85078],[-73.81572,40.85082],[-73.8157,40.85078],[-73.81604,40.85061],[-73.81604,40.85054],[-73.81601,40.85047],[-73.81596,40.85045],[-73.81597,40.8504],[-73.8162,40.85039],[-73.81627,40.85032],[-73.81629,40.8502],[-73.81573,40.84955],[-73.81567,40.84946],[-73.81565,40.84936],[-73.81552,40.84924],[-73.81537,40.8492],[-73.81528,40.84925],[-73.81521,40.84924],[-73.81513,40.84918],[-73.81514,40.84909],[-73.81529,40.84897],[-73.81535,40.84886],[-73.81532,40.84859],[-73.81545,40.84852],[-73.81552,40.84843],[-73.81553,40.84831],[-73.81564,40.84819],[-73.8157,40.84817],[-73.81576,40.84819],[-73.81587,40.8481],[-73.8159,40.84802],[-73.8159,40.84783],[-73.81586,40.84778],[-73.81563,40.84771],[-73.81561,40.84767],[-73.81588,40.84768],[-73.81598,40.84766],[-73.8161,40.84752],[-73.81617,40.84702],[-73.81615,40.84666],[-73.81611,40.84646],[-73.81572,40.8463],[-73.81546,40.84661],[-73.81463,40.84715],[-73.81467,40.84721],[-73.81465,40.84723],[-73.81451,40.84711],[-73.81461,40.84714],[-73.81533,40.84667],[-73.81551,40.84652],[-73.81548,40.84651],[-73.81556,40.84642],[-73.81558,40.84643],[-73.8157,40.8463],[-73.81552,40.84633],[-73.81507,40.84655],[-73.815,40.84655],[-73.81492,40.84649],[-73.81366,40.84721],[-73.81371,40.84727],[-73.81369,40.84728],[-73.81357,40.84716],[-73.81365,40.8472],[-73.81491,40.84648],[-73.81466,40.84621],[-73.81447,40.84624],[-73.81442,40.8462],[-73.81466,40.84598],[-73.81461,40.84592],[-73.81509,40.8456],[-73.81503,40.84551],[-73.81421,40.84602],[-73.81399,40.84584],[-73.81319,40.84624],[-73.81315,40.84618],[-73.81382,40.84581],[-73.81401,40.84568],[-73.81402,40.84564],[-73.81348,40.84597],[-73.81347,40.84596],[-73.81403,40.8456],[-73.81396,40.84553],[-73.81369,40.84567],[-73.81394,40.84552],[-73.81386,40.84543],[-73.81373,40.84549],[-73.81371,40.84547],[-73.81384,40.84541],[-73.81381,40.84536],[-73.81363,40.84529],[-73.81336,40.84585],[-73.81329,40.84596],[-73.81321,40.84593],[-73.81328,40.84595],[-73.81331,40.84591],[-73.81362,40.84528],[-73.81346,40.84522],[-73.81326,40.84524],[-73.8128,40.8463],[-73.81285,40.84633],[-73.81273,40.84629],[-73.81279,40.8463],[-73.81324,40.84524],[-73.8131,40.84518],[-73.81288,40.84514],[-73.81286,40.84518],[-73.81316,40.84522],[-73.81299,40.84523],[-73.81286,40.84519],[-73.81234,40.84655],[-73.81242,40.84657],[-73.81228,40.84655],[-73.81233,40.84655],[-73.81284,40.84519],[-73.81261,40.84514],[-73.81262,40.84512],[-73.81285,40.84517],[-73.81286,40.84514],[-73.81265,40.84506],[-73.81263,40.845],[-73.81255,40.84499],[-73.81244,40.84525],[-73.81255,40.84527],[-73.81254,40.84529],[-73.81246,40.84527],[-73.81196,40.84648],[-73.81204,40.84651],[-73.81204,40.84654],[-73.81192,40.84654],[-73.81189,40.8466],[-73.81244,40.84675],[-73.81188,40.84662],[-73.81184,40.84672],[-73.8117,40.84669],[-73.81234,40.84513],[-73.81266,40.84422],[-73.81279,40.84424],[-73.81271,40.84447],[-73.81278,40.84426],[-73.81282,40.84427],[-73.81276,40.84448],[-73.81299,40.84453],[-73.81298,40.84456],[-73.8127,40.84449],[-73.81265,40.84467],[-73.8129,40.84472],[-73.81291,40.84467],[-73.81311,40.84469],[-73.81309,40.84474],[-73.81305,40.84473],[-73.81304,40.84475],[-73.81312,40.8448],[-73.81309,40.84486],[-73.81266,40.84476],[-73.81268,40.8447],[-73.81264,40.84469],[-73.81255,40.84496],[-73.81264,40.84498],[-73.8127,40.84493],[-73.81286,40.84493],[-73.81345,40.84497],[-73.81355,40.84498],[-73.81355,40.84505],[-73.81368,40.84507],[-73.81379,40.84499],[-73.81404,40.84492],[-73.81417,40.84479],[-73.81418,40.84475],[-73.81386,40.84483],[-73.81387,40.84485],[-73.81375,40.84488],[-73.81374,40.84485],[-73.8137,40.84486],[-73.81369,40.84484],[-73.8139,40.84478],[-73.81419,40.84473],[-73.81418,40.84469],[-73.81415,40.84461],[-73.81404,40.84451],[-73.81388,40.84446],[-73.81366,40.84445],[-73.81357,40.8444],[-73.81347,40.84427],[-73.81336,40.8439],[-73.8134,40.84376],[-73.81348,40.84366],[-73.81413,40.84358],[-73.81453,40.84346],[-73.81477,40.84346],[-73.815,40.84351],[-73.81511,40.84371],[-73.81522,40.84409],[-73.81555,40.84427],[-73.81559,40.84439],[-73.81567,40.84444],[-73.81617,40.84443],[-73.81631,40.84441],[-73.81632,40.84437],[-73.81625,40.84429],[-73.81626,40.84419],[-73.81633,40.84412],[-73.81644,40.84407],[-73.81651,40.84409],[-73.81655,40.84414],[-73.81661,40.8441],[-73.81674,40.84415],[-73.81699,40.8441],[-73.81709,40.84416],[-73.81709,40.84427],[-73.8175,40.84438],[-73.81824,40.84435],[-73.81818,40.84425],[-73.81819,40.84412],[-73.81809,40.84414],[-73.81793,40.84426],[-73.81769,40.84428],[-73.81756,40.84425],[-73.81743,40.84419],[-73.81719,40.84392],[-73.81669,40.84398],[-73.81663,40.84395],[-73.81661,40.84384],[-73.81645,40.84368],[-73.81637,40.84353],[-73.81635,40.84334],[-73.8162,40.84308],[-73.81615,40.84301],[-73.81591,40.84288],[-73.81572,40.84254],[-73.81517,40.84259],[-73.81517,40.84256],[-73.8157,40.84253],[-73.81562,40.84247],[-73.81542,40.8424],[-73.81541,40.84233],[-73.81555,40.84217],[-73.81559,40.84185],[-73.81553,40.84166],[-73.81533,40.8415],[-73.81526,40.84127],[-73.81523,40.84124],[-73.81476,40.84142],[-73.81473,40.84138],[-73.81522,40.84121],[-73.81524,40.84102],[-73.81509,40.84071],[-73.81506,40.84055],[-73.81491,40.84057],[-73.81491,40.84054],[-73.81505,40.84053],[-73.81497,40.84009],[-73.81481,40.83981],[-73.81437,40.83987],[-73.8148,40.8398],[-73.81477,40.83976],[-73.8147,40.83977],[-73.81472,40.8396],[-73.81432,40.83966],[-73.81431,40.83963],[-73.81472,40.83958],[-73.8147,40.83946],[-73.81478,40.83908],[-73.81551,40.83881],[-73.81554,40.83875],[-73.81565,40.83875],[-73.81576,40.83866],[-73.81592,40.83862],[-73.81602,40.83853],[-73.81629,40.83824],[-73.81634,40.83804],[-73.81629,40.83794],[-73.81645,40.83778],[-73.81648,40.83771],[-73.81637,40.83684],[-73.8163,40.8367],[-73.81616,40.8366],[-73.81621,40.83645],[-73.81606,40.83604],[-73.81585,40.83591],[-73.81557,40.83598],[-73.8155,40.83596],[-73.81554,40.83591],[-73.81568,40.8359],[-73.81606,40.83578],[-73.81607,40.8356],[-73.81601,40.83552],[-73.81558,40.83553],[-73.81561,40.83548],[-73.81596,40.83544],[-73.81608,40.83537],[-73.81611,40.83521],[-73.81609,40.83507],[-73.816,40.83498],[-73.81609,40.83468],[-73.81609,40.8346],[-73.81601,40.83449],[-73.81566,40.8345],[-73.8157,40.83447],[-73.81599,40.8344],[-73.81603,40.83436],[-73.81604,40.83418],[-73.81599,40.83393],[-73.81589,40.83393],[-73.81599,40.83391],[-73.81594,40.83369],[-73.81581,40.83349],[-73.81573,40.83351],[-73.8157,40.83347],[-73.81578,40.83342],[-73.81582,40.83331],[-73.81574,40.83293],[-73.81564,40.83281],[-73.81566,40.83274],[-73.81549,40.83231],[-73.81537,40.83221],[-73.81529,40.83188],[-73.81512,40.83172],[-73.81503,40.83169],[-73.81512,40.83162],[-73.81505,40.83147],[-73.81498,40.83143],[-73.81495,40.8312],[-73.81488,40.83104],[-73.81485,40.83102],[-73.81449,40.83118],[-73.81447,40.83115],[-73.81484,40.83099],[-73.81477,40.83083],[-73.81452,40.83063],[-73.81392,40.83093],[-73.8139,40.83092],[-73.81451,40.83062],[-73.81441,40.8305],[-73.8143,40.83051],[-73.81431,40.83037],[-73.81386,40.83057],[-73.8143,40.83036],[-73.81416,40.83022],[-73.81391,40.83008],[-73.81382,40.82998],[-73.81387,40.82987],[-73.8137,40.82994],[-73.81367,40.8299],[-73.81389,40.82983],[-73.81389,40.82979],[-73.81383,40.82965],[-73.8137,40.82956],[-73.81359,40.82962],[-73.81357,40.8296],[-73.81369,40.82954],[-73.81361,40.82939],[-73.81355,40.82935],[-73.81346,40.8294],[-73.81338,40.8294],[-73.81339,40.82933],[-73.81346,40.8293],[-73.81351,40.82923],[-73.81339,40.82903],[-73.8132,40.82894],[-73.813,40.82899],[-73.8129,40.82896],[-73.813,40.82889],[-73.81318,40.82881],[-73.81316,40.82879],[-73.81305,40.82881],[-73.81306,40.82877],[-73.81315,40.82872],[-73.81313,40.8287],[-73.81304,40.82868],[-73.81294,40.82871],[-73.81284,40.82865],[-73.8128,40.8286],[-73.81287,40.82838],[-73.81276,40.82826],[-73.81107,40.8283],[-73.81002,40.82826],[-73.80993,40.8282],[-73.80998,40.82792],[-73.8101,40.82783],[-73.81024,40.82792],[-73.8103,40.828],[-73.81106,40.82799],[-73.81105,40.82785],[-73.81025,40.82784],[-73.81025,40.82781],[-73.81004,40.82779],[-73.81028,40.82779],[-73.81028,40.82783],[-73.81183,40.82784],[-73.81107,40.82785],[-73.81107,40.82799],[-73.81159,40.82801],[-73.81188,40.82799],[-73.81233,40.82787],[-73.81264,40.82784],[-73.8127,40.82781],[-73.81273,40.82775],[-73.81265,40.82757],[-73.81328,40.82723],[-73.81355,40.82695],[-73.81385,40.82681],[-73.8139,40.82674],[-73.81389,40.82667],[-73.81372,40.82652],[-73.81368,40.82644],[-73.81372,40.82628],[-73.81292,40.82638],[-73.81292,40.82636],[-73.81373,40.82627],[-73.81382,40.82617],[-73.81399,40.82608],[-73.81404,40.82596],[-73.81395,40.82574],[-73.81342,40.82593],[-73.81394,40.82573],[-73.8138,40.82558],[-73.81379,40.8255],[-73.81384,40.8254],[-73.8138,40.82531],[-73.81334,40.82518],[-73.81211,40.82556],[-73.81294,40.82524],[-73.81328,40.82517],[-73.81313,40.82508],[-73.81308,40.82495],[-73.81319,40.82485],[-73.81336,40.82476],[-73.81404,40.82449],[-73.81402,40.82431],[-73.81397,40.8242],[-73.81378,40.82401],[-73.81328,40.82397],[-73.81319,40.82415],[-73.81308,40.82417],[-73.81286,40.82429],[-73.81281,40.82435],[-73.81279,40.82445],[-73.81283,40.82463],[-73.81282,40.82474],[-73.81273,40.82479],[-73.81264,40.82472],[-73.8125,40.82454],[-73.81232,40.82442],[-73.81202,40.82433],[-73.81177,40.82435],[-73.81159,40.8245],[-73.81164,40.82461],[-73.81161,40.82462],[-73.81156,40.82452],[-73.81122,40.82459],[-73.81119,40.82463],[-73.8112,40.8248],[-73.81114,40.82479],[-73.8111,40.82473],[-73.81103,40.82472],[-73.81098,40.82481],[-73.81085,40.82488],[-73.81088,40.82512],[-73.81079,40.82512],[-73.81076,40.82491],[-73.81041,40.82503],[-73.8103,40.82517],[-73.81006,40.82515],[-73.80966,40.82528],[-73.80944,40.8255],[-73.80925,40.82564],[-73.8092,40.82582],[-73.80909,40.82588],[-73.80879,40.82581],[-73.80847,40.82587],[-73.80828,40.82581],[-73.808,40.8258],[-73.80799,40.82584],[-73.80795,40.82583],[-73.80796,40.82579],[-73.80784,40.82578],[-73.80776,40.8258],[-73.80771,40.8259],[-73.80767,40.82591],[-73.80764,40.82584],[-73.80735,40.82564],[-73.80723,40.82546],[-73.80698,40.8254],[-73.807,40.82533],[-73.80697,40.82525],[-73.80682,40.825],[-73.80674,40.82469],[-73.8067,40.82465],[-73.80657,40.82461],[-73.80657,40.82458],[-73.80672,40.82454],[-73.80678,40.82446],[-73.80676,40.82432],[-73.80671,40.82427],[-73.80654,40.82423],[-73.80652,40.82421],[-73.80653,40.82418],[-73.80673,40.82414],[-73.80679,40.824],[-73.80675,40.82384],[-73.80647,40.82381],[-73.80651,40.82377],[-73.80667,40.82373],[-73.80669,40.82369],[-73.80666,40.82343],[-73.8066,40.82335],[-73.80651,40.8233],[-73.80627,40.82335],[-73.80624,40.82332],[-73.80646,40.82323],[-73.80651,40.82316],[-73.80638,40.8229],[-73.8063,40.82284],[-73.80605,40.82292],[-73.80597,40.82292],[-73.80595,40.82289],[-73.80615,40.82283],[-73.80622,40.82275],[-73.80621,40.82262],[-73.80586,40.82191],[-73.80583,40.82178],[-73.80585,40.82156],[-73.80596,40.82144],[-73.80599,40.82083],[-73.80573,40.82019],[-73.80462,40.81904],[-73.80441,40.81884],[-73.80406,40.81858],[-73.80348,40.81829],[-73.80314,40.81825],[-73.80268,40.81825],[-73.80262,40.81828],[-73.80259,40.81843],[-73.80252,40.81853],[-73.80247,40.81855],[-73.8023,40.81849],[-73.8022,40.81855],[-73.80208,40.81857],[-73.80205,40.81855],[-73.80204,40.81847],[-73.80189,40.81837],[-73.80139,40.81823],[-73.80112,40.81811],[-73.80082,40.8181],[-73.80071,40.81805],[-73.80059,40.81794],[-73.80058,40.81771],[-73.80033,40.81757],[-73.7985,40.81691],[-73.79813,40.81682],[-73.79795,40.81663],[-73.79759,40.81652],[-73.79738,40.81577],[-73.79772,40.81552],[-73.79812,40.81571],[-73.79864,40.81547],[-73.79903,40.81555],[-73.79995,40.81446],[-73.80011,40.81403],[-73.80049,40.81388],[-73.80092,40.81377],[-73.80132,40.81327],[-73.80146,40.81295],[-73.80175,40.81287],[-73.80143,40.81243],[-73.80138,40.81245],[-73.80134,40.8124],[-73.80141,40.81237],[-73.80176,40.81287],[-73.80215,40.81278],[-73.80261,40.81252],[-73.80288,40.81246],[-73.80306,40.81246],[-73.80333,40.81251],[-73.80347,40.81257],[-73.80362,40.81253],[-73.80365,40.81261],[-73.80352,40.81293],[-73.80362,40.81297],[-73.80374,40.8128],[-73.80378,40.81282],[-73.80362,40.81305],[-73.80424,40.81365],[-73.80436,40.81362],[-73.80416,40.81374],[-73.80423,40.81367],[-73.80356,40.81305],[-73.80362,40.81298],[-73.80352,40.81294],[-73.80339,40.81314],[-73.80325,40.81321],[-73.80324,40.8133],[-73.80346,40.81334],[-73.80345,40.81336],[-73.80323,40.81332],[-73.80323,40.81337],[-73.80346,40.81341],[-73.80397,40.81397],[-73.80409,40.81396],[-73.80444,40.8143],[-73.80453,40.81426],[-73.80444,40.81433],[-73.80404,40.81397],[-73.80396,40.814],[-73.80343,40.81343],[-73.80322,40.81338],[-73.8032,40.81351],[-73.80352,40.81396],[-73.80418,40.8146],[-73.80432,40.8146],[-73.80439,40.81455],[-73.80443,40.81459],[-73.80433,40.81461],[-73.80436,40.81471],[-73.80472,40.81524],[-73.80503,40.81552],[-73.80515,40.81568],[-73.80585,40.81602],[-73.80596,40.81605],[-73.8062,40.8163],[-73.80629,40.81628],[-73.80642,40.81652],[-73.80655,40.81662],[-73.80658,40.8166],[-73.80631,40.81616],[-73.80612,40.81596],[-73.80545,40.81551],[-73.80538,40.81549],[-73.80508,40.81521],[-73.80456,40.81464],[-73.80454,40.81462],[-73.80466,40.81455],[-73.80468,40.81458],[-73.80459,40.81463],[-73.80528,40.81539],[-73.8061,40.81593],[-73.80633,40.81615],[-73.80661,40.81659],[-73.80671,40.81656],[-73.80672,40.81658],[-73.80658,40.81663],[-73.80661,40.81667],[-73.80693,40.81658],[-73.80654,40.8159],[-73.80694,40.81657],[-73.80705,40.81654],[-73.80695,40.81622],[-73.80677,40.81598],[-73.80663,40.81569],[-73.80658,40.81574],[-73.8064,40.81571],[-73.80641,40.81567],[-73.80657,40.8157],[-73.80662,40.81568],[-73.80663,40.8156],[-73.80641,40.81539],[-73.80569,40.81504],[-73.80564,40.81477],[-73.80546,40.81469],[-73.80558,40.81455],[-73.80557,40.81451],[-73.80543,40.81441],[-73.80545,40.81431],[-73.80542,40.81425],[-73.80541,40.81381],[-73.80548,40.81369],[-73.80542,40.81354],[-73.80545,40.81338],[-73.80532,40.81324],[-73.80536,40.81314],[-73.80527,40.81285],[-73.80503,40.81262],[-73.80507,40.81241],[-73.805,40.81221],[-73.80492,40.81213],[-73.80477,40.81204],[-73.80458,40.81213],[-73.80439,40.81202],[-73.80409,40.81213],[-73.80406,40.81208],[-73.80391,40.81212],[-73.80337,40.81155],[-73.80324,40.81125],[-73.80318,40.81088],[-73.80293,40.81055],[-73.80258,40.81029],[-73.80235,40.81005],[-73.80215,40.81003],[-73.80213,40.8101],[-73.80136,40.81072],[-73.80116,40.8106],[-73.80101,40.81072],[-73.80124,40.81049],[-73.80147,40.81015],[-73.80011,40.80972],[-73.79854,40.8096],[-73.79376,40.80746],[-73.79229,40.80686],[-73.79166,40.80689],[-73.79149,40.80694],[-73.7914,40.80701],[-73.79131,40.80711],[-73.7913,40.80718],[-73.79136,40.80726],[-73.79159,40.80742],[-73.79152,40.8075],[-73.79144,40.80751],[-73.79087,40.80735],[-73.79074,40.80698],[-73.79074,40.8066],[-73.79043,40.80633],[-73.79025,40.80603],[-73.79013,40.80578],[-73.79006,40.80542],[-73.79015,40.80509],[-73.79029,40.80483],[-73.79057,40.80457],[-73.79104,40.80427],[-73.7917,40.80413],[-73.79206,40.80411],[-73.79225,40.804],[-73.79285,40.80418],[-73.79339,40.80421],[-73.79352,40.80427],[-73.79359,40.80438],[-73.79366,40.80439],[-73.79401,40.80465],[-73.79402,40.80484],[-73.79452,40.80501],[-73.7948,40.80537],[-73.79505,40.80562],[-73.79532,40.80585],[-73.79578,40.80617],[-73.79584,40.80618],[-73.79601,40.80593],[-73.79619,40.80601],[-73.79621,40.80598],[-73.7965,40.80611],[-73.79637,40.80629],[-73.79703,40.80635],[-73.79792,40.80672],[-73.79885,40.80719],[-73.80054,40.80841],[-73.80132,40.80879],[-73.80145,40.80888],[-73.80145,40.80892],[-73.8016,40.80899],[-73.80222,40.80915],[-73.80278,40.80913],[-73.8036,40.80877],[-73.80368,40.80859],[-73.80373,40.80854],[-73.80381,40.80852],[-73.80393,40.80854],[-73.80406,40.80876],[-73.80468,40.80923],[-73.80502,40.80945],[-73.80506,40.80937],[-73.80512,40.80941],[-73.80504,40.80946],[-73.80567,40.80981],[-73.80622,40.81006],[-73.80714,40.81067],[-73.8076,40.81128],[-73.80823,40.8119],[-73.80894,40.81242],[-73.80933,40.81265],[-73.80992,40.81294],[-73.81027,40.81301],[-73.81043,40.81299],[-73.8106,40.81295],[-73.81067,40.81277],[-73.81079,40.81278],[-73.81088,40.81289],[-73.81108,40.81289],[-73.81121,40.81299],[-73.81133,40.81302],[-73.81173,40.81306],[-73.81177,40.81305],[-73.81185,40.81295],[-73.81194,40.81304],[-73.81277,40.81317],[-73.81314,40.81334],[-73.81347,40.8134],[-73.8136,40.81333],[-73.81358,40.81337],[-73.8136,40.81339],[-73.814,40.81356],[-73.81443,40.81353],[-73.81446,40.81297],[-73.81437,40.81297],[-73.81437,40.81294],[-73.8145,40.81292],[-73.81453,40.81295],[-73.81462,40.81298],[-73.8145,40.81297],[-73.81448,40.81353],[-73.81502,40.81355],[-73.81566,40.81352],[-73.81576,40.81358],[-73.81588,40.81378],[-73.8162,40.81386],[-73.81648,40.81386],[-73.81668,40.81381],[-73.81675,40.81372],[-73.81737,40.81358],[-73.81736,40.81338],[-73.81739,40.81358],[-73.81792,40.81355],[-73.81794,40.81331],[-73.81798,40.81331],[-73.81796,40.81355],[-73.81804,40.81354],[-73.81808,40.81353],[-73.81809,40.81348],[-73.8182,40.8135],[-73.81875,40.81343],[-73.81947,40.81325],[-73.81982,40.81319],[-73.82007,40.81305],[-73.82011,40.81287],[-73.82039,40.81285],[-73.82041,40.81298],[-73.82048,40.81303],[-73.82056,40.81303],[-73.82049,40.81284],[-73.82045,40.81285],[-73.82041,40.81278],[-73.82046,40.81277],[-73.82044,40.81272],[-73.82029,40.81246],[-73.82025,40.81244],[-73.82107,40.81221],[-73.82108,40.81223],[-73.82032,40.81245],[-73.82042,40.81265],[-73.82113,40.81246],[-73.82044,40.81267],[-73.82048,40.81276],[-73.82054,40.81275],[-73.82056,40.81282],[-73.82053,40.81283],[-73.82059,40.81303],[-73.82118,40.81296],[-73.82126,40.81291],[-73.82123,40.81286],[-73.82141,40.81288],[-73.8214,40.81285],[-73.82146,40.81283],[-73.82142,40.81271],[-73.82152,40.81286],[-73.82162,40.81284],[-73.82169,40.81278],[-73.82166,40.81268],[-73.8217,40.81267],[-73.82176,40.81278],[-73.82197,40.81276],[-73.82211,40.81271],[-73.82209,40.81264],[-73.82213,40.81263],[-73.82218,40.81269],[-73.82228,40.81267],[-73.82214,40.81237],[-73.82217,40.81236],[-73.82231,40.81267],[-73.82264,40.81258],[-73.82273,40.81251],[-73.82308,40.81246],[-73.8234,40.81236],[-73.82345,40.81233],[-73.82348,40.8122],[-73.82356,40.81228],[-73.82362,40.81228],[-73.82409,40.81217],[-73.82506,40.81184],[-73.82481,40.81145],[-73.82493,40.81155],[-73.82492,40.81158],[-73.82508,40.81183],[-73.82524,40.81177],[-73.82488,40.81128],[-73.82492,40.81127],[-73.82527,40.81176],[-73.82549,40.81167],[-73.82521,40.81123],[-73.82523,40.81122],[-73.82551,40.81166],[-73.82565,40.8116],[-73.82533,40.81105],[-73.82536,40.81104],[-73.82567,40.81159],[-73.82577,40.81156],[-73.8256,40.81125],[-73.82563,40.81123],[-73.8255,40.81104],[-73.82554,40.81102],[-73.82581,40.81154],[-73.82593,40.81149],[-73.82577,40.81122],[-73.8258,40.81121],[-73.82596,40.81148],[-73.82608,40.81141],[-73.82612,40.81131],[-73.82621,40.81129],[-73.82725,40.81144],[-73.82803,40.81146],[-73.82861,40.8114],[-73.82917,40.81127],[-73.82969,40.81109],[-73.83018,40.81085],[-73.83048,40.81066],[-73.83096,40.81028],[-73.83138,40.80987],[-73.83162,40.80958],[-73.83184,40.80927],[-73.83218,40.80817],[-73.83221,40.80784],[-73.83214,40.80742],[-73.83194,40.80701],[-73.83162,40.80665],[-73.83165,40.80617],[-73.8314,40.80518],[-73.83161,40.80504],[-73.83162,40.80495],[-73.83302,40.80498],[-73.83354,40.80504],[-73.83432,40.80517],[-73.83507,40.80537],[-73.83589,40.80567],[-73.83691,40.80594],[-73.83744,40.80621],[-73.83806,40.80705],[-73.83805,40.80757],[-73.83814,40.80794],[-73.83825,40.80819],[-73.83839,40.80842],[-73.83848,40.8085],[-73.83862,40.80887],[-73.8389,40.80932],[-73.83897,40.80952],[-73.83919,40.80975],[-73.83945,40.81024],[-73.83957,40.81038],[-73.83997,40.81102],[-73.84009,40.81127],[-73.84026,40.81145],[-73.8403,40.81171],[-73.84026,40.81204],[-73.84033,40.81232],[-73.8404,40.81241],[-73.84043,40.81255],[-73.8403,40.81286],[-73.84033,40.81314],[-73.84027,40.81329],[-73.84002,40.81363],[-73.83988,40.81379],[-73.83966,40.81393],[-73.83963,40.81402],[-73.83965,40.81423],[-73.83959,40.81434],[-73.83957,40.8145],[-73.83953,40.81519],[-73.83962,40.81539],[-73.83961,40.81561],[-73.83954,40.81583],[-73.8396,40.816],[-73.83971,40.81618],[-73.83977,40.81655],[-73.83987,40.81666],[-73.83997,40.81671],[-73.84019,40.8172],[-73.84007,40.81756],[-73.84009,40.81781],[-73.83998,40.81804],[-73.83982,40.81819],[-73.83921,40.8189],[-73.83893,40.81901],[-73.83879,40.81954],[-73.83868,40.8196],[-73.83881,40.81975],[-73.83907,40.81981],[-73.83906,40.81999],[-73.839,40.82017],[-73.839,40.82071],[-73.83893,40.82134],[-73.83901,40.82196],[-73.83892,40.82205],[-73.83888,40.82215],[-73.83891,40.82222],[-73.83907,40.82226],[-73.83906,40.82233],[-73.83901,40.82239],[-73.83906,40.82241],[-73.83905,40.8227],[-73.83921,40.82288],[-73.83946,40.82293],[-73.83953,40.82305],[-73.83946,40.82317],[-73.8395,40.82323],[-73.83945,40.82327],[-73.83958,40.82344],[-73.83963,40.82369],[-73.83961,40.82387],[-73.83974,40.82412],[-73.84004,40.82423],[-73.84013,40.82433],[-73.84027,40.82477],[-73.84067,40.82548],[-73.84111,40.82616],[-73.84115,40.82636],[-73.84132,40.82677],[-73.84147,40.82697],[-73.84194,40.82789],[-73.84222,40.82835],[-73.84233,40.82908],[-73.84223,40.82984],[-73.84189,40.83072],[-73.84085,40.83176],[-73.84075,40.83179],[-73.84025,40.83221],[-73.83944,40.83299],[-73.83918,40.83316],[-73.839,40.83339],[-73.83885,40.8337],[-73.83882,40.83397],[-73.83893,40.83444],[-73.83897,40.83501],[-73.83904,40.8353],[-73.83905,40.83559],[-73.83909,40.83573],[-73.83924,40.83675],[-73.83919,40.83712],[-73.83926,40.83721],[-73.83922,40.8374],[-73.83929,40.83784],[-73.83929,40.83805],[-73.83916,40.83847],[-73.83919,40.83872],[-73.83936,40.83881],[-73.83959,40.83881],[-73.83972,40.83957],[-73.8403,40.83953],[-73.84028,40.83921],[-73.84016,40.83907],[-73.84011,40.83886],[-73.84003,40.83887],[-73.84003,40.83896],[-73.84001,40.83885],[-73.8401,40.83884],[-73.84007,40.83876],[-73.84014,40.83862],[-73.83996,40.83829],[-73.84,40.83826],[-73.83992,40.83783],[-73.83985,40.83783],[-73.83984,40.83791],[-73.83983,40.8377],[-73.83985,40.8378],[-73.83992,40.83779],[-73.83995,40.83759],[-73.83989,40.837],[-73.83984,40.83677],[-73.83986,40.83669],[-73.83984,40.83612],[-73.83976,40.83614],[-73.83976,40.8363],[-73.83973,40.83614],[-73.83969,40.83611],[-73.83967,40.83614],[-73.83966,40.83608],[-73.83983,40.83606],[-73.83982,40.83602],[-73.83971,40.83603],[-73.83982,40.83601],[-73.83982,40.83597],[-73.83973,40.83597],[-73.83982,40.83595],[-73.83981,40.8359],[-73.83976,40.8359],[-73.83981,40.83588],[-73.8398,40.83582],[-73.83965,40.83584],[-73.83968,40.83607],[-73.8396,40.83568],[-73.83966,40.83581],[-73.8398,40.8358],[-73.83979,40.83575],[-73.83966,40.83575],[-73.83979,40.83573],[-73.83978,40.83568],[-73.83968,40.83568],[-73.83978,40.83567],[-73.8398,40.83563],[-73.83962,40.83562],[-73.8397,40.83558],[-73.83969,40.83552],[-73.8396,40.83553],[-73.83967,40.8355],[-73.83967,40.83547],[-73.83958,40.83547],[-73.83967,40.83545],[-73.83965,40.83539],[-73.83957,40.8354],[-73.83956,40.83539],[-73.83964,40.83537],[-73.83963,40.83533],[-73.83955,40.83533],[-73.83962,40.83531],[-73.8396,40.83525],[-73.83953,40.83525],[-73.83962,40.83523],[-73.83961,40.83518],[-73.83951,40.83518],[-73.8396,40.83517],[-73.83959,40.83511],[-73.83951,40.83511],[-73.8396,40.8351],[-73.83958,40.83504],[-73.83946,40.83504],[-73.83946,40.83501],[-73.83957,40.83499],[-73.83956,40.83494],[-73.83948,40.83494],[-73.83955,40.83492],[-73.83955,40.83487],[-73.83946,40.83486],[-73.83962,40.83484],[-73.83962,40.83481],[-73.83948,40.83483],[-73.83962,40.83479],[-73.8396,40.83475],[-73.83947,40.83476],[-73.83961,40.83474],[-73.8396,40.83471],[-73.83947,40.83473],[-73.83941,40.83461],[-73.83959,40.83457],[-73.83953,40.83438],[-73.83959,40.83405],[-73.83992,40.83333],[-73.84018,40.83305],[-73.84182,40.83173],[-73.84221,40.83156],[-73.84235,40.83131],[-73.84253,40.83113],[-73.84276,40.83083],[-73.8427,40.83075],[-73.84294,40.83013],[-73.84305,40.83011],[-73.8431,40.83003],[-73.8431,40.82997],[-73.84302,40.82997],[-73.84305,40.82977],[-73.84311,40.8298],[-73.84304,40.82932],[-73.84304,40.82894],[-73.8429,40.82858],[-73.84272,40.82828],[-73.84265,40.82792],[-73.84257,40.82775],[-73.84253,40.82754],[-73.84248,40.82749],[-73.84246,40.82738],[-73.84232,40.82719],[-73.84208,40.82655],[-73.84203,40.82656],[-73.84171,40.82578],[-73.84176,40.82576],[-73.8412,40.82483],[-73.84108,40.82453],[-73.84101,40.82425],[-73.84087,40.82416],[-73.84045,40.82335],[-73.84042,40.82328],[-73.84043,40.82312],[-73.84047,40.82309],[-73.84013,40.82243],[-73.84011,40.82231],[-73.84002,40.8222],[-73.84003,40.82208],[-73.83996,40.82201],[-73.83999,40.82193],[-73.83983,40.82158],[-73.83991,40.82116],[-73.83986,40.82102],[-73.83988,40.82091],[-73.83999,40.8208],[-73.84,40.82069],[-73.84005,40.82062],[-73.8401,40.82033],[-73.84006,40.82024],[-73.83997,40.82019],[-73.84,40.81994],[-73.84015,40.81983],[-73.84029,40.81982],[-73.84023,40.81974],[-73.84029,40.81963],[-73.84037,40.81959],[-73.84052,40.81955],[-73.84062,40.81956],[-73.8407,40.81949],[-73.84081,40.81945],[-73.84084,40.81936],[-73.84092,40.81935],[-73.84105,40.81924],[-73.84129,40.81916],[-73.84157,40.81895],[-73.84189,40.81886],[-73.84199,40.81878],[-73.84213,40.81847],[-73.84214,40.81827],[-73.8421,40.81807],[-73.84238,40.8175],[-73.8428,40.81695],[-73.84289,40.81674],[-73.84307,40.81657],[-73.84304,40.81639],[-73.84315,40.81628],[-73.84317,40.81606],[-73.84345,40.81571],[-73.84358,40.81548],[-73.84374,40.81533],[-73.84377,40.81515],[-73.84419,40.81434],[-73.84418,40.81419],[-73.84439,40.81365],[-73.84487,40.81276],[-73.84521,40.8119],[-73.84528,40.81179],[-73.84537,40.81176],[-73.84547,40.81177],[-73.84577,40.81159],[-73.84591,40.81134],[-73.84617,40.81068],[-73.84689,40.81053],[-73.8472,40.81059],[-73.84747,40.81091],[-73.84758,40.81129],[-73.8477,40.81146],[-73.84822,40.81247],[-73.84876,40.81291],[-73.84939,40.81325],[-73.85005,40.8135],[-73.85041,40.81359],[-73.8506,40.81394],[-73.85159,40.81431],[-73.85179,40.81431],[-73.85198,40.81435],[-73.85219,40.8143],[-73.85244,40.81431],[-73.85239,40.81443],[-73.85225,40.81448],[-73.85226,40.8145],[-73.85244,40.81446],[-73.85253,40.81453],[-73.85262,40.81453],[-73.8528,40.81445],[-73.85295,40.81458],[-73.85301,40.81459],[-73.8529,40.81448],[-73.85284,40.81435],[-73.85266,40.81435],[-73.85267,40.81425],[-73.85265,40.81418],[-73.85267,40.81412],[-73.85262,40.81407],[-73.85266,40.81397],[-73.85298,40.81388],[-73.85295,40.81386],[-73.85295,40.81374],[-73.85288,40.81372],[-73.85292,40.8137],[-73.85337,40.8136],[-73.85374,40.81365],[-73.85435,40.81387],[-73.85484,40.8141],[-73.85515,40.81438],[-73.85532,40.81442],[-73.85538,40.8143],[-73.85532,40.81417],[-73.85505,40.81408],[-73.85471,40.81385],[-73.85443,40.81373],[-73.85347,40.81349],[-73.85313,40.81354],[-73.85256,40.81374],[-73.85206,40.81373],[-73.85136,40.81356],[-73.8512,40.81356],[-73.8509,40.81344],[-73.85029,40.81304],[-73.84965,40.81276],[-73.84937,40.81255],[-73.84915,40.81231],[-73.84903,40.81213],[-73.84906,40.81191],[-73.84924,40.81151],[-73.84934,40.81141],[-73.84939,40.8113],[-73.84938,40.81124],[-73.84925,40.81113],[-73.84917,40.81093],[-73.84925,40.81079],[-73.84942,40.8106],[-73.84953,40.81029],[-73.84971,40.81015],[-73.8498,40.81004],[-73.84984,40.80983],[-73.84991,40.80967],[-73.84977,40.80968],[-73.84976,40.80965],[-73.84992,40.80963],[-73.85002,40.80926],[-73.84985,40.80926],[-73.85004,40.80922],[-73.84998,40.80903],[-73.84997,40.80888],[-73.84975,40.80892],[-73.84973,40.80888],[-73.84996,40.80884],[-73.84995,40.80872],[-73.84956,40.80875],[-73.84955,40.80873],[-73.84995,40.8087],[-73.84997,40.80859],[-73.84988,40.80848],[-73.8499,40.80842],[-73.84987,40.80835],[-73.84979,40.80832],[-73.84973,40.80821],[-73.84961,40.80813],[-73.84876,40.80835],[-73.84871,40.80825],[-73.84952,40.80806],[-73.84946,40.80803],[-73.84945,40.80796],[-73.84939,40.80789],[-73.84878,40.80764],[-73.84842,40.80738],[-73.84828,40.80686],[-73.8484,40.80653],[-73.84838,40.80637],[-73.84828,40.80625],[-73.84812,40.80614],[-73.84764,40.80602],[-73.84754,40.80593],[-73.84749,40.80546],[-73.84753,40.80534],[-73.84767,40.80517],[-73.84808,40.80493],[-73.8484,40.80487],[-73.84856,40.8048],[-73.84865,40.80471],[-73.8487,40.80474],[-73.84871,40.80487],[-73.84874,40.8049],[-73.8488,40.80491],[-73.84884,40.8048],[-73.84895,40.80477],[-73.84903,40.80481],[-73.84922,40.80503],[-73.84934,40.80506],[-73.84932,40.80467],[-73.84941,40.80468],[-73.84943,40.80507],[-73.84982,40.8051],[-73.84998,40.80507],[-73.85006,40.80487],[-73.85015,40.80454],[-73.85065,40.80449],[-73.85119,40.8045],[-73.85148,40.80461],[-73.85205,40.80461],[-73.85407,40.80447],[-73.8546,40.80456],[-73.8548,40.80456],[-73.85539,40.80447],[-73.85586,40.80452],[-73.85605,40.8046],[-73.85663,40.80484],[-73.85662,40.80487],[-73.85658,40.80494],[-73.8564,40.80496],[-73.85593,40.80473],[-73.85581,40.80469],[-73.85569,40.80468],[-73.85562,40.80471],[-73.85556,40.80479],[-73.85561,40.80507],[-73.85613,40.80529],[-73.85653,40.80525],[-73.85688,40.8053],[-73.85695,40.80528],[-73.85712,40.80534],[-73.85725,40.80532],[-73.85722,40.80525],[-73.85713,40.80519],[-73.85668,40.805],[-73.85668,40.80496],[-73.85684,40.80492],[-73.85813,40.80547],[-73.85889,40.8059],[-73.85891,40.80596],[-73.85883,40.806],[-73.85851,40.80583],[-73.85845,40.80596],[-73.85832,40.80601],[-73.85831,40.80607],[-73.85838,40.80616],[-73.85839,40.80642],[-73.8585,40.80643],[-73.85852,40.80665],[-73.85861,40.80671],[-73.85894,40.80668],[-73.85902,40.80662],[-73.85909,40.80649],[-73.85908,40.80642],[-73.85886,40.80604],[-73.85888,40.806],[-73.85897,40.80597],[-73.8592,40.80628],[-73.85937,40.80668],[-73.8594,40.80754],[-73.85938,40.80758],[-73.85926,40.80755],[-73.85922,40.80704],[-73.85916,40.80689],[-73.85908,40.80685],[-73.85867,40.80684],[-73.85839,40.80827],[-73.85878,40.80924],[-73.85895,40.81028],[-73.85908,40.80998],[-73.85947,40.80991],[-73.85955,40.80983],[-73.85967,40.80981],[-73.86013,40.80961],[-73.86003,40.8095],[-73.85996,40.80949],[-73.85992,40.80941],[-73.85975,40.80929],[-73.85954,40.80903],[-73.85933,40.809],[-73.85942,40.80887],[-73.85932,40.80822],[-73.85939,40.80817],[-73.85945,40.8082],[-73.85961,40.80879],[-73.85982,40.80912],[-73.85997,40.80927],[-73.86024,40.80946],[-73.86066,40.80964],[-73.86265,40.81002],[-73.8644,40.81028],[-73.86766,40.81059],[-73.86869,40.81186],[-73.86977,40.81343],[-73.87078,40.8145],[-73.87172,40.81493],[-73.87652,40.81614],[-73.87673,40.81539],[-73.87447,40.81465],[-73.8725,40.8139],[-73.8724,40.81398],[-73.87233,40.81393],[-73.87244,40.81386],[-73.87219,40.81368],[-73.8721,40.81375],[-73.87204,40.81369],[-73.87213,40.81363],[-73.87181,40.81332],[-73.87166,40.81326],[-73.87096,40.81215],[-73.87057,40.8121],[-73.87047,40.81147],[-73.87055,40.81125],[-73.86811,40.80676],[-73.86846,40.80594],[-73.86979,40.80413],[-73.87152,40.80188],[-73.87161,40.80192],[-73.8717,40.80181],[-73.8716,40.80176],[-73.87175,40.80156],[-73.87355,40.80086],[-73.87468,40.80099],[-73.87473,40.80126],[-73.87527,40.80141],[-73.87586,40.80146],[-73.87593,40.80109],[-73.87814,40.80133],[-73.87808,40.80167],[-73.87799,40.80166],[-73.87797,40.80172],[-73.87817,40.80256],[-73.87824,40.80266],[-73.87893,40.80278],[-73.87921,40.8028],[-73.87963,40.80275],[-73.88006,40.80277],[-73.88092,40.80257],[-73.88245,40.80236],[-73.88243,40.80227],[-73.88252,40.80226],[-73.88254,40.80234],[-73.8837,40.80217],[-73.88384,40.80212],[-73.88394,40.80204],[-73.88397,40.80197],[-73.88378,40.80194],[-73.88369,40.80195],[-73.88368,40.80189],[-73.88372,40.80187],[-73.88378,40.80188],[-73.88379,40.80193],[-73.88397,40.80197],[-73.88399,40.80191],[-73.88505,40.80214],[-73.88515,40.80227],[-73.88527,40.80229],[-73.88537,40.80227],[-73.8854,40.80231],[-73.88533,40.80236],[-73.88528,40.80235],[-73.88526,40.80231],[-73.88516,40.80228],[-73.88526,40.80242],[-73.8856,40.80257],[-73.88592,40.80281],[-73.88617,40.80318],[-73.88673,40.80354],[-73.88727,40.80396],[-73.88738,40.80412],[-73.88725,40.80419],[-73.8874,40.80438],[-73.88753,40.80441],[-73.88771,40.80462],[-73.88763,40.80468],[-73.88796,40.80501],[-73.88859,40.8048],[-73.88907,40.80503],[-73.88928,40.80522],[-73.88937,40.80539],[-73.88934,40.8056],[-73.88922,40.80569],[-73.8892,40.80582],[-73.88923,40.80585],[-73.89,40.80489],[-73.89015,40.80497],[-73.88938,40.80593],[-73.88955,40.80582],[-73.88982,40.80589],[-73.88996,40.80572],[-73.89006,40.80571],[-73.89044,40.8058],[-73.89058,40.80588],[-73.8915,40.80594],[-73.89144,40.80567],[-73.89179,40.80563],[-73.89198,40.80639],[-73.89271,40.80635],[-73.89253,40.80566],[-73.89227,40.80571],[-73.89217,40.80531],[-73.89127,40.80502],[-73.89129,40.80498],[-73.8917,40.80512],[-73.89173,40.80506],[-73.89187,40.8051],[-73.89183,40.80517],[-73.8922,40.80529],[-73.8923,40.80567],[-73.89257,40.80563],[-73.89275,40.80635],[-73.89316,40.80632],[-73.89331,40.80635],[-73.89338,40.80631],[-73.89372,40.80626],[-73.89422,40.80627],[-73.89463,40.80624],[-73.89458,40.80605],[-73.89473,40.80603],[-73.89478,40.80622],[-73.89486,40.80622],[-73.89473,40.80575],[-73.89484,40.80573],[-73.8951,40.80687],[-73.89529,40.80685],[-73.89546,40.80661],[-73.89551,40.8066],[-73.89528,40.80577],[-73.89531,40.80578],[-73.89541,40.80597],[-73.89559,40.80659],[-73.89572,40.80657],[-73.89567,40.8063],[-73.89575,40.80629],[-73.89583,40.80646],[-73.89584,40.80655],[-73.89598,40.80653],[-73.89588,40.80607],[-73.89579,40.80584],[-73.89588,40.80582],[-73.89611,40.8065],[-73.89623,40.80649],[-73.8962,40.80625],[-73.89623,40.80622],[-73.89709,40.80613],[-73.89715,40.8061],[-73.89718,40.80605],[-73.89726,40.80605],[-73.89731,40.80609],[-73.89739,40.80623],[-73.8975,40.80622],[-73.89748,40.80601],[-73.89742,40.80581],[-73.89749,40.8058],[-73.89764,40.80621],[-73.89776,40.8062],[-73.89773,40.80598],[-73.8978,40.80597],[-73.89788,40.80619],[-73.89801,40.80617],[-73.89799,40.80594],[-73.89787,40.80554],[-73.89794,40.80553],[-73.89816,40.80615],[-73.8983,40.80611],[-73.89828,40.80587],[-73.89812,40.80576],[-73.89813,40.80566],[-73.89819,40.80563],[-73.89823,40.80558],[-73.89821,40.80556],[-73.89829,40.80555],[-73.89853,40.80544],[-73.89971,40.80522],[-73.89974,40.80518],[-73.90053,40.80502],[-73.90097,40.80488],[-73.90126,40.80489],[-73.9018,40.8048],[-73.90205,40.80479],[-73.90213,40.80483],[-73.90218,40.80496],[-73.90222,40.80496],[-73.9022,40.8048],[-73.90232,40.80461],[-73.90229,40.80457],[-73.90245,40.80443],[-73.90252,40.80447],[-73.90293,40.80421],[-73.90288,40.80417],[-73.90271,40.80417],[-73.90291,40.80415],[-73.90306,40.80403],[-73.90297,40.80395],[-73.903,40.80393],[-73.90309,40.80401],[-73.90321,40.80391],[-73.90326,40.80394],[-73.90334,40.80386],[-73.90332,40.80378],[-73.90334,40.80378],[-73.90336,40.80387],[-73.9034,40.80388],[-73.90373,40.80378],[-73.90367,40.80371],[-73.90369,40.8037],[-73.90377,40.80376],[-73.90393,40.80364],[-73.90385,40.80358],[-73.90387,40.80357],[-73.90395,40.80363],[-73.90407,40.80353],[-73.90402,40.80348],[-73.9041,40.80342],[-73.90415,40.80346],[-73.90453,40.80318],[-73.90496,40.80273],[-73.90512,40.80247],[-73.90549,40.8021],[-73.90552,40.80203],[-73.90602,40.80156],[-73.90606,40.80159],[-73.90621,40.8015],[-73.90652,40.80118],[-73.90639,40.8011],[-73.90645,40.80105],[-73.90659,40.80112],[-73.90682,40.8009],[-73.9067,40.80083],[-73.90747,40.80001],[-73.90763,40.79994],[-73.90794,40.79964],[-73.90802,40.79964],[-73.90808,40.79958],[-73.90779,40.7995],[-73.90766,40.79943],[-73.90768,40.7994],[-73.90785,40.79948],[-73.9081,40.79955],[-73.90817,40.79947],[-73.90796,40.79929],[-73.90803,40.79925],[-73.90842,40.79945],[-73.90855,40.79932],[-73.90826,40.7991],[-73.90824,40.79903],[-73.9083,40.79897],[-73.90964,40.79795],[-73.90968,40.79797],[-73.9098,40.79788],[-73.90985,40.79791],[-73.90995,40.79784],[-73.91014,40.7976],[-73.91047,40.79734],[-73.91072,40.7972],[-73.91089,40.79703],[-73.9111,40.7969],[-73.91169,40.79663],[-73.91209,40.79666],[-73.91224,40.79672],[-73.91372,40.7968],[-73.91513,40.79737],[-73.91617,40.79784],[-73.91903,40.79899],[-73.92024,40.79962],[-73.92044,40.79981],[-73.92078,40.80028],[-73.92133,40.80129],[-73.92204,40.80189],[-73.92293,40.80238],[-73.92359,40.80252],[-73.92423,40.80255],[-73.92666,40.80242],[-73.92763,40.8027],[-73.92751,40.80294],[-73.92731,40.80322],[-73.92744,40.80329],[-73.92728,40.80352],[-73.92765,40.804],[-73.92811,40.80402],[-73.92821,40.80406],[-73.92834,40.80425],[-73.92873,40.80411],[-73.93006,40.80591],[-73.93054,40.80648],[-73.93052,40.8066],[-73.93116,40.80714],[-73.93189,40.8079],[-73.93228,40.80837],[-73.93253,40.80883],[-73.93264,40.80939],[-73.9326,40.81006],[-73.93287,40.81013],[-73.93288,40.81042],[-73.93269,40.81059],[-73.93268,40.81081],[-73.93257,40.81089],[-73.93263,40.81191],[-73.93238,40.81466],[-73.93234,40.81469],[-73.93233,40.81497],[-73.93237,40.81504],[-73.93234,40.81764],[-73.93238,40.8196],[-73.93246,40.82113],[-73.9324,40.82115],[-73.93243,40.82158],[-73.93247,40.82159],[-73.93251,40.82215],[-73.93247,40.82216],[-73.9325,40.82259],[-73.93255,40.82261],[-73.93258,40.82305],[-73.93254,40.82308],[-73.93258,40.82349],[-73.93261,40.8235],[-73.93267,40.82409],[-73.93262,40.8241],[-73.93266,40.82455],[-73.93271,40.82457],[-73.93278,40.82562],[-73.93296,40.82693],[-73.93306,40.82809],[-73.93348,40.83123],[-73.93355,40.83152],[-73.93361,40.8328],[-73.93349,40.83328],[-73.93346,40.83365],[-73.9332,40.83478],[-73.93314,40.8352],[-73.933,40.83569],[-73.93266,40.83648],[-73.93236,40.837],[-73.93187,40.83765],[-73.93096,40.83926],[-73.93082,40.83944],[-73.93075,40.83962],[-73.93052,40.83994],[-73.93043,40.84024],[-73.93048,40.84047],[-73.9304,40.84062],[-73.93037,40.84063],[-73.92959,40.84209],[-73.92958,40.84228],[-73.92938,40.84248],[-73.9292,40.84283],[-73.92919,40.84321],[-73.92862,40.84469],[-73.92828,40.84498],[-73.92805,40.84547],[-73.92787,40.84561],[-73.92767,40.84604],[-73.92764,40.84603],[-73.92755,40.8461],[-73.92742,40.84626],[-73.92734,40.84647],[-73.92694,40.84693],[-73.92688,40.84705],[-73.92683,40.8473],[-73.92663,40.8474],[-73.92631,40.84788],[-73.92603,40.84808],[-73.92594,40.84828],[-73.92577,40.84843],[-73.92466,40.84979],[-73.92445,40.8501],[-73.92423,40.85058],[-73.92409,40.85075],[-73.92385,40.85119],[-73.92395,40.85123],[-73.92256,40.8532],[-73.92174,40.85423],[-73.92154,40.85413],[-73.92134,40.85433],[-73.92152,40.85452],[-73.9208,40.85539],[-73.92037,40.85518],[-73.9203,40.85525],[-73.92057,40.85552],[-73.92053,40.85569],[-73.9203,40.85585],[-73.92031,40.85594],[-73.91957,40.85685],[-73.91811,40.85832],[-73.91776,40.85872],[-73.91721,40.85894],[-73.91581,40.86048],[-73.91576,40.86065],[-73.91488,40.8617],[-73.91481,40.86172],[-73.91472,40.86186],[-73.91482,40.86191],[-73.91467,40.86199],[-73.91461,40.86206],[-73.91462,40.8621],[-73.91342,40.86338],[-73.91276,40.86304],[-73.91227,40.86364],[-73.9128,40.86391],[-73.91275,40.86395],[-73.91253,40.8638],[-73.91268,40.86403],[-73.91091,40.86595],[-73.91042,40.86658],[-73.91035,40.86675],[-73.91036,40.86689],[-73.91018,40.8672],[-73.9095,40.86884],[-73.90928,40.86956],[-73.90894,40.87103],[-73.90865,40.87139],[-73.90893,40.87217],[-73.90872,40.87224],[-73.90847,40.87263],[-73.90774,40.87285],[-73.90747,40.87356],[-73.90709,40.87433],[-73.90692,40.87506],[-73.90665,40.87576],[-73.90683,40.87664],[-73.90704,40.8769],[-73.90765,40.87744],[-73.90836,40.87793],[-73.90906,40.8785],[-73.9095,40.87879],[-73.91033,40.87905],[-73.91149,40.87903],[-73.91206,40.87813],[-73.91485,40.87668],[-73.91579,40.87573],[-73.91726,40.87582],[-73.91776,40.87567],[-73.91784,40.87575],[-73.91799,40.87581],[-73.91825,40.87583],[-73.91828,40.87586],[-73.91833,40.87585],[-73.91908,40.87607],[-73.91979,40.87643],[-73.91978,40.87651],[-73.91997,40.87656],[-73.92007,40.87664],[-73.92006,40.87667],[-73.92016,40.87673],[-73.92026,40.87696],[-73.92207,40.87858],[-73.92223,40.87865],[-73.92249,40.87871],[-73.92249,40.87875],[-73.92259,40.87878],[-73.92274,40.87891],[-73.92295,40.87896],[-73.92309,40.87891],[-73.92319,40.87894],[-73.92331,40.87892],[-73.9238,40.879],[-73.9239,40.87898],[-73.92404,40.87903],[-73.92418,40.87901],[-73.92452,40.87907],[-73.92458,40.87901],[-73.92466,40.87902],[-73.92468,40.87897],[-73.92478,40.87891],[-73.9249,40.8789],[-73.92381,40.88033],[-73.92183,40.88452],[-73.92039,40.88766],[-73.91888,40.89161],[-73.918,40.89402],[-73.91782,40.89442],[-73.91781,40.89454],[-73.9179,40.89468],[-73.91764,40.89495],[-73.91694,40.89665],[-73.91671,40.89739],[-73.91672,40.8975],[-73.91667,40.89754],[-73.91519,40.90159],[-73.91524,40.90171],[-73.91543,40.90182],[-73.91502,40.90309],[-73.91459,40.90413],[-73.91429,40.9041],[-73.91419,40.90415],[-73.91287,40.90754],[-73.91293,40.90764],[-73.91308,40.90775],[-73.91311,40.90785],[-73.913,40.90793],[-73.91273,40.908],[-73.91265,40.90808],[-73.91234,40.90907],[-73.91236,40.90915],[-73.91227,40.90924],[-73.91158,40.91214],[-73.91151,40.91218],[-73.91149,40.91224],[-73.91154,40.91231],[-73.91143,40.91283],[-73.91155,40.91308],[-73.91166,40.91343],[-73.9115,40.91377],[-73.91124,40.914],[-73.9112,40.91408],[-73.91124,40.91415],[-73.91105,40.91444],[-73.91092,40.91456],[-73.91071,40.91467],[-73.91033,40.91554],[-73.91011,40.91541],[-73.90851,40.91501],[-73.90246,40.91297],[-73.90061,40.91262],[-73.89811,40.9118],[-73.89725,40.91166],[-73.89663,40.91143],[-73.89247,40.91018],[-73.88562,40.90819],[-73.88406,40.90771],[-73.88303,40.90734],[-73.87804,40.90594],[-73.87483,40.90495],[-73.87295,40.90445]]]]}}]}